This is LuaHBTeX, Version 1.24.0 (TeX Live 2026)  (format=lualatex 2026.7.20)  1 AUG 2026 21:50
 restricted system commands enabled.
**all-posts.tex
(./all-posts.tex
LaTeX2e <2026-06-01>
L3 programming layer <2026-06-18>
Lua module: luaotfload 2024-12-03 v3.29 Lua based OpenType font support
Lua module: lualibs 2023-07-13 v2.76 ConTeXt Lua standard libraries.
Lua module: lualibs-extended 2023-07-13 v2.76 ConTeXt Lua libraries -- extended 
collection.
luaotfload | conf : Root cache directory is "/Users/ac1965/Library/texlive/2026/
texmf-var/luatex-cache/generic/names".
luaotfload | init : Loading fontloader "fontloader-2023-12-28.lua" from kpse-res
olved path "/usr/local/texlive/2026/texmf-dist/tex/luatex/luaotfload/fontloader-
2023-12-28.lua".
Lua-only attribute luaotfload@noligature = 1
luaotfload | init : Context OpenType loader version 3.134
Inserting `luaotfload.node_processor' in `pre_linebreak_filter'.
Inserting `luaotfload.node_processor' in `hpack_filter'.
Inserting `luaotfload.glyph_stream' in `glyph_stream_provider'.
Inserting `luaotfload.define_font' in `define_font'.
Lua-only attribute luaotfload_color_attribute = 2
luaotfload | conf : Root cache directory is "/Users/ac1965/Library/texlive/2026/
texmf-var/luatex-cache/generic/names".
Inserting `luaotfload.harf.strip_prefix' in `find_opentype_file'.
Inserting `luaotfload.harf.strip_prefix' in `find_truetype_file'.
Removing  `luaotfload.glyph_stream' from `glyph_stream_provider'.
Inserting `luaotfload.harf.glyphstream' in `glyph_stream_provider'.
Inserting `luaotfload.harf.finalize_vlist' in `post_linebreak_filter'.
Inserting `luaotfload.harf.finalize_hlist' in `hpack_filter'.
Inserting `luaotfload.cleanup_files' in `wrapup_run'.
Inserting `luaotfload.harf.finalize_unicode' in `finish_pdffile'.
Inserting `luaotfload.glyphinfo' in `glyph_info'.
Lua-only attribute luaotfload.letterspace_done = 3
Inserting `luaotfload.aux.set_sscale_dimens' in `luaotfload.patch_font'.
Inserting `luaotfload.aux.set_font_index' in `luaotfload.patch_font'.
Inserting `luaotfload.aux.patch_cambria_domh' in `luaotfload.patch_font'.
Inserting `luaotfload.aux.fixup_fontdata' in `luaotfload.patch_font_unsafe'.
Inserting `luaotfload.aux.set_capheight' in `luaotfload.patch_font'.
Inserting `luaotfload.aux.set_xheight' in `luaotfload.patch_font'.
Inserting `luaotfload.rewrite_fontname' in `luaotfload.patch_font'.
Inserting `tracingstacklevels' in `input_level_string'. (/usr/local/texlive/202
6/texmf-dist/tex/latex/base/article.cls
Document Class: article 2025/01/22 v1.4n Standard LaTeX document class
(/usr/local/texlive/2026/texmf-dist/tex/latex/base/size11.clo
File: size11.clo 2025/01/22 v1.4n Standard LaTeX file (size option)
luaotfload | db : Font names database loaded from /Users/ac1965/Library/texlive/
2026/texmf-var/luatex-cache/generic/names/luaotfload-names.luc.gz)
\c@part=\count274
\c@section=\count275
\c@subsection=\count276
\c@subsubsection=\count277
\c@paragraph=\count278
\c@subparagraph=\count279
\c@figure=\count280
\c@table=\count281
\abovecaptionskip=\skip49
\belowcaptionskip=\skip50
\bibindent=\dimen149
)
(/usr/local/texlive/2026/texmf-dist/tex/latex/base/inputenc.sty
Package: inputenc 2024/02/08 v1.3d Input encoding file
\inpenc@prehook=\toks17
\inpenc@posthook=\toks18


Package inputenc Warning: inputenc package ignored with utf8 based engines.

) (/usr/local/texlive/2026/texmf-dist/tex/latex/base/fontenc.sty
Package: fontenc 2025/07/18 v2.1d Standard LaTeX package
LaTeX Font Info:    Trying to load font information for T1+lmr on input line 11
6.

(/usr/local/texlive/2026/texmf-dist/tex/latex/lm/t1lmr.fd
File: t1lmr.fd 2015/05/01 v1.6.1 Font defs for Latin Modern
))
(/usr/local/texlive/2026/texmf-dist/tex/latex/graphics/graphicx.sty
Package: graphicx 2026-05-17 v1.2e Enhanced LaTeX Graphics (DPC,SPQR)

(/usr/local/texlive/2026/texmf-dist/tex/latex/graphics/keyval.sty
Package: keyval 2026-05-17 v1.15 key=value parser (DPC)
\KV@toks@=\toks19
)
(/usr/local/texlive/2026/texmf-dist/tex/latex/graphics/graphics.sty
Package: graphics 2026-05-17 v1.4h Standard LaTeX Graphics (DPC,SPQR)

(/usr/local/texlive/2026/texmf-dist/tex/latex/graphics/trig.sty
Package: trig 2023/12/02 v1.11 sin cos tan (DPC)
)
(/usr/local/texlive/2026/texmf-dist/tex/latex/graphics-cfg/graphics.cfg
File: graphics.cfg 2016/06/04 v1.11 sample graphics configuration
)
Package graphics Info: Driver file: luatex.def on input line 106.

(/usr/local/texlive/2026/texmf-dist/tex/latex/graphics-def/luatex.def
File: luatex.def 2025/09/29 v1.2f Graphics/color driver for luatex
))
\Gin@req@height=\dimen150
\Gin@req@width=\dimen151
)
(/usr/local/texlive/2026/texmf-dist/tex/latex/tools/longtable.sty
Package: longtable 2026-01-28 v4.27 Multi-page Table package (DPC)
\LTleft=\skip51
\LTright=\skip52
\LTpre=\skip53
\LTpost=\skip54
\LTchunksize=\count282
\LTcapwidth=\dimen152
\LT@head=\box53
\LT@firsthead=\box54
\LT@foot=\box55
\LT@lastfoot=\box56
\LT@gbox=\box57
\LT@cols=\count283
\LT@rows=\count284
\c@LT@tables=\count285
\c@LT@chunks=\count286
\LT@p@ftn=\toks20
)
(/usr/local/texlive/2026/texmf-dist/tex/latex/wrapfig/wrapfig.sty
\wrapoverhang=\dimen153
\WF@size=\dimen154
\c@WF@wrappedlines=\count287
\WF@box=\box58
\WF@everypar=\toks21
Package: wrapfig 2003/01/31  v 3.6
)
(/usr/local/texlive/2026/texmf-dist/tex/latex/graphics/rotating.sty
Package: rotating 2026-05-17 v2.16e rotated objects in LaTeX

(/usr/local/texlive/2026/texmf-dist/tex/latex/base/ifthen.sty
Package: ifthen 2024/03/16 v1.1e Standard LaTeX ifthen package (DPC)
)
\c@r@tfl@t=\count288
\rotFPtop=\skip55
\rotFPbot=\skip56
\rot@float@box=\box59
\rot@mess@toks=\toks22
)
(/usr/local/texlive/2026/texmf-dist/tex/generic/ulem/ulem.sty
\UL@box=\box60
\UL@hyphenbox=\box61
\UL@skip=\skip57
\UL@hook=\toks23
\UL@height=\dimen155
\UL@pe=\count289
\UL@pixel=\dimen156
\ULC@box=\box62
Package: ulem 2019/11/18
\ULdepth=\dimen157
)
(/usr/local/texlive/2026/texmf-dist/tex/latex/amsmath/amsmath.sty
Package: amsmath 2026/05/19 v2.18d AMS math features
\@mathmargin=\skip58

For additional information on amsmath, use the `?' option.
(/usr/local/texlive/2026/texmf-dist/tex/latex/amsmath/amstext.sty
Package: amstext 2024/11/17 v2.01 AMS text

(/usr/local/texlive/2026/texmf-dist/tex/latex/amsmath/amsgen.sty
File: amsgen.sty 1999/11/30 v2.0 generic functions
\@emptytoks=\toks24
\ex@=\dimen158
))
(/usr/local/texlive/2026/texmf-dist/tex/latex/amsmath/amsbsy.sty
Package: amsbsy 1999/11/29 v1.2d Bold Symbols
\pmbraise@=\dimen159
)
(/usr/local/texlive/2026/texmf-dist/tex/latex/amsmath/amsopn.sty
Package: amsopn 2022/04/08 v2.04 operator names
)
\inf@bad=\count290
LaTeX Info: Redefining \frac on input line 235.
\uproot@=\count291
\leftroot@=\count292
LaTeX Info: Redefining \overline on input line 398.
LaTeX Info: Redefining \colon on input line 409.
\classnum@=\count293
\DOTSCASE@=\count294
LaTeX Info: Redefining \ldots on input line 495.
LaTeX Info: Redefining \dots on input line 498.
LaTeX Info: Redefining \cdots on input line 619.
\Mathstrutbox@=\box63
\strutbox@=\box64
LaTeX Info: Redefining \big on input line 721.
LaTeX Info: Redefining \Big on input line 722.
LaTeX Info: Redefining \bigg on input line 723.
LaTeX Info: Redefining \Bigg on input line 724.
\big@size=\dimen160
LaTeX Font Info:    Redeclaring font encoding OML on input line 742.
LaTeX Font Info:    Redeclaring font encoding OMS on input line 743.
\macc@depth=\count295
LaTeX Info: Redefining \bmod on input line 904.
LaTeX Info: Redefining \pmod on input line 909.
LaTeX Info: Redefining \smash on input line 939.
LaTeX Info: Redefining \relbar on input line 969.
LaTeX Info: Redefining \Relbar on input line 970.
\c@MaxMatrixCols=\count296
\dotsspace@=\muskip17
\c@parentequation=\count297
\dspbrk@lvl=\count298
\tag@help=\toks25
\row@=\count299
\column@=\count300
\maxfields@=\count301
\andhelp@=\toks26
\eqnshift@=\dimen161
\alignsep@=\dimen162
\tagshift@=\dimen163
\tagwidth@=\dimen164
\totwidth@=\dimen165
\lineht@=\dimen166
\@envbody=\toks27
\multlinegap=\skip59
\multlinetaggap=\skip60
\mathdisplay@stack=\toks28
LaTeX Info: Redefining \[ on input line 2965.
LaTeX Info: Redefining \] on input line 2966.
)
(/usr/local/texlive/2026/texmf-dist/tex/latex/amsfonts/amssymb.sty
Package: amssymb 2013/01/14 v3.01 AMS font symbols

(/usr/local/texlive/2026/texmf-dist/tex/latex/amsfonts/amsfonts.sty
Package: amsfonts 2013/01/14 v3.01 Basic AMSFonts support
\symAMSa=\mathgroup4
\symAMSb=\mathgroup5
LaTeX Font Info:    Redeclaring math symbol \hbar on input line 98.
LaTeX Font Info:    Overwriting math alphabet `\mathfrak' in version `bold'
(Font)                  U/euf/m/n --> U/euf/b/n on input line 106.
))
(/usr/local/texlive/2026/texmf-dist/tex/latex/capt-of/capt-of.sty
Package: capt-of 2009/12/29 v0.2 standard captions outside of floats
)
(/usr/local/texlive/2026/texmf-dist/tex/latex/hyperref/hyperref.sty
Package: hyperref 2026-06-17 v7.01r Hypertext links for LaTeX

(/usr/local/texlive/2026/texmf-dist/tex/generic/iftex/iftex.sty
Package: iftex 2024/12/12 v1.0g TeX engine tests
)
(/usr/local/texlive/2026/texmf-dist/tex/latex/kvsetkeys/kvsetkeys.sty
Package: kvsetkeys 2022-10-05 v1.19 Key value parser (HO)
)
(/usr/local/texlive/2026/texmf-dist/tex/generic/kvdefinekeys/kvdefinekeys.sty
Package: kvdefinekeys 2019-12-19 v1.6 Define keys (HO)
)
(/usr/local/texlive/2026/texmf-dist/tex/generic/pdfescape/pdfescape.sty
Package: pdfescape 2019/12/09 v1.15 Implements pdfTeX's escape features (HO)

(/usr/local/texlive/2026/texmf-dist/tex/generic/ltxcmds/ltxcmds.sty
Package: ltxcmds 2023-12-04 v1.26 LaTeX kernel commands for general use (HO)
)
(/usr/local/texlive/2026/texmf-dist/tex/generic/pdftexcmds/pdftexcmds.sty
Package: pdftexcmds 2020-06-27 v0.33 Utility functions of pdfTeX for LuaTeX (HO
)

(/usr/local/texlive/2026/texmf-dist/tex/generic/infwarerr/infwarerr.sty
Package: infwarerr 2019/12/03 v1.5 Providing info/warning/error messages (HO)
)
Package pdftexcmds Info: \pdf@primitive is available.
Package pdftexcmds Info: \pdf@ifprimitive is available.
Package pdftexcmds Info: \pdfdraftmode found.
\pdftexcmds@toks=\toks29
))
(/usr/local/texlive/2026/texmf-dist/tex/latex/hycolor/hycolor.sty
Package: hycolor 2020-01-27 v1.10 Color options for hyperref/bookmark (HO)
)
(/usr/local/texlive/2026/texmf-dist/tex/latex/hyperref/nameref.sty
Package: nameref 2026-01-29 v2.58 Cross-referencing by name of section

(/usr/local/texlive/2026/texmf-dist/tex/latex/refcount/refcount.sty
Package: refcount 2019/12/15 v3.6 Data extraction from label references (HO)
)
(/usr/local/texlive/2026/texmf-dist/tex/generic/gettitlestring/gettitlestring.s
ty
Package: gettitlestring 2019/12/15 v1.6 Cleanup title references (HO)
 (/usr/local/texlive/2026/texmf-dist/tex/latex/kvoptions/kvoptions.sty
Package: kvoptions 2022-06-15 v3.15 Key value format for package options (HO)
))
\c@section@level=\count302
)
(/usr/local/texlive/2026/texmf-dist/tex/latex/etoolbox/etoolbox.sty
Package: etoolbox 2025/10/02 v2.5m e-TeX tools for LaTeX (JAW)
\etb@tempcnta=\count303
)
(/usr/local/texlive/2026/texmf-dist/tex/generic/stringenc/stringenc.sty
Package: stringenc 2019/11/29 v1.12 Convert strings between diff. encodings (HO
)
)
\@linkdim=\dimen167
\Hy@linkcounter=\count304
\Hy@pagecounter=\count305

(/usr/local/texlive/2026/texmf-dist/tex/latex/hyperref/pd1enc.def
File: pd1enc.def 2026-06-17 v7.01r Hyperref: PDFDocEncoding definition (HO)
)
(/usr/local/texlive/2026/texmf-dist/tex/generic/intcalc/intcalc.sty
Package: intcalc 2019/12/15 v1.3 Expandable calculations with integers (HO)
)
\Hy@SavedSpaceFactor=\count306

(/usr/local/texlive/2026/texmf-dist/tex/latex/hyperref/puenc.def
File: puenc.def 2026-06-17 v7.01r Hyperref: PDF Unicode definition (HO)
)
Package hyperref Info: Hyper figures OFF on input line 4199.
Package hyperref Info: Link nesting OFF on input line 4204.
Package hyperref Info: Hyper index ON on input line 4207.
Package hyperref Info: Plain pages OFF on input line 4214.
Package hyperref Info: Backreferencing OFF on input line 4219.
Package hyperref Info: Implicit mode ON; LaTeX internals redefined.
Package hyperref Info: Bookmarks ON on input line 4466.
\c@Hy@tempcnt=\count307

(/usr/local/texlive/2026/texmf-dist/tex/latex/url/url.sty
\Urlmuskip=\muskip18
Package: url 2013/09/16  ver 3.4  Verb mode for urls, etc.
)
LaTeX Info: Redefining \url on input line 4805.
\XeTeXLinkMargin=\dimen168

(/usr/local/texlive/2026/texmf-dist/tex/generic/bitset/bitset.sty
Package: bitset 2019/12/09 v1.3 Handle bit-vector datatype (HO)

(/usr/local/texlive/2026/texmf-dist/tex/generic/bigintcalc/bigintcalc.sty
Package: bigintcalc 2019/12/15 v1.5 Expandable calculations on big integers (HO
)
))
\Fld@menulength=\count308
\Field@Width=\dimen169
\Fld@charsize=\dimen170
Package hyperref Info: Hyper figures OFF on input line 6091.
Package hyperref Info: Link nesting OFF on input line 6096.
Package hyperref Info: Hyper index ON on input line 6099.
Package hyperref Info: backreferencing OFF on input line 6106.
Package hyperref Info: Link coloring OFF on input line 6111.
Package hyperref Info: Link coloring with OCG OFF on input line 6116.
Package hyperref Info: PDF/A mode OFF on input line 6121.
\Hy@abspage=\count309
\c@Item=\count310
\c@Hfootnote=\count311
)
Package hyperref Info: Driver (autodetected): hluatex.

(/usr/local/texlive/2026/texmf-dist/tex/latex/hyperref/hluatex.def
File: hluatex.def 2026-06-17 v7.01r Hyperref driver for luaTeX
\Fld@listcount=\count312
\c@bookmark@seq@number=\count313

(/usr/local/texlive/2026/texmf-dist/tex/latex/rerunfilecheck/rerunfilecheck.sty
Package: rerunfilecheck 2025-06-21 v1.11 Rerun checks for auxiliary files (HO)

(/usr/local/texlive/2026/texmf-dist/tex/generic/uniquecounter/uniquecounter.sty
Package: uniquecounter 2019/12/15 v1.4 Provide unlimited unique counter (HO)
)
Package uniquecounter Info: New unique counter `rerunfilecheck' on input line 2
84.
)
\Hy@SectionHShift=\skip61
)
(/usr/local/texlive/2026/texmf-dist/tex/latex/l3backend/l3backend-luatex.def
File: l3backend-luatex.def 2026-02-18 L3 backend support: PDF output (LuaTeX)
\l__color_backend_stack_int=\count314
Inserting `l3color' in `luaotfload.parse_color'.)
(./all-posts.aux)
\openout1 = all-posts.aux

LaTeX Font Info:    Checking defaults for OML/cmm/m/it on input line 26.
LaTeX Font Info:    ... okay on input line 26.
LaTeX Font Info:    Checking defaults for OMS/cmsy/m/n on input line 26.
LaTeX Font Info:    ... okay on input line 26.
LaTeX Font Info:    Checking defaults for OT1/cmr/m/n on input line 26.
LaTeX Font Info:    ... okay on input line 26.
LaTeX Font Info:    Checking defaults for T1/cmr/m/n on input line 26.
LaTeX Font Info:    ... okay on input line 26.
LaTeX Font Info:    Checking defaults for TS1/cmr/m/n on input line 26.
LaTeX Font Info:    ... okay on input line 26.
LaTeX Font Info:    Checking defaults for TU/lmr/m/n on input line 26.
LaTeX Font Info:    ... okay on input line 26.
LaTeX Font Info:    Checking defaults for OMX/cmex/m/n on input line 26.
LaTeX Font Info:    ... okay on input line 26.
LaTeX Font Info:    Checking defaults for U/cmr/m/n on input line 26.
LaTeX Font Info:    ... okay on input line 26.
LaTeX Font Info:    Checking defaults for PD1/pdf/m/n on input line 26.
LaTeX Font Info:    ... okay on input line 26.
LaTeX Font Info:    Checking defaults for PU/pdf/m/n on input line 26.
LaTeX Font Info:    ... okay on input line 26.

(/usr/local/texlive/2026/texmf-dist/tex/context/base/mkii/supp-pdf.mkii
[Loading MPS to PDF converter (version 2006.09.02).]
\scratchcounter=\count315
\scratchdimen=\dimen171
\scratchbox=\box65
\nofMPsegments=\count316
\nofMParguments=\count317
\everyMPshowfont=\toks30
\MPscratchCnt=\count318
\MPscratchDim=\dimen172
\MPnumerator=\count319
\makeMPintoPDFobject=\count320
\everyMPtoPDFconversion=\toks31
) (/usr/local/texlive/2026/texmf-dist/tex/latex/epstopdf-pkg/epstopdf-base.sty
Package: epstopdf-base 2020-01-24 v2.11 Base part for package epstopdf
Package epstopdf-base Info: Redefining graphics rule for `.eps' on input line 4
85.

(/usr/local/texlive/2026/texmf-dist/tex/latex/latexconfig/epstopdf-sys.cfg
File: epstopdf-sys.cfg 2010/07/13 v1.3 Configuration of (r)epstopdf for TeX Liv
e
))
Package hyperref Info: Link coloring OFF on input line 26.
\@outlinefile=\write3

\openout3 = all-posts.out

No file all-posts.toc.
\tf@toc=\write4

\openout4 = all-posts.toc
Missing character: There is no で (U+3067) in font ec-lmr10!
Missing character: There is no 投 (U+6295) in font ec-lmr10!
Missing character: There is no 稿 (U+7A3F) in font ec-lmr10!
Missing character: There is no で (U+3067) in font ec-lmr10!
Missing character: There is no か (U+304B) in font ec-lmr10!
Missing character: There is no ら (U+3089) in font ec-lmr10!
Missing character: There is no で (U+3067) in font ec-lmr10!
Missing character: There is no か (U+304B) in font ec-lmr10!
Missing character: There is no ら (U+3089) in font ec-lmr10!
Missing character: There is no 変 (U+5909) in font ec-lmr10!
Missing character: There is no 換 (U+63DB) in font ec-lmr10!
Missing character: There is no で (U+3067) in font ec-lmr10!
Missing character: There is no 投 (U+6295) in font ec-lmr10!
Missing character: There is no 稿 (U+7A3F) in font ec-lmr10!
Missing character: There is no で (U+3067) in font ec-lmr10!
Missing character: There is no か (U+304B) in font ec-lmr10!
Missing character: There is no ら (U+3089) in font ec-lmr10!
Missing character: There is no で (U+3067) in font ec-lmr10!
Missing character: There is no か (U+304B) in font ec-lmr10!
Missing character: There is no ら (U+3089) in font ec-lmr10!
Missing character: There is no 変 (U+5909) in font ec-lmr10!
Missing character: There is no 換 (U+63DB) in font ec-lmr10!
Missing character: There is no で (U+3067) in font ec-lmr10!
Missing character: There is no 投 (U+6295) in font ec-lmr10!
Missing character: There is no 稿 (U+7A3F) in font ec-lmr10!
Missing character: There is no で (U+3067) in font ec-lmr10!
Missing character: There is no か (U+304B) in font ec-lmr10!
Missing character: There is no ら (U+3089) in font ec-lmr10!
Missing character: There is no で (U+3067) in font ec-lmr10!
Missing character: There is no か (U+304B) in font ec-lmr10!
Missing character: There is no ら (U+3089) in font ec-lmr10!
Missing character: There is no 変 (U+5909) in font ec-lmr10!
Missing character: There is no 換 (U+63DB) in font ec-lmr10!
Missing character: There is no 以 (U+4EE5) in font ec-lmr10!
Missing character: There is no 下 (U+4E0B) in font ec-lmr10!
Missing character: There is no の (U+306E) in font ec-lmr10!
Missing character: There is no 「 (U+300C) in font ec-lmr10!
Missing character: There is no ネ (U+30CD) in font ec-lmr10!
Missing character: There is no タ (U+30BF) in font ec-lmr10!
Missing character: There is no 」 (U+300D) in font ec-lmr10!
Missing character: There is no を (U+3092) in font ec-lmr10!
Missing character: There is no 、 (U+3001) in font ec-lmr10!
Missing character: There is no （ (U+FF08) in font ec-lmr10!
Missing character: There is no テ (U+30C6) in font ec-lmr10!
Missing character: There is no ー (U+30FC) in font ec-lmr10!
Missing character: There is no マ (U+30DE) in font ec-lmr10!
Missing character: There is no ） (U+FF09) in font ec-lmr10!
Missing character: There is no の (U+306E) in font ec-lmr10!
Missing character: There is no に (U+306B) in font ec-lmr10!
Missing character: There is no そ (U+305D) in font ec-lmr10!
Missing character: There is no の (U+306E) in font ec-lmr10!
Missing character: There is no ま (U+307E) in font ec-lmr10!
Missing character: There is no ま (U+307E) in font ec-lmr10!
Missing character: There is no ペ (U+30DA) in font ec-lmr10!
Missing character: There is no ー (U+30FC) in font ec-lmr10!
Missing character: There is no ス (U+30B9) in font ec-lmr10!
Missing character: There is no ト (U+30C8) in font ec-lmr10!
Missing character: There is no で (U+3067) in font ec-lmr10!
Missing character: There is no き (U+304D) in font ec-lmr10!
Missing character: There is no る (U+308B) in font ec-lmr10!
Missing character: There is no 、 (U+3001) in font ec-lmr10!
Missing character: There is no ト (U+30C8) in font ec-lmr10!
Missing character: There is no ッ (U+30C3) in font ec-lmr10!
Missing character: There is no プ (U+30D7) in font ec-lmr10!
Missing character: There is no レ (U+30EC) in font ec-lmr10!
Missing character: There is no ベ (U+30D9) in font ec-lmr10!
Missing character: There is no ル (U+30EB) in font ec-lmr10!
Missing character: There is no 記 (U+8A18) in font ec-lmr10!
Missing character: There is no 事 (U+4E8B) in font ec-lmr10!
Missing character: There is no エ (U+30A8) in font ec-lmr10!
Missing character: There is no ン (U+30F3) in font ec-lmr10!
Missing character: There is no ト (U+30C8) in font ec-lmr10!
Missing character: There is no リ (U+30EA) in font ec-lmr10!
Missing character: There is no の (U+306E) in font ec-lmr10!
Missing character: There is no サ (U+30B5) in font ec-lmr10!
Missing character: There is no ブ (U+30D6) in font ec-lmr10!
Missing character: There is no ツ (U+30C4) in font ec-lmr10!
Missing character: There is no リ (U+30EA) in font ec-lmr10!
Missing character: There is no ー (U+30FC) in font ec-lmr10!
Missing character: There is no に (U+306B) in font ec-lmr10!
Missing character: There is no 変 (U+5909) in font ec-lmr10!
Missing character: There is no 換 (U+63DB) in font ec-lmr10!
Missing character: There is no し (U+3057) in font ec-lmr10!
Missing character: There is no て (U+3066) in font ec-lmr10!
Missing character: There is no く (U+304F) in font ec-lmr10!
Missing character: There is no だ (U+3060) in font ec-lmr10!
Missing character: There is no さ (U+3055) in font ec-lmr10!
Missing character: There is no い (U+3044) in font ec-lmr10!
Missing character: There is no 。 (U+3002) in font ec-lmr10!
Missing character: There is no 以 (U+4EE5) in font ec-lmr10!
Missing character: There is no 下 (U+4E0B) in font ec-lmr10!
Missing character: There is no の (U+306E) in font ec-lmr10!
Missing character: There is no 「 (U+300C) in font ec-lmr10!
Missing character: There is no ネ (U+30CD) in font ec-lmr10!
Missing character: There is no タ (U+30BF) in font ec-lmr10!
Missing character: There is no 」 (U+300D) in font ec-lmr10!
Missing character: There is no を (U+3092) in font ec-lmr10!
Missing character: There is no 、 (U+3001) in font ec-lmr10!
Missing character: There is no （ (U+FF08) in font ec-lmr10!
Missing character: There is no テ (U+30C6) in font ec-lmr10!
Missing character: There is no ー (U+30FC) in font ec-lmr10!
Missing character: There is no マ (U+30DE) in font ec-lmr10!
Missing character: There is no ） (U+FF09) in font ec-lmr10!
Missing character: There is no の (U+306E) in font ec-lmr10!
Missing character: There is no に (U+306B) in font ec-lmr10!
Missing character: There is no そ (U+305D) in font ec-lmr10!
Missing character: There is no の (U+306E) in font ec-lmr10!
Missing character: There is no ま (U+307E) in font ec-lmr10!
Missing character: There is no ま (U+307E) in font ec-lmr10!
Missing character: There is no ペ (U+30DA) in font ec-lmr10!
Missing character: There is no ー (U+30FC) in font ec-lmr10!
Missing character: There is no ス (U+30B9) in font ec-lmr10!
Missing character: There is no ト (U+30C8) in font ec-lmr10!
Missing character: There is no で (U+3067) in font ec-lmr10!
Missing character: There is no き (U+304D) in font ec-lmr10!
Missing character: There is no る (U+308B) in font ec-lmr10!
Missing character: There is no 、 (U+3001) in font ec-lmr10!
Missing character: There is no ト (U+30C8) in font ec-lmr10!
Missing character: There is no ッ (U+30C3) in font ec-lmr10!
Missing character: There is no プ (U+30D7) in font ec-lmr10!
Missing character: There is no レ (U+30EC) in font ec-lmr10!
Missing character: There is no ベ (U+30D9) in font ec-lmr10!
Missing character: There is no ル (U+30EB) in font ec-lmr10!
Missing character: There is no 記 (U+8A18) in font ec-lmr10!
Missing character: There is no 事 (U+4E8B) in font ec-lmr10!
Missing character: There is no エ (U+30A8) in font ec-lmr10!
Missing character: There is no ン (U+30F3) in font ec-lmr10!
Missing character: There is no ト (U+30C8) in font ec-lmr10!
Missing character: There is no リ (U+30EA) in font ec-lmr10!
Missing character: There is no の (U+306E) in font ec-lmr10!
Missing character: There is no サ (U+30B5) in font ec-lmr10!
Missing character: There is no ブ (U+30D6) in font ec-lmr10!
Missing character: There is no ツ (U+30C4) in font ec-lmr10!
Missing character: There is no リ (U+30EA) in font ec-lmr10!
Missing character: There is no ー (U+30FC) in font ec-lmr10!
Missing character: There is no に (U+306B) in font ec-lmr10!
Missing character: There is no 変 (U+5909) in font ec-lmr10!
Missing character: There is no 換 (U+63DB) in font ec-lmr10!
Missing character: There is no し (U+3057) in font ec-lmr10!
Missing character: There is no て (U+3066) in font ec-lmr10!
Missing character: There is no く (U+304F) in font ec-lmr10!
Missing character: There is no だ (U+3060) in font ec-lmr10!
Missing character: There is no さ (U+3055) in font ec-lmr10!
Missing character: There is no い (U+3044) in font ec-lmr10!
Missing character: There is no 。 (U+3002) in font ec-lmr10!
Missing character: There is no の (U+306E) in font ec-lmr10!
Missing character: There is no 直 (U+76F4) in font ec-lmr10!
Missing character: There is no 下 (U+4E0B) in font ec-lmr10!
Missing character: There is no に (U+306B) in font ec-lmr10!
Missing character: There is no ぶ (U+3076) in font ec-lmr10!
Missing character: There is no ら (U+3089) in font ec-lmr10!
Missing character: There is no 下 (U+4E0B) in font ec-lmr10!
Missing character: There is no が (U+304C) in font ec-lmr10!
Missing character: There is no る (U+308B) in font ec-lmr10!
Missing character: There is no 形 (U+5F62) in font ec-lmr10!
Missing character: There is no 式 (U+5F0F) in font ec-lmr10!
Missing character: There is no な (U+306A) in font ec-lmr10!
Missing character: There is no の (U+306E) in font ec-lmr10!
Missing character: There is no で (U+3067) in font ec-lmr10!
Missing character: There is no 、 (U+3001) in font ec-lmr10!
Missing character: There is no 見 (U+898B) in font ec-lmr10!
Missing character: There is no 出 (U+51FA) in font ec-lmr10!
Missing character: There is no し (U+3057) in font ec-lmr10!
Missing character: There is no レ (U+30EC) in font ec-lmr10!
Missing character: There is no ベ (U+30D9) in font ec-lmr10!
Missing character: There is no ル (U+30EB) in font ec-lmr10!
Missing character: There is no は (U+306F) in font ec-lmr10!
Missing character: There is no （ (U+FF08) in font ec-lmr10!
Missing character: There is no レ (U+30EC) in font ec-lmr10!
Missing character: There is no ベ (U+30D9) in font ec-lmr10!
Missing character: There is no ル (U+30EB) in font ec-lmr10!
Missing character: There is no ） (U+FF09) in font ec-lmr10!
Missing character: There is no の (U+306E) in font ec-lmr10!
Missing character: There is no 直 (U+76F4) in font ec-lmr10!
Missing character: There is no 下 (U+4E0B) in font ec-lmr10!
Missing character: There is no に (U+306B) in font ec-lmr10!
Missing character: There is no ぶ (U+3076) in font ec-lmr10!
Missing character: There is no ら (U+3089) in font ec-lmr10!
Missing character: There is no 下 (U+4E0B) in font ec-lmr10!
Missing character: There is no が (U+304C) in font ec-lmr10!
Missing character: There is no る (U+308B) in font ec-lmr10!
Missing character: There is no 形 (U+5F62) in font ec-lmr10!
Missing character: There is no 式 (U+5F0F) in font ec-lmr10!
Missing character: There is no な (U+306A) in font ec-lmr10!
Missing character: There is no の (U+306E) in font ec-lmr10!
Missing character: There is no で (U+3067) in font ec-lmr10!
Missing character: There is no 、 (U+3001) in font ec-lmr10!
Missing character: There is no 見 (U+898B) in font ec-lmr10!
Missing character: There is no 出 (U+51FA) in font ec-lmr10!
Missing character: There is no し (U+3057) in font ec-lmr10!
Missing character: There is no レ (U+30EC) in font ec-lmr10!
Missing character: There is no ベ (U+30D9) in font ec-lmr10!
Missing character: There is no ル (U+30EB) in font ec-lmr10!
Missing character: There is no は (U+306F) in font ec-lmr10!
Missing character: There is no （ (U+FF08) in font ec-lmr10!
Missing character: There is no レ (U+30EC) in font ec-lmr10!
Missing character: There is no ベ (U+30D9) in font ec-lmr10!
Missing character: There is no ル (U+30EB) in font ec-lmr10!
Missing character: There is no ） (U+FF09) in font ec-lmr10!
Missing character: There is no 見 (U+898B) in font ec-lmr10!
Missing character: There is no 出 (U+51FA) in font ec-lmr10!
Missing character: There is no し (U+3057) in font ec-lmr10!
Missing character: There is no 直 (U+76F4) in font ec-lmr10!
Missing character: There is no 後 (U+5F8C) in font ec-lmr10!
Missing character: There is no に (U+306B) in font ec-lmr10!
Missing character: There is no 以 (U+4EE5) in font ec-lmr10!
Missing character: There is no 下 (U+4E0B) in font ec-lmr10!
Missing character: There is no の (U+306E) in font ec-lmr10!
Missing character: There is no ド (U+30C9) in font ec-lmr10!
Missing character: There is no ロ (U+30ED) in font ec-lmr10!
Missing character: There is no ワ (U+30EF) in font ec-lmr10!
Missing character: There is no ー (U+30FC) in font ec-lmr10!
Missing character: There is no を (U+3092) in font ec-lmr10!
Missing character: There is no 付 (U+4ED8) in font ec-lmr10!
Missing character: There is no 与 (U+4E0E) in font ec-lmr10!
Missing character: There is no す (U+3059) in font ec-lmr10!
Missing character: There is no る (U+308B) in font ec-lmr10!
Missing character: There is no （ (U+FF08) in font ec-lmr10!
Missing character: There is no こ (U+3053) in font ec-lmr10!
Missing character: There is no の (U+306E) in font ec-lmr10!
Missing character: There is no フ (U+30D5) in font ec-lmr10!
Missing character: There is no ァ (U+30A1) in font ec-lmr10!
Missing character: There is no イ (U+30A4) in font ec-lmr10!
Missing character: There is no ル (U+30EB) in font ec-lmr10!
Missing character: There is no の (U+306E) in font ec-lmr10!
Missing character: There is no 既 (U+65E2) in font ec-lmr10!
Missing character: There is no 存 (U+5B58) in font ec-lmr10!
Missing character: There is no 記 (U+8A18) in font ec-lmr10!
Missing character: There is no 事 (U+4E8B) in font ec-lmr10!
Missing character: There is no と (U+3068) in font ec-lmr10!
Missing character: There is no 同 (U+540C) in font ec-lmr10!
Missing character: There is no じ (U+3058) in font ec-lmr10!
Missing character: There is no 項 (U+9805) in font ec-lmr10!
Missing character: There is no 目 (U+76EE) in font ec-lmr10!
Missing character: There is no ・ (U+30FB) in font ec-lmr10!
Missing character: There is no 同 (U+540C) in font ec-lmr10!
Missing character: There is no じ (U+3058) in font ec-lmr10!
Missing character: There is no 順 (U+9806) in font ec-lmr10!
Missing character: There is no 序 (U+5E8F) in font ec-lmr10!
Missing character: There is no ） (U+FF09) in font ec-lmr10!
Missing character: There is no 見 (U+898B) in font ec-lmr10!
Missing character: There is no 出 (U+51FA) in font ec-lmr10!
Missing character: There is no し (U+3057) in font ec-lmr10!
Missing character: There is no 直 (U+76F4) in font ec-lmr10!
Missing character: There is no 後 (U+5F8C) in font ec-lmr10!
Missing character: There is no に (U+306B) in font ec-lmr10!
Missing character: There is no 以 (U+4EE5) in font ec-lmr10!
Missing character: There is no 下 (U+4E0B) in font ec-lmr10!
Missing character: There is no の (U+306E) in font ec-lmr10!
Missing character: There is no ド (U+30C9) in font ec-lmr10!
Missing character: There is no ロ (U+30ED) in font ec-lmr10!
Missing character: There is no ワ (U+30EF) in font ec-lmr10!
Missing character: There is no ー (U+30FC) in font ec-lmr10!
Missing character: There is no を (U+3092) in font ec-lmr10!
Missing character: There is no 付 (U+4ED8) in font ec-lmr10!
Missing character: There is no 与 (U+4E0E) in font ec-lmr10!
Missing character: There is no す (U+3059) in font ec-lmr10!
Missing character: There is no る (U+308B) in font ec-lmr10!
Missing character: There is no （ (U+FF08) in font ec-lmr10!
Missing character: There is no こ (U+3053) in font ec-lmr10!
Missing character: There is no の (U+306E) in font ec-lmr10!
Missing character: There is no フ (U+30D5) in font ec-lmr10!
Missing character: There is no ァ (U+30A1) in font ec-lmr10!
Missing character: There is no イ (U+30A4) in font ec-lmr10!
Missing character: There is no ル (U+30EB) in font ec-lmr10!
Missing character: There is no の (U+306E) in font ec-lmr10!
Missing character: There is no 既 (U+65E2) in font ec-lmr10!
Missing character: There is no 存 (U+5B58) in font ec-lmr10!
Missing character: There is no 記 (U+8A18) in font ec-lmr10!
Missing character: There is no 事 (U+4E8B) in font ec-lmr10!
Missing character: There is no と (U+3068) in font ec-lmr10!
Missing character: There is no 同 (U+540C) in font ec-lmr10!
Missing character: There is no じ (U+3058) in font ec-lmr10!
Missing character: There is no 項 (U+9805) in font ec-lmr10!
Missing character: There is no 目 (U+76EE) in font ec-lmr10!
Missing character: There is no ・ (U+30FB) in font ec-lmr10!
Missing character: There is no 同 (U+540C) in font ec-lmr10!
Missing character: There is no じ (U+3058) in font ec-lmr10!
Missing character: There is no 順 (U+9806) in font ec-lmr10!
Missing character: There is no 序 (U+5E8F) in font ec-lmr10!
Missing character: There is no ） (U+FF09) in font ec-lmr10!
Missing character: There is no タ (U+30BF) in font ec-lmr10!
Missing character: There is no グ (U+30B0) in font ec-lmr10!
Missing character: There is no を (U+3092) in font ec-lmr10!
Missing character: There is no ス (U+30B9) in font ec-lmr10!
Missing character: There is no ペ (U+30DA) in font ec-lmr10!
Missing character: There is no ー (U+30FC) in font ec-lmr10!
Missing character: There is no ス (U+30B9) in font ec-lmr10!
Missing character: There is no 区 (U+533A) in font ec-lmr10!
Missing character: There is no 切 (U+5207) in font ec-lmr10!
Missing character: There is no り (U+308A) in font ec-lmr10!
Missing character: There is no カ (U+30AB) in font ec-lmr10!
Missing character: There is no テ (U+30C6) in font ec-lmr10!
Missing character: There is no ゴ (U+30B4) in font ec-lmr10!
Missing character: There is no リ (U+30EA) in font ec-lmr10!
Missing character: There is no ※ (U+203B) in font ec-lmr10!
Missing character: There is no 化 (U+5316) in font ec-lmr10!
Missing character: There is no 済 (U+6E08) in font ec-lmr10!
Missing character: There is no み (U+307F) in font ec-lmr10!
Missing character: There is no （ (U+FF08) in font ec-lmr10!
Missing character: There is no 〜 (U+301C) in font ec-lmr10!
Missing character: There is no ） (U+FF09) in font ec-lmr10!
Missing character: There is no の (U+306E) in font ec-lmr10!
Missing character: There is no た (U+305F) in font ec-lmr10!
Missing character: There is no め (U+3081) in font ec-lmr10!
Missing character: There is no 、 (U+3001) in font ec-lmr10!
Missing character: There is no は (U+306F) in font ec-lmr10!
Missing character: There is no 常 (U+5E38) in font ec-lmr10!
Missing character: There is no に (U+306B) in font ec-lmr10!
Missing character: There is no 固 (U+56FA) in font ec-lmr10!
Missing character: There is no 定 (U+5B9A) in font ec-lmr10!
Missing character: There is no 。 (U+3002) in font ec-lmr10!
Missing character: There is no 記 (U+8A18) in font ec-lmr10!
Missing character: There is no 事 (U+4E8B) in font ec-lmr10!
Missing character: There is no 固 (U+56FA) in font ec-lmr10!
Missing character: There is no 有 (U+6709) in font ec-lmr10!
Missing character: There is no の (U+306E) in font ec-lmr10!
Missing character: There is no ス (U+30B9) in font ec-lmr10!
Missing character: There is no ラ (U+30E9) in font ec-lmr10!
Missing character: There is no ッ (U+30C3) in font ec-lmr10!
Missing character: There is no グ (U+30B0) in font ec-lmr10!
Missing character: There is no は (U+306F) in font ec-lmr10!
Missing character: There is no 側 (U+5074) in font ec-lmr10!
Missing character: There is no に (U+306B) in font ec-lmr10!
Missing character: There is no 入 (U+5165) in font ec-lmr10!
Missing character: There is no れ (U+308C) in font ec-lmr10!
Missing character: There is no る (U+308B) in font ec-lmr10!
Missing character: There is no こ (U+3053) in font ec-lmr10!
Missing character: There is no と (U+3068) in font ec-lmr10!
Missing character: There is no （ (U+FF08) in font ec-lmr10!
Missing character: There is no は (U+306F) in font ec-lmr10!
Missing character: There is no 等 (U+7B49) in font ec-lmr10!
Missing character: There is no で (U+3067) in font ec-lmr10!
Missing character: There is no 生 (U+751F) in font ec-lmr10!
Missing character: There is no 成 (U+6210) in font ec-lmr10!
Missing character: There is no し (U+3057) in font ec-lmr10!
Missing character: There is no た (U+305F) in font ec-lmr10!
Missing character: There is no 既 (U+65E2) in font ec-lmr10!
Missing character: There is no 存 (U+5B58) in font ec-lmr10!
Missing character: There is no 記 (U+8A18) in font ec-lmr10!
Missing character: There is no 事 (U+4E8B) in font ec-lmr10!
Missing character: There is no と (U+3068) in font ec-lmr10!
Missing character: There is no 同 (U+540C) in font ec-lmr10!
Missing character: There is no じ (U+3058) in font ec-lmr10!
Missing character: There is no 形 (U+5F62) in font ec-lmr10!
Missing character: There is no 式 (U+5F0F) in font ec-lmr10!
Missing character: There is no の (U+306E) in font ec-lmr10!
Missing character: There is no 短 (U+77ED) in font ec-lmr10!
Missing character: There is no 縮 (U+7E2E) in font ec-lmr10!
Missing character: There is no ハ (U+30CF) in font ec-lmr10!
Missing character: There is no ッ (U+30C3) in font ec-lmr10!
Missing character: There is no シ (U+30B7) in font ec-lmr10!
Missing character: There is no ュ (U+30E5) in font ec-lmr10!
Missing character: There is no を (U+3092) in font ec-lmr10!
Missing character: There is no 想 (U+60F3) in font ec-lmr10!
Missing character: There is no 定 (U+5B9A) in font ec-lmr10!
Missing character: There is no ） (U+FF09) in font ec-lmr10!
Missing character: There is no 。 (U+3002) in font ec-lmr10!
Missing character: There is no ※ (U+203B) in font ec-lmr10!
Missing character: There is no は (U+306F) in font ec-lmr10!
Missing character: There is no 空 (U+7A7A) in font ec-lmr10!
Missing character: There is no 欄 (U+6B04) in font ec-lmr10!
Missing character: There is no の (U+306E) in font ec-lmr10!
Missing character: There is no ま (U+307E) in font ec-lmr10!
Missing character: There is no ま (U+307E) in font ec-lmr10!
Missing character: There is no で (U+3067) in font ec-lmr10!
Missing character: There is no よ (U+3088) in font ec-lmr10!
Missing character: There is no い (U+3044) in font ec-lmr10!
Missing character: There is no （ (U+FF08) in font ec-lmr10!
Missing character: There is no の (U+306E) in font ec-lmr10!
Missing character: There is no た (U+305F) in font ec-lmr10!
Missing character: There is no め (U+3081) in font ec-lmr10!
Missing character: There is no 自 (U+81EA) in font ec-lmr10!
Missing character: There is no 動 (U+52D5) in font ec-lmr10!
Missing character: There is no 設 (U+8A2D) in font ec-lmr10!
Missing character: There is no 定 (U+5B9A) in font ec-lmr10!
Missing character: There is no さ (U+3055) in font ec-lmr10!
Missing character: There is no れ (U+308C) in font ec-lmr10!
Missing character: There is no る (U+308B) in font ec-lmr10!
Missing character: There is no ） (U+FF09) in font ec-lmr10!
Missing character: There is no 見 (U+898B) in font ec-lmr10!
Missing character: There is no 出 (U+51FA) in font ec-lmr10!
Missing character: There is no し (U+3057) in font ec-lmr10!
Missing character: There is no 直 (U+76F4) in font ec-lmr10!
Missing character: There is no 後 (U+5F8C) in font ec-lmr10!
Missing character: There is no に (U+306B) in font ec-lmr10!
Missing character: There is no 以 (U+4EE5) in font ec-lmr10!
Missing character: There is no 下 (U+4E0B) in font ec-lmr10!
Missing character: There is no の (U+306E) in font ec-lmr10!
Missing character: There is no ド (U+30C9) in font ec-lmr10!
Missing character: There is no ロ (U+30ED) in font ec-lmr10!
Missing character: There is no ワ (U+30EF) in font ec-lmr10!
Missing character: There is no ー (U+30FC) in font ec-lmr10!
Missing character: There is no を (U+3092) in font ec-lmr10!
Missing character: There is no 付 (U+4ED8) in font ec-lmr10!
Missing character: There is no 与 (U+4E0E) in font ec-lmr10!
Missing character: There is no す (U+3059) in font ec-lmr10!
Missing character: There is no る (U+308B) in font ec-lmr10!
Missing character: There is no （ (U+FF08) in font ec-lmr10!
Missing character: There is no こ (U+3053) in font ec-lmr10!
Missing character: There is no の (U+306E) in font ec-lmr10!
Missing character: There is no フ (U+30D5) in font ec-lmr10!
Missing character: There is no ァ (U+30A1) in font ec-lmr10!
Missing character: There is no イ (U+30A4) in font ec-lmr10!
Missing character: There is no ル (U+30EB) in font ec-lmr10!
Missing character: There is no の (U+306E) in font ec-lmr10!
Missing character: There is no 既 (U+65E2) in font ec-lmr10!
Missing character: There is no 存 (U+5B58) in font ec-lmr10!
Missing character: There is no 記 (U+8A18) in font ec-lmr10!
Missing character: There is no 事 (U+4E8B) in font ec-lmr10!
Missing character: There is no と (U+3068) in font ec-lmr10!
Missing character: There is no 同 (U+540C) in font ec-lmr10!
Missing character: There is no じ (U+3058) in font ec-lmr10!
Missing character: There is no 項 (U+9805) in font ec-lmr10!
Missing character: There is no 目 (U+76EE) in font ec-lmr10!
Missing character: There is no ・ (U+30FB) in font ec-lmr10!
Missing character: There is no 同 (U+540C) in font ec-lmr10!
Missing character: There is no じ (U+3058) in font ec-lmr10!
Missing character: There is no 順 (U+9806) in font ec-lmr10!
Missing character: There is no 序 (U+5E8F) in font ec-lmr10!
Missing character: There is no ） (U+FF09) in font ec-lmr10!

Overfull \hbox (10.0629pt too wide) in paragraph at lines 44--55
[]\T1/lmr/m/n/10.95 見出し直後に以下のPROP-ER-TIESドロワーを付
与する（このファイルの既存記事と同じ項目・同じ順序）: :EX-PORT_HUGO_BUN-DLE: <slug> :EX-
 []

Missing character: There is no タ (U+30BF) in font ec-lmr10!
Missing character: There is no グ (U+30B0) in font ec-lmr10!
Missing character: There is no を (U+3092) in font ec-lmr10!
Missing character: There is no ス (U+30B9) in font ec-lmr10!
Missing character: There is no ペ (U+30DA) in font ec-lmr10!
Missing character: There is no ー (U+30FC) in font ec-lmr10!
Missing character: There is no ス (U+30B9) in font ec-lmr10!
Missing character: There is no 区 (U+533A) in font ec-lmr10!
Missing character: There is no 切 (U+5207) in font ec-lmr10!
Missing character: There is no り (U+308A) in font ec-lmr10!

Overfull \hbox (3.99591pt too wide) in paragraph at lines 44--55
\T1/lmr/m/n/10.95 MM-DD HH:MM:SS> :EX-PORT_HUGO_TAGS: <タグをスペース
区切り> :EX-
 []

Missing character: There is no カ (U+30AB) in font ec-lmr10!
Missing character: There is no テ (U+30C6) in font ec-lmr10!
Missing character: There is no ゴ (U+30B4) in font ec-lmr10!
Missing character: There is no リ (U+30EA) in font ec-lmr10!

Overfull \hbox (30.38092pt too wide) in paragraph at lines 44--55
\T1/lmr/m/n/10.95 PORT_HUGO_CAT-E-GORIES: <カテゴリ> :EX-PORT_HUGO_LAST-
 []

Missing character: There is no ※ (U+203B) in font ec-lmr10!
Missing character: There is no 化 (U+5316) in font ec-lmr10!
Missing character: There is no 済 (U+6E08) in font ec-lmr10!
Missing character: There is no み (U+307F) in font ec-lmr10!
Missing character: There is no （ (U+FF08) in font ec-lmr10!
Missing character: There is no 〜 (U+301C) in font ec-lmr10!
Missing character: There is no ） (U+FF09) in font ec-lmr10!
Missing character: There is no の (U+306E) in font ec-lmr10!
Missing character: There is no た (U+305F) in font ec-lmr10!
Missing character: There is no め (U+3081) in font ec-lmr10!
Missing character: There is no 、 (U+3001) in font ec-lmr10!
Missing character: There is no は (U+306F) in font ec-lmr10!
Missing character: There is no 常 (U+5E38) in font ec-lmr10!
Missing character: There is no に (U+306B) in font ec-lmr10!
Missing character: There is no 固 (U+56FA) in font ec-lmr10!
Missing character: There is no 定 (U+5B9A) in font ec-lmr10!
Missing character: There is no 。 (U+3002) in font ec-lmr10!

Overfull \hbox (20.5464pt too wide) in paragraph at lines 44--55
\T1/lmr/m/n/10.95 MOD: ※ Page Bundle化済み（2026-07-30〜）のため、EX
PORT_FILE_NAMEは常に"index"固定。
 []

Missing character: There is no 記 (U+8A18) in font ec-lmr10!
Missing character: There is no 事 (U+4E8B) in font ec-lmr10!
Missing character: There is no 固 (U+56FA) in font ec-lmr10!
Missing character: There is no 有 (U+6709) in font ec-lmr10!
Missing character: There is no の (U+306E) in font ec-lmr10!
Missing character: There is no ス (U+30B9) in font ec-lmr10!
Missing character: There is no ラ (U+30E9) in font ec-lmr10!
Missing character: There is no ッ (U+30C3) in font ec-lmr10!
Missing character: There is no グ (U+30B0) in font ec-lmr10!
Missing character: There is no は (U+306F) in font ec-lmr10!
Missing character: There is no 側 (U+5074) in font ec-lmr10!
Missing character: There is no に (U+306B) in font ec-lmr10!
Missing character: There is no 入 (U+5165) in font ec-lmr10!
Missing character: There is no れ (U+308C) in font ec-lmr10!
Missing character: There is no る (U+308B) in font ec-lmr10!
Missing character: There is no こ (U+3053) in font ec-lmr10!
Missing character: There is no と (U+3068) in font ec-lmr10!
Missing character: There is no （ (U+FF08) in font ec-lmr10!
Missing character: There is no は (U+306F) in font ec-lmr10!
Missing character: There is no 等 (U+7B49) in font ec-lmr10!
Missing character: There is no で (U+3067) in font ec-lmr10!
Missing character: There is no 生 (U+751F) in font ec-lmr10!
Missing character: There is no 成 (U+6210) in font ec-lmr10!
Missing character: There is no し (U+3057) in font ec-lmr10!
Missing character: There is no た (U+305F) in font ec-lmr10!
Missing character: There is no 既 (U+65E2) in font ec-lmr10!
Missing character: There is no 存 (U+5B58) in font ec-lmr10!
Missing character: There is no 記 (U+8A18) in font ec-lmr10!
Missing character: There is no 事 (U+4E8B) in font ec-lmr10!
Missing character: There is no と (U+3068) in font ec-lmr10!
Missing character: There is no 同 (U+540C) in font ec-lmr10!
Missing character: There is no じ (U+3058) in font ec-lmr10!
Missing character: There is no 形 (U+5F62) in font ec-lmr10!
Missing character: There is no 式 (U+5F0F) in font ec-lmr10!
Missing character: There is no の (U+306E) in font ec-lmr10!
Missing character: There is no 短 (U+77ED) in font ec-lmr10!
Missing character: There is no 縮 (U+7E2E) in font ec-lmr10!
Missing character: There is no ハ (U+30CF) in font ec-lmr10!
Missing character: There is no ッ (U+30C3) in font ec-lmr10!
Missing character: There is no シ (U+30B7) in font ec-lmr10!
Missing character: There is no ュ (U+30E5) in font ec-lmr10!
Missing character: There is no を (U+3092) in font ec-lmr10!
Missing character: There is no 想 (U+60F3) in font ec-lmr10!
Missing character: There is no 定 (U+5B9A) in font ec-lmr10!
Missing character: There is no ） (U+FF09) in font ec-lmr10!
Missing character: There is no 。 (U+3002) in font ec-lmr10!
Missing character: There is no ※ (U+203B) in font ec-lmr10!

Overfull \hbox (9.63756pt too wide) in paragraph at lines 44--55
\T1/lmr/m/n/10.95 記事固有のスラッグは-EX-PORT_HUGO_BUNDLE側に入
れること（<slug>はorg-id-new等で生成した 既存記事と同じ形
式のU-UID/短縮ハッシュを想定）。 ※ EX-
 []

Missing character: There is no は (U+306F) in font ec-lmr10!
Missing character: There is no 空 (U+7A7A) in font ec-lmr10!
Missing character: There is no 欄 (U+6B04) in font ec-lmr10!
Missing character: There is no の (U+306E) in font ec-lmr10!
Missing character: There is no ま (U+307E) in font ec-lmr10!
Missing character: There is no ま (U+307E) in font ec-lmr10!
Missing character: There is no で (U+3067) in font ec-lmr10!
Missing character: There is no よ (U+3088) in font ec-lmr10!
Missing character: There is no い (U+3044) in font ec-lmr10!
Missing character: There is no （ (U+FF08) in font ec-lmr10!

Overfull \hbox (5.25813pt too wide) in paragraph at lines 44--55
\T1/lmr/m/n/10.95 PORT_HUGO_LAST-MOD-は空欄のままでよい（#+hugo_auto_s
et_last-mod: t
 []

Missing character: There is no の (U+306E) in font ec-lmr10!
Missing character: There is no た (U+305F) in font ec-lmr10!
Missing character: There is no め (U+3081) in font ec-lmr10!
Missing character: There is no 自 (U+81EA) in font ec-lmr10!
Missing character: There is no 動 (U+52D5) in font ec-lmr10!
Missing character: There is no 設 (U+8A2D) in font ec-lmr10!
Missing character: There is no 定 (U+5B9A) in font ec-lmr10!
Missing character: There is no さ (U+3055) in font ec-lmr10!
Missing character: There is no れ (U+308C) in font ec-lmr10!
Missing character: There is no る (U+308B) in font ec-lmr10!
Missing character: There is no ） (U+FF09) in font ec-lmr10!
Missing character: There is no 状 (U+72B6) in font ec-lmr10!
Missing character: There is no 態 (U+614B) in font ec-lmr10!
Missing character: There is no は (U+306F) in font ec-lmr10!
Missing character: There is no 既 (U+65E2) in font ec-lmr10!
Missing character: There is no 存 (U+5B58) in font ec-lmr10!
Missing character: There is no 記 (U+8A18) in font ec-lmr10!
Missing character: There is no 事 (U+4E8B) in font ec-lmr10!
Missing character: There is no の (U+306E) in font ec-lmr10!
Missing character: There is no 慣 (U+6163) in font ec-lmr10!
Missing character: There is no 習 (U+7FD2) in font ec-lmr10!
Missing character: There is no に (U+306B) in font ec-lmr10!
Missing character: There is no 合 (U+5408) in font ec-lmr10!
Missing character: There is no わ (U+308F) in font ec-lmr10!
Missing character: There is no せ (U+305B) in font ec-lmr10!
Missing character: There is no て (U+3066) in font ec-lmr10!
Missing character: There is no 付 (U+4ED8) in font ec-lmr10!
Missing character: There is no 与 (U+4E0E) in font ec-lmr10!
Missing character: There is no す (U+3059) in font ec-lmr10!
Missing character: There is no る (U+308B) in font ec-lmr10!
Missing character: There is no か (U+304B) in font ec-lmr10!
Missing character: There is no 判 (U+5224) in font ec-lmr10!
Missing character: There is no 断 (U+65AD) in font ec-lmr10!
Missing character: There is no す (U+3059) in font ec-lmr10!
Missing character: There is no る (U+308B) in font ec-lmr10!
Missing character: There is no （ (U+FF08) in font ec-lmr10!
Missing character: There is no 下 (U+4E0B) in font ec-lmr10!
Missing character: There is no 書 (U+66F8) in font ec-lmr10!
Missing character: There is no き (U+304D) in font ec-lmr10!
Missing character: There is no 段 (U+6BB5) in font ec-lmr10!
Missing character: There is no 階 (U+968E) in font ec-lmr10!
Missing character: There is no な (U+306A) in font ec-lmr10!
Missing character: There is no ら (U+3089) in font ec-lmr10!
Missing character: There is no 、 (U+3001) in font ec-lmr10!
Missing character: There is no 確 (U+78BA) in font ec-lmr10!
Missing character: There is no 定 (U+5B9A) in font ec-lmr10!
Missing character: There is no な (U+306A) in font ec-lmr10!
Missing character: There is no ら (U+3089) in font ec-lmr10!
Missing character: There is no ま (U+307E) in font ec-lmr10!
Missing character: There is no た (U+305F) in font ec-lmr10!
Missing character: There is no は (U+306F) in font ec-lmr10!
Missing character: There is no 無 (U+7121) in font ec-lmr10!
Missing character: There is no し (U+3057) in font ec-lmr10!
Missing character: There is no ） (U+FF09) in font ec-lmr10!
Missing character: There is no 状 (U+72B6) in font ec-lmr10!
Missing character: There is no 態 (U+614B) in font ec-lmr10!
Missing character: There is no は (U+306F) in font ec-lmr10!
Missing character: There is no 既 (U+65E2) in font ec-lmr10!
Missing character: There is no 存 (U+5B58) in font ec-lmr10!
Missing character: There is no 記 (U+8A18) in font ec-lmr10!
Missing character: There is no 事 (U+4E8B) in font ec-lmr10!
Missing character: There is no の (U+306E) in font ec-lmr10!
Missing character: There is no 慣 (U+6163) in font ec-lmr10!
Missing character: There is no 習 (U+7FD2) in font ec-lmr10!
Missing character: There is no に (U+306B) in font ec-lmr10!
Missing character: There is no 合 (U+5408) in font ec-lmr10!
Missing character: There is no わ (U+308F) in font ec-lmr10!
Missing character: There is no せ (U+305B) in font ec-lmr10!
Missing character: There is no て (U+3066) in font ec-lmr10!
Missing character: There is no 付 (U+4ED8) in font ec-lmr10!
Missing character: There is no 与 (U+4E0E) in font ec-lmr10!
Missing character: There is no す (U+3059) in font ec-lmr10!
Missing character: There is no る (U+308B) in font ec-lmr10!
Missing character: There is no か (U+304B) in font ec-lmr10!
Missing character: There is no 判 (U+5224) in font ec-lmr10!
Missing character: There is no 断 (U+65AD) in font ec-lmr10!
Missing character: There is no す (U+3059) in font ec-lmr10!
Missing character: There is no る (U+308B) in font ec-lmr10!
Missing character: There is no （ (U+FF08) in font ec-lmr10!
Missing character: There is no 下 (U+4E0B) in font ec-lmr10!
Missing character: There is no 書 (U+66F8) in font ec-lmr10!
Missing character: There is no き (U+304D) in font ec-lmr10!
Missing character: There is no 段 (U+6BB5) in font ec-lmr10!
Missing character: There is no 階 (U+968E) in font ec-lmr10!
Missing character: There is no な (U+306A) in font ec-lmr10!
Missing character: There is no ら (U+3089) in font ec-lmr10!
Missing character: There is no 、 (U+3001) in font ec-lmr10!
Missing character: There is no 確 (U+78BA) in font ec-lmr10!
Missing character: There is no 定 (U+5B9A) in font ec-lmr10!
Missing character: There is no な (U+306A) in font ec-lmr10!
Missing character: There is no ら (U+3089) in font ec-lmr10!
Missing character: There is no ま (U+307E) in font ec-lmr10!
Missing character: There is no た (U+305F) in font ec-lmr10!
Missing character: There is no は (U+306F) in font ec-lmr10!
Missing character: There is no 無 (U+7121) in font ec-lmr10!
Missing character: There is no し (U+3057) in font ec-lmr10!
Missing character: There is no ） (U+FF09) in font ec-lmr10!
Missing character: There is no フ (U+30D5) in font ec-lmr10!
Missing character: There is no ラ (U+30E9) in font ec-lmr10!
Missing character: There is no ン (U+30F3) in font ec-lmr10!
Missing character: There is no ク (U+30AF) in font ec-lmr10!
Missing character: There is no な (U+306A) in font ec-lmr10!
Missing character: There is no 一 (U+4E00) in font ec-lmr10!
Missing character: There is no 人 (U+4EBA) in font ec-lmr10!
Missing character: There is no 称 (U+79F0) in font ec-lmr10!
Missing character: There is no ・ (U+30FB) in font ec-lmr10!
Missing character: There is no だ (U+3060) in font ec-lmr10!
Missing character: There is no で (U+3067) in font ec-lmr10!
Missing character: There is no あ (U+3042) in font ec-lmr10!
Missing character: There is no る (U+308B) in font ec-lmr10!
Missing character: There is no 調 (U+8ABF) in font ec-lmr10!
Missing character: There is no （ (U+FF08) in font ec-lmr10!
Missing character: There is no こ (U+3053) in font ec-lmr10!
Missing character: There is no の (U+306E) in font ec-lmr10!
Missing character: There is no フ (U+30D5) in font ec-lmr10!
Missing character: There is no ァ (U+30A1) in font ec-lmr10!
Missing character: There is no イ (U+30A4) in font ec-lmr10!
Missing character: There is no ル (U+30EB) in font ec-lmr10!
Missing character: There is no の (U+306E) in font ec-lmr10!
Missing character: There is no 過 (U+904E) in font ec-lmr10!
Missing character: There is no 去 (U+53BB) in font ec-lmr10!
Missing character: There is no 記 (U+8A18) in font ec-lmr10!
Missing character: There is no 事 (U+4E8B) in font ec-lmr10!
Missing character: There is no の (U+306E) in font ec-lmr10!
Missing character: There is no ト (U+30C8) in font ec-lmr10!
Missing character: There is no ー (U+30FC) in font ec-lmr10!
Missing character: There is no ン (U+30F3) in font ec-lmr10!
Missing character: There is no に (U+306B) in font ec-lmr10!
Missing character: There is no 合 (U+5408) in font ec-lmr10!
Missing character: There is no わ (U+308F) in font ec-lmr10!
Missing character: There is no せ (U+305B) in font ec-lmr10!
Missing character: There is no る (U+308B) in font ec-lmr10!
Missing character: There is no ） (U+FF09) in font ec-lmr10!
Missing character: There is no フ (U+30D5) in font ec-lmr10!
Missing character: There is no ラ (U+30E9) in font ec-lmr10!
Missing character: There is no ン (U+30F3) in font ec-lmr10!
Missing character: There is no ク (U+30AF) in font ec-lmr10!
Missing character: There is no な (U+306A) in font ec-lmr10!
Missing character: There is no 一 (U+4E00) in font ec-lmr10!
Missing character: There is no 人 (U+4EBA) in font ec-lmr10!
Missing character: There is no 称 (U+79F0) in font ec-lmr10!
Missing character: There is no ・ (U+30FB) in font ec-lmr10!
Missing character: There is no だ (U+3060) in font ec-lmr10!
Missing character: There is no で (U+3067) in font ec-lmr10!
Missing character: There is no あ (U+3042) in font ec-lmr10!
Missing character: There is no る (U+308B) in font ec-lmr10!
Missing character: There is no 調 (U+8ABF) in font ec-lmr10!
Missing character: There is no （ (U+FF08) in font ec-lmr10!
Missing character: There is no こ (U+3053) in font ec-lmr10!
Missing character: There is no の (U+306E) in font ec-lmr10!
Missing character: There is no フ (U+30D5) in font ec-lmr10!
Missing character: There is no ァ (U+30A1) in font ec-lmr10!
Missing character: There is no イ (U+30A4) in font ec-lmr10!
Missing character: There is no ル (U+30EB) in font ec-lmr10!
Missing character: There is no の (U+306E) in font ec-lmr10!
Missing character: There is no 過 (U+904E) in font ec-lmr10!
Missing character: There is no 去 (U+53BB) in font ec-lmr10!
Missing character: There is no 記 (U+8A18) in font ec-lmr10!
Missing character: There is no 事 (U+4E8B) in font ec-lmr10!
Missing character: There is no の (U+306E) in font ec-lmr10!
Missing character: There is no ト (U+30C8) in font ec-lmr10!
Missing character: There is no ー (U+30FC) in font ec-lmr10!
Missing character: There is no ン (U+30F3) in font ec-lmr10!
Missing character: There is no に (U+306B) in font ec-lmr10!
Missing character: There is no 合 (U+5408) in font ec-lmr10!
Missing character: There is no わ (U+308F) in font ec-lmr10!
Missing character: There is no せ (U+305B) in font ec-lmr10!
Missing character: There is no る (U+308B) in font ec-lmr10!
Missing character: There is no ） (U+FF09) in font ec-lmr10!
Missing character: There is no 新 (U+65B0) in font ec-lmr10!
Missing character: There is no し (U+3057) in font ec-lmr10!
Missing character: There is no い (U+3044) in font ec-lmr10!
Missing character: There is no 感 (U+611F) in font ec-lmr10!
Missing character: There is no 想 (U+60F3) in font ec-lmr10!
Missing character: There is no ・ (U+30FB) in font ec-lmr10!
Missing character: There is no 解 (U+89E3) in font ec-lmr10!
Missing character: There is no 釈 (U+91C8) in font ec-lmr10!
Missing character: There is no ・ (U+30FB) in font ec-lmr10!
Missing character: There is no 事 (U+4E8B) in font ec-lmr10!
Missing character: There is no 実 (U+5B9F) in font ec-lmr10!
Missing character: There is no を (U+3092) in font ec-lmr10!
Missing character: There is no 書 (U+66F8) in font ec-lmr10!
Missing character: There is no き (U+304D) in font ec-lmr10!
Missing character: There is no 足 (U+8DB3) in font ec-lmr10!
Missing character: There is no さ (U+3055) in font ec-lmr10!
Missing character: There is no な (U+306A) in font ec-lmr10!
Missing character: There is no い (U+3044) in font ec-lmr10!
Missing character: There is no 。 (U+3002) in font ec-lmr10!
Missing character: There is no 渡 (U+6E21) in font ec-lmr10!
Missing character: There is no さ (U+3055) in font ec-lmr10!
Missing character: There is no れ (U+308C) in font ec-lmr10!
Missing character: There is no た (U+305F) in font ec-lmr10!
Missing character: There is no 「 (U+300C) in font ec-lmr10!
Missing character: There is no ネ (U+30CD) in font ec-lmr10!
Missing character: There is no タ (U+30BF) in font ec-lmr10!
Missing character: There is no 」 (U+300D) in font ec-lmr10!
Missing character: There is no の (U+306E) in font ec-lmr10!
Missing character: There is no 範 (U+7BC4) in font ec-lmr10!
Missing character: There is no 囲 (U+56F2) in font ec-lmr10!
Missing character: There is no 内 (U+5185) in font ec-lmr10!
Missing character: There is no で (U+3067) in font ec-lmr10!
Missing character: There is no 言 (U+8A00) in font ec-lmr10!
Missing character: There is no い (U+3044) in font ec-lmr10!
Missing character: There is no 回 (U+56DE) in font ec-lmr10!
Missing character: There is no し (U+3057) in font ec-lmr10!
Missing character: There is no を (U+3092) in font ec-lmr10!
Missing character: There is no 整 (U+6574) in font ec-lmr10!
Missing character: There is no え (U+3048) in font ec-lmr10!
Missing character: There is no る (U+308B) in font ec-lmr10!
Missing character: There is no 新 (U+65B0) in font ec-lmr10!
Missing character: There is no し (U+3057) in font ec-lmr10!
Missing character: There is no い (U+3044) in font ec-lmr10!
Missing character: There is no 感 (U+611F) in font ec-lmr10!
Missing character: There is no 想 (U+60F3) in font ec-lmr10!
Missing character: There is no ・ (U+30FB) in font ec-lmr10!
Missing character: There is no 解 (U+89E3) in font ec-lmr10!
Missing character: There is no 釈 (U+91C8) in font ec-lmr10!
Missing character: There is no ・ (U+30FB) in font ec-lmr10!
Missing character: There is no 事 (U+4E8B) in font ec-lmr10!
Missing character: There is no 実 (U+5B9F) in font ec-lmr10!
Missing character: There is no を (U+3092) in font ec-lmr10!
Missing character: There is no 書 (U+66F8) in font ec-lmr10!
Missing character: There is no き (U+304D) in font ec-lmr10!
Missing character: There is no 足 (U+8DB3) in font ec-lmr10!
Missing character: There is no さ (U+3055) in font ec-lmr10!
Missing character: There is no な (U+306A) in font ec-lmr10!
Missing character: There is no い (U+3044) in font ec-lmr10!
Missing character: There is no 。 (U+3002) in font ec-lmr10!
Missing character: There is no 渡 (U+6E21) in font ec-lmr10!
Missing character: There is no さ (U+3055) in font ec-lmr10!
Missing character: There is no れ (U+308C) in font ec-lmr10!
Missing character: There is no た (U+305F) in font ec-lmr10!
Missing character: There is no 「 (U+300C) in font ec-lmr10!
Missing character: There is no ネ (U+30CD) in font ec-lmr10!
Missing character: There is no タ (U+30BF) in font ec-lmr10!
Missing character: There is no 」 (U+300D) in font ec-lmr10!
Missing character: There is no の (U+306E) in font ec-lmr10!
Missing character: There is no 範 (U+7BC4) in font ec-lmr10!
Missing character: There is no 囲 (U+56F2) in font ec-lmr10!
Missing character: There is no 内 (U+5185) in font ec-lmr10!
Missing character: There is no で (U+3067) in font ec-lmr10!
Missing character: There is no 言 (U+8A00) in font ec-lmr10!
Missing character: There is no い (U+3044) in font ec-lmr10!
Missing character: There is no 回 (U+56DE) in font ec-lmr10!
Missing character: There is no し (U+3057) in font ec-lmr10!
Missing character: There is no を (U+3092) in font ec-lmr10!
Missing character: There is no 整 (U+6574) in font ec-lmr10!
Missing character: There is no え (U+3048) in font ec-lmr10!
Missing character: There is no る (U+308B) in font ec-lmr10!
Missing character: There is no 地 (U+5730) in font ec-lmr10!
Missing character: There is no の (U+306E) in font ec-lmr10!
Missing character: There is no 文 (U+6587) in font ec-lmr10!
Missing character: There is no （ (U+FF08) in font ec-lmr10!
Missing character: There is no 本 (U+672C) in font ec-lmr10!
Missing character: There is no 文 (U+6587) in font ec-lmr10!
Missing character: There is no ） (U+FF09) in font ec-lmr10!
Missing character: There is no は (U+306F) in font ec-lmr10!
Missing character: There is no 記 (U+8A18) in font ec-lmr10!
Missing character: There is no 法 (U+6CD5) in font ec-lmr10!
Missing character: There is no で (U+3067) in font ec-lmr10!
Missing character: There is no 統 (U+7D71) in font ec-lmr10!
Missing character: There is no 一 (U+4E00) in font ec-lmr10!
Missing character: There is no 太 (U+592A) in font ec-lmr10!
Missing character: There is no 字 (U+5B57) in font ec-lmr10!
Missing character: There is no 斜 (U+659C) in font ec-lmr10!
Missing character: There is no 体 (U+4F53) in font ec-lmr10!
Missing character: There is no コ (U+30B3) in font ec-lmr10!
Missing character: There is no ー (U+30FC) in font ec-lmr10!
Missing character: There is no ド (U+30C9) in font ec-lmr10!
Missing character: There is no 地 (U+5730) in font ec-lmr10!
Missing character: There is no の (U+306E) in font ec-lmr10!
Missing character: There is no 文 (U+6587) in font ec-lmr10!
Missing character: There is no （ (U+FF08) in font ec-lmr10!
Missing character: There is no 本 (U+672C) in font ec-lmr10!
Missing character: There is no 文 (U+6587) in font ec-lmr10!
Missing character: There is no ） (U+FF09) in font ec-lmr10!
Missing character: There is no は (U+306F) in font ec-lmr10!
Missing character: There is no 記 (U+8A18) in font ec-lmr10!
Missing character: There is no 法 (U+6CD5) in font ec-lmr10!
Missing character: There is no で (U+3067) in font ec-lmr10!
Missing character: There is no 統 (U+7D71) in font ec-lmr10!
Missing character: There is no 一 (U+4E00) in font ec-lmr10!
Missing character: There is no 太 (U+592A) in font ec-lmr10!
Missing character: There is no 字 (U+5B57) in font ec-lmr10!
Missing character: There is no 斜 (U+659C) in font ec-lmr10!
Missing character: There is no 体 (U+4F53) in font ec-lmr10!
Missing character: There is no コ (U+30B3) in font ec-lmr10!
Missing character: There is no ー (U+30FC) in font ec-lmr10!
Missing character: There is no ド (U+30C9) in font ec-lmr10!
Missing character: There is no ブ (U+30D6) in font ec-lmr10!
Missing character: There is no ロ (U+30ED) in font ec-lmr10!
Missing character: There is no ッ (U+30C3) in font ec-lmr10!
Missing character: There is no ク (U+30AF) in font ec-lmr10!
Missing character: There is no の (U+306E) in font ec-lmr10!
Missing character: There is no 中 (U+4E2D) in font ec-lmr10!
Missing character: There is no 身 (U+8EAB) in font ec-lmr10!
Missing character: There is no だ (U+3060) in font ec-lmr10!
Missing character: There is no け (U+3051) in font ec-lmr10!
Missing character: There is no は (U+306F) in font ec-lmr10!
Missing character: There is no 記 (U+8A18) in font ec-lmr10!
Missing character: There is no 法 (U+6CD5) in font ec-lmr10!
Missing character: There is no で (U+3067) in font ec-lmr10!
Missing character: There is no 統 (U+7D71) in font ec-lmr10!
Missing character: There is no 一 (U+4E00) in font ec-lmr10!
Missing character: There is no 太 (U+592A) in font ec-lmr10!
Missing character: There is no 字 (U+5B57) in font ec-lmr10!
Missing character: There is no 斜 (U+659C) in font ec-lmr10!
Missing character: There is no 体 (U+4F53) in font ec-lmr10!
Missing character: There is no ブ (U+30D6) in font ec-lmr10!
Missing character: There is no ロ (U+30ED) in font ec-lmr10!
Missing character: There is no ッ (U+30C3) in font ec-lmr10!
Missing character: There is no ク (U+30AF) in font ec-lmr10!
Missing character: There is no の (U+306E) in font ec-lmr10!
Missing character: There is no 中 (U+4E2D) in font ec-lmr10!
Missing character: There is no 身 (U+8EAB) in font ec-lmr10!
Missing character: There is no だ (U+3060) in font ec-lmr10!
Missing character: There is no け (U+3051) in font ec-lmr10!
Missing character: There is no は (U+306F) in font ec-lmr10!
Missing character: There is no 記 (U+8A18) in font ec-lmr10!
Missing character: There is no 法 (U+6CD5) in font ec-lmr10!
Missing character: There is no で (U+3067) in font ec-lmr10!
Missing character: There is no 統 (U+7D71) in font ec-lmr10!
Missing character: There is no 一 (U+4E00) in font ec-lmr10!
Missing character: There is no 太 (U+592A) in font ec-lmr10!
Missing character: There is no 字 (U+5B57) in font ec-lmr10!
Missing character: There is no 斜 (U+659C) in font ec-lmr10!
Missing character: There is no 体 (U+4F53) in font ec-lmr10!
Missing character: There is no （ (U+FF08) in font ec-lmr10!
Missing character: There is no 記 (U+8A18) in font ec-lmr10!
Missing character: There is no 法 (U+6CD5) in font ec-lmr10!
Missing character: There is no と (U+3068) in font ec-lmr10!
Missing character: There is no 記 (U+8A18) in font ec-lmr10!
Missing character: There is no 法 (U+6CD5) in font ec-lmr10!
Missing character: There is no で (U+3067) in font ec-lmr10!
Missing character: There is no 「 (U+300C) in font ec-lmr10!
Missing character: There is no ア (U+30A2) in font ec-lmr10!
Missing character: There is no ス (U+30B9) in font ec-lmr10!
Missing character: There is no タ (U+30BF) in font ec-lmr10!
Missing character: There is no リ (U+30EA) in font ec-lmr10!
Missing character: There is no ス (U+30B9) in font ec-lmr10!
Missing character: There is no ク (U+30AF) in font ec-lmr10!
Missing character: There is no 個 (U+500B) in font ec-lmr10!
Missing character: There is no 」 (U+300D) in font ec-lmr10!
Missing character: There is no の (U+306E) in font ec-lmr10!
Missing character: There is no 意 (U+610F) in font ec-lmr10!
Missing character: There is no 味 (U+5473) in font ec-lmr10!
Missing character: There is no が (U+304C) in font ec-lmr10!
Missing character: There is no 逆 (U+9006) in font ec-lmr10!
Missing character: There is no 転 (U+8EE2) in font ec-lmr10!
Missing character: There is no す (U+3059) in font ec-lmr10!
Missing character: There is no る (U+308B) in font ec-lmr10!
Missing character: There is no た (U+305F) in font ec-lmr10!
Missing character: There is no め (U+3081) in font ec-lmr10!
Missing character: There is no 、 (U+3001) in font ec-lmr10!
Missing character: There is no 混 (U+6DF7) in font ec-lmr10!
Missing character: There is no 在 (U+5728) in font ec-lmr10!
Missing character: There is no さ (U+3055) in font ec-lmr10!
Missing character: There is no せ (U+305B) in font ec-lmr10!
Missing character: There is no な (U+306A) in font ec-lmr10!
Missing character: There is no い (U+3044) in font ec-lmr10!
Missing character: There is no ） (U+FF09) in font ec-lmr10!
Missing character: There is no ブ (U+30D6) in font ec-lmr10!
Missing character: There is no ロ (U+30ED) in font ec-lmr10!
Missing character: There is no ッ (U+30C3) in font ec-lmr10!
Missing character: There is no ク (U+30AF) in font ec-lmr10!
Missing character: There is no の (U+306E) in font ec-lmr10!
Missing character: There is no 中 (U+4E2D) in font ec-lmr10!
Missing character: There is no 身 (U+8EAB) in font ec-lmr10!
Missing character: There is no だ (U+3060) in font ec-lmr10!
Missing character: There is no け (U+3051) in font ec-lmr10!
Missing character: There is no は (U+306F) in font ec-lmr10!
Missing character: There is no 記 (U+8A18) in font ec-lmr10!
Missing character: There is no 法 (U+6CD5) in font ec-lmr10!
Missing character: There is no で (U+3067) in font ec-lmr10!
Missing character: There is no 統 (U+7D71) in font ec-lmr10!
Missing character: There is no 一 (U+4E00) in font ec-lmr10!
Missing character: There is no 太 (U+592A) in font ec-lmr10!
Missing character: There is no 字 (U+5B57) in font ec-lmr10!
Missing character: There is no 斜 (U+659C) in font ec-lmr10!
Missing character: There is no 体 (U+4F53) in font ec-lmr10!

Overfull \hbox (13.5164pt too wide) in paragraph at lines 65--67
[]\T1/lmr/m/n/10.95 `#+be-gin_ex-port hugo` ブロックの中身だけは Mark-
down 記法で統一: 太字 `**string**` / 斜体 `*string*`
 []

Missing character: There is no （ (U+FF08) in font ec-lmr10!
Missing character: There is no 記 (U+8A18) in font ec-lmr10!
Missing character: There is no 法 (U+6CD5) in font ec-lmr10!
Missing character: There is no と (U+3068) in font ec-lmr10!
Missing character: There is no 記 (U+8A18) in font ec-lmr10!
Missing character: There is no 法 (U+6CD5) in font ec-lmr10!
Missing character: There is no で (U+3067) in font ec-lmr10!
Missing character: There is no 「 (U+300C) in font ec-lmr10!
Missing character: There is no ア (U+30A2) in font ec-lmr10!
Missing character: There is no ス (U+30B9) in font ec-lmr10!
Missing character: There is no タ (U+30BF) in font ec-lmr10!
Missing character: There is no リ (U+30EA) in font ec-lmr10!
Missing character: There is no ス (U+30B9) in font ec-lmr10!
Missing character: There is no ク (U+30AF) in font ec-lmr10!
Missing character: There is no 個 (U+500B) in font ec-lmr10!
Missing character: There is no 」 (U+300D) in font ec-lmr10!
Missing character: There is no の (U+306E) in font ec-lmr10!
Missing character: There is no 意 (U+610F) in font ec-lmr10!
Missing character: There is no 味 (U+5473) in font ec-lmr10!
Missing character: There is no が (U+304C) in font ec-lmr10!
Missing character: There is no 逆 (U+9006) in font ec-lmr10!
Missing character: There is no 転 (U+8EE2) in font ec-lmr10!
Missing character: There is no す (U+3059) in font ec-lmr10!
Missing character: There is no る (U+308B) in font ec-lmr10!
Missing character: There is no た (U+305F) in font ec-lmr10!
Missing character: There is no め (U+3081) in font ec-lmr10!
Missing character: There is no 、 (U+3001) in font ec-lmr10!
Missing character: There is no 混 (U+6DF7) in font ec-lmr10!
Missing character: There is no 在 (U+5728) in font ec-lmr10!
Missing character: There is no さ (U+3055) in font ec-lmr10!
Missing character: There is no せ (U+305B) in font ec-lmr10!
Missing character: There is no な (U+306A) in font ec-lmr10!
Missing character: There is no い (U+3044) in font ec-lmr10!
Missing character: There is no ） (U+FF09) in font ec-lmr10!
Missing character: There is no な (U+306A) in font ec-lmr10!
Missing character: There is no ど (U+3069) in font ec-lmr10!
Missing character: There is no 出 (U+51FA) in font ec-lmr10!
Missing character: There is no 力 (U+529B) in font ec-lmr10!
Missing character: There is no の (U+306E) in font ec-lmr10!
Missing character: There is no 引 (U+5F15) in font ec-lmr10!
Missing character: There is no 用 (U+7528) in font ec-lmr10!
Missing character: There is no は (U+306F) in font ec-lmr10!
Missing character: There is no 文 (U+6587) in font ec-lmr10!
Missing character: There is no 体 (U+4F53) in font ec-lmr10!
Missing character: There is no を (U+3092) in font ec-lmr10!
Missing character: There is no 変 (U+5909) in font ec-lmr10!
Missing character: There is no え (U+3048) in font ec-lmr10!
Missing character: There is no ず (U+305A) in font ec-lmr10!
Missing character: There is no 、 (U+3001) in font ec-lmr10!
Missing character: There is no ま (U+307E) in font ec-lmr10!
Missing character: There is no た (U+305F) in font ec-lmr10!
Missing character: There is no は (U+306F) in font ec-lmr10!
Missing character: There is no の (U+306E) in font ec-lmr10!
Missing character: There is no な (U+306A) in font ec-lmr10!
Missing character: There is no ど (U+3069) in font ec-lmr10!
Missing character: There is no 出 (U+51FA) in font ec-lmr10!
Missing character: There is no 力 (U+529B) in font ec-lmr10!
Missing character: There is no の (U+306E) in font ec-lmr10!
Missing character: There is no 引 (U+5F15) in font ec-lmr10!
Missing character: There is no 用 (U+7528) in font ec-lmr10!
Missing character: There is no は (U+306F) in font ec-lmr10!
Missing character: There is no 文 (U+6587) in font ec-lmr10!
Missing character: There is no 体 (U+4F53) in font ec-lmr10!
Missing character: There is no を (U+3092) in font ec-lmr10!
Missing character: There is no 変 (U+5909) in font ec-lmr10!
Missing character: There is no え (U+3048) in font ec-lmr10!
Missing character: There is no ず (U+305A) in font ec-lmr10!
Missing character: There is no 、 (U+3001) in font ec-lmr10!
Missing character: There is no ま (U+307E) in font ec-lmr10!
Missing character: There is no た (U+305F) in font ec-lmr10!
Missing character: There is no は (U+306F) in font ec-lmr10!
Missing character: There is no の (U+306E) in font ec-lmr10!
Missing character: There is no シ (U+30B7) in font ec-lmr10!
Missing character: There is no ョ (U+30E7) in font ec-lmr10!
Missing character: There is no ー (U+30FC) in font ec-lmr10!
Missing character: There is no ト (U+30C8) in font ec-lmr10!
Missing character: There is no コ (U+30B3) in font ec-lmr10!
Missing character: There is no ー (U+30FC) in font ec-lmr10!
Missing character: There is no ド (U+30C9) in font ec-lmr10!
Missing character: There is no （ (U+FF08) in font ec-lmr10!
Missing character: There is no 経 (U+7D4C) in font ec-lmr10!
Missing character: There is no 由 (U+7531) in font ec-lmr10!
Missing character: There is no ） (U+FF09) in font ec-lmr10!
Missing character: There is no で (U+3067) in font ec-lmr10!
Missing character: There is no 引 (U+5F15) in font ec-lmr10!
Missing character: There is no 用 (U+7528) in font ec-lmr10!
Missing character: There is no で (U+3067) in font ec-lmr10!
Missing character: There is no あ (U+3042) in font ec-lmr10!
Missing character: There is no る (U+308B) in font ec-lmr10!
Missing character: There is no こ (U+3053) in font ec-lmr10!
Missing character: There is no と (U+3068) in font ec-lmr10!
Missing character: There is no を (U+3092) in font ec-lmr10!
Missing character: There is no 明 (U+660E) in font ec-lmr10!
Missing character: There is no 示 (U+793A) in font ec-lmr10!
Missing character: There is no す (U+3059) in font ec-lmr10!
Missing character: There is no る (U+308B) in font ec-lmr10!
Missing character: There is no な (U+306A) in font ec-lmr10!
Missing character: There is no ど (U+3069) in font ec-lmr10!
Missing character: There is no 出 (U+51FA) in font ec-lmr10!
Missing character: There is no 力 (U+529B) in font ec-lmr10!
Missing character: There is no の (U+306E) in font ec-lmr10!
Missing character: There is no 引 (U+5F15) in font ec-lmr10!
Missing character: There is no 用 (U+7528) in font ec-lmr10!
Missing character: There is no は (U+306F) in font ec-lmr10!
Missing character: There is no 文 (U+6587) in font ec-lmr10!
Missing character: There is no 体 (U+4F53) in font ec-lmr10!
Missing character: There is no を (U+3092) in font ec-lmr10!
Missing character: There is no 変 (U+5909) in font ec-lmr10!
Missing character: There is no え (U+3048) in font ec-lmr10!
Missing character: There is no ず (U+305A) in font ec-lmr10!
Missing character: There is no 、 (U+3001) in font ec-lmr10!
Missing character: There is no ま (U+307E) in font ec-lmr10!
Missing character: There is no た (U+305F) in font ec-lmr10!
Missing character: There is no は (U+306F) in font ec-lmr10!
Missing character: There is no の (U+306E) in font ec-lmr10!

Overfull \hbox (26.96019pt too wide) in paragraph at lines 70--73
[]\T1/lmr/m/n/10.95 Per-plex-ity/El-la-maなどAI出力の引用は文体を
変えず、`#+be-gin_quote` または Blow-fishの `{{<de-tails>}}`
 []

Missing character: There is no シ (U+30B7) in font ec-lmr10!
Missing character: There is no ョ (U+30E7) in font ec-lmr10!
Missing character: There is no ー (U+30FC) in font ec-lmr10!
Missing character: There is no ト (U+30C8) in font ec-lmr10!
Missing character: There is no コ (U+30B3) in font ec-lmr10!
Missing character: There is no ー (U+30FC) in font ec-lmr10!
Missing character: There is no ド (U+30C9) in font ec-lmr10!
Missing character: There is no （ (U+FF08) in font ec-lmr10!
Missing character: There is no 経 (U+7D4C) in font ec-lmr10!
Missing character: There is no 由 (U+7531) in font ec-lmr10!
Missing character: There is no ） (U+FF09) in font ec-lmr10!
Missing character: There is no で (U+3067) in font ec-lmr10!
Missing character: There is no 引 (U+5F15) in font ec-lmr10!
Missing character: There is no 用 (U+7528) in font ec-lmr10!
Missing character: There is no で (U+3067) in font ec-lmr10!
Missing character: There is no あ (U+3042) in font ec-lmr10!
Missing character: There is no る (U+308B) in font ec-lmr10!
Missing character: There is no こ (U+3053) in font ec-lmr10!
Missing character: There is no と (U+3068) in font ec-lmr10!
Missing character: There is no を (U+3092) in font ec-lmr10!
Missing character: There is no 明 (U+660E) in font ec-lmr10!
Missing character: There is no 示 (U+793A) in font ec-lmr10!
Missing character: There is no す (U+3059) in font ec-lmr10!
Missing character: There is no る (U+308B) in font ec-lmr10!
Missing character: There is no 見 (U+898B) in font ec-lmr10!
Missing character: There is no 出 (U+51FA) in font ec-lmr10!
Missing character: There is no し (U+3057) in font ec-lmr10!
Missing character: There is no （ (U+FF08) in font ec-lmr10!
Missing character: There is no 〜 (U+301C) in font ec-lmr10!
Missing character: There is no ） (U+FF09) in font ec-lmr10!
Missing character: There is no は (U+306F) in font ec-lmr10!
Missing character: There is no 等 (U+7B49) in font ec-lmr10!
Missing character: There is no の (U+306E) in font ec-lmr10!
Missing character: There is no ブ (U+30D6) in font ec-lmr10!
Missing character: There is no ロ (U+30ED) in font ec-lmr10!
Missing character: There is no ッ (U+30C3) in font ec-lmr10!
Missing character: There is no ク (U+30AF) in font ec-lmr10!
Missing character: There is no 内 (U+5185) in font ec-lmr10!
Missing character: There is no に (U+306B) in font ec-lmr10!
Missing character: There is no は (U+306F) in font ec-lmr10!
Missing character: There is no 入 (U+5165) in font ec-lmr10!
Missing character: There is no れ (U+308C) in font ec-lmr10!
Missing character: There is no な (U+306A) in font ec-lmr10!
Missing character: There is no い (U+3044) in font ec-lmr10!
Missing character: There is no 見 (U+898B) in font ec-lmr10!
Missing character: There is no 出 (U+51FA) in font ec-lmr10!
Missing character: There is no し (U+3057) in font ec-lmr10!
Missing character: There is no （ (U+FF08) in font ec-lmr10!
Missing character: There is no 〜 (U+301C) in font ec-lmr10!
Missing character: There is no ） (U+FF09) in font ec-lmr10!
Missing character: There is no は (U+306F) in font ec-lmr10!
Missing character: There is no 等 (U+7B49) in font ec-lmr10!
Missing character: There is no の (U+306E) in font ec-lmr10!
Missing character: There is no ブ (U+30D6) in font ec-lmr10!
Missing character: There is no ロ (U+30ED) in font ec-lmr10!
Missing character: There is no ッ (U+30C3) in font ec-lmr10!
Missing character: There is no ク (U+30AF) in font ec-lmr10!
Missing character: There is no 内 (U+5185) in font ec-lmr10!
Missing character: There is no に (U+306B) in font ec-lmr10!
Missing character: There is no は (U+306F) in font ec-lmr10!
Missing character: There is no 入 (U+5165) in font ec-lmr10!
Missing character: There is no れ (U+308C) in font ec-lmr10!
Missing character: There is no な (U+306A) in font ec-lmr10!
Missing character: There is no い (U+3044) in font ec-lmr10!
LaTeX Font Info:    Trying to load font information for T1+lmtt on input line 7
8.
(/usr/local/texlive/2026/texmf-dist/tex/latex/lm/t1lmtt.fd
File: t1lmtt.fd 2015/05/01 v1.6.1 Font defs for Latin Modern
)
Missing character: There is no 出 (U+51FA) in font ec-lmr10!
Missing character: There is no 力 (U+529B) in font ec-lmr10!
Missing character: There is no 後 (U+5F8C) in font ec-lmr10!
Missing character: There is no 、 (U+3001) in font ec-lmr10!
Missing character: There is no で (U+3067) in font ec-lmr10!
Missing character: There is no の (U+306E) in font ec-lmr10!
Missing character: There is no 検 (U+691C) in font ec-lmr10!
Missing character: There is no 査 (U+67FB) in font ec-lmr10!
Missing character: There is no を (U+3092) in font ec-lmr10!
Missing character: There is no 想 (U+60F3) in font ec-lmr10!
Missing character: There is no 定 (U+5B9A) in font ec-lmr10!
Missing character: There is no し (U+3057) in font ec-lmr10!
Missing character: There is no た (U+305F) in font ec-lmr10!
Missing character: There is no 書 (U+66F8) in font ec-lmr10!
Missing character: There is no き (U+304D) in font ec-lmr10!
Missing character: There is no 方 (U+65B9) in font ec-lmr10!
Missing character: There is no に (U+306B) in font ec-lmr10!
Missing character: There is no す (U+3059) in font ec-lmr10!
Missing character: There is no る (U+308B) in font ec-lmr10!
Missing character: There is no （ (U+FF08) in font ec-lmr10!
Missing character: There is no 全 (U+5168) in font ec-lmr10!
Missing character: There is no 角 (U+89D2) in font ec-lmr10!
Missing character: There is no 文 (U+6587) in font ec-lmr10!
Missing character: There is no 字 (U+5B57) in font ec-lmr10!
Missing character: There is no に (U+306B) in font ec-lmr10!
Missing character: There is no 接 (U+63A5) in font ec-lmr10!
Missing character: There is no し (U+3057) in font ec-lmr10!
Missing character: There is no て (U+3066) in font ec-lmr10!
Missing character: There is no が (U+304C) in font ec-lmr10!
Missing character: There is no 無 (U+7121) in font ec-lmr10!
Missing character: There is no 効 (U+52B9) in font ec-lmr10!
Missing character: There is no 化 (U+5316) in font ec-lmr10!
Missing character: There is no さ (U+3055) in font ec-lmr10!
Missing character: There is no れ (U+308C) in font ec-lmr10!
Missing character: There is no な (U+306A) in font ec-lmr10!
Missing character: There is no い (U+3044) in font ec-lmr10!
Missing character: There is no よ (U+3088) in font ec-lmr10!
Missing character: There is no う (U+3046) in font ec-lmr10!
Missing character: There is no 、 (U+3001) in font ec-lmr10!
Missing character: There is no 記 (U+8A18) in font ec-lmr10!
Missing character: There is no 号 (U+53F7) in font ec-lmr10!
Missing character: There is no の (U+306E) in font ec-lmr10!
Missing character: There is no 前 (U+524D) in font ec-lmr10!
Missing character: There is no 後 (U+5F8C) in font ec-lmr10!
Missing character: There is no に (U+306B) in font ec-lmr10!
Missing character: There is no ス (U+30B9) in font ec-lmr10!
Missing character: There is no ペ (U+30DA) in font ec-lmr10!
Missing character: There is no ー (U+30FC) in font ec-lmr10!
Missing character: There is no ス (U+30B9) in font ec-lmr10!
Missing character: There is no や (U+3084) in font ec-lmr10!
Missing character: There is no 区 (U+533A) in font ec-lmr10!
Missing character: There is no 切 (U+5207) in font ec-lmr10!
Missing character: There is no り (U+308A) in font ec-lmr10!
Missing character: There is no を (U+3092) in font ec-lmr10!
Missing character: There is no 意 (U+610F) in font ec-lmr10!
Missing character: There is no 識 (U+8B58) in font ec-lmr10!
Missing character: There is no す (U+3059) in font ec-lmr10!
Missing character: There is no る (U+308B) in font ec-lmr10!
Missing character: There is no 。 (U+3002) in font ec-lmr10!
Missing character: There is no ・ (U+30FB) in font ec-lmr10!
Missing character: There is no シ (U+30B7) in font ec-lmr10!
Missing character: There is no ェ (U+30A7) in font ec-lmr10!
Missing character: There is no ル (U+30EB) in font ec-lmr10!
Missing character: There is no コ (U+30B3) in font ec-lmr10!
Missing character: There is no マ (U+30DE) in font ec-lmr10!
Missing character: There is no ン (U+30F3) in font ec-lmr10!
Missing character: There is no ド (U+30C9) in font ec-lmr10!
Missing character: There is no ・ (U+30FB) in font ec-lmr10!
Missing character: There is no カ (U+30AB) in font ec-lmr10!
Missing character: There is no ー (U+30FC) in font ec-lmr10!
Missing character: There is no ネ (U+30CD) in font ec-lmr10!
Missing character: There is no ル (U+30EB) in font ec-lmr10!
Missing character: There is no ロ (U+30ED) in font ec-lmr10!
Missing character: There is no グ (U+30B0) in font ec-lmr10!
Missing character: There is no ・ (U+30FB) in font ec-lmr10!
Missing character: There is no シ (U+30B7) in font ec-lmr10!
Missing character: There is no ョ (U+30E7) in font ec-lmr10!
Missing character: There is no ー (U+30FC) in font ec-lmr10!
Missing character: There is no ト (U+30C8) in font ec-lmr10!
Missing character: There is no コ (U+30B3) in font ec-lmr10!
Missing character: There is no ー (U+30FC) in font ec-lmr10!
Missing character: There is no ド (U+30C9) in font ec-lmr10!
Missing character: There is no 属 (U+5C5E) in font ec-lmr10!
Missing character: There is no 性 (U+6027) in font ec-lmr10!
Missing character: There is no 内 (U+5185) in font ec-lmr10!
Missing character: There is no の (U+306E) in font ec-lmr10!
Missing character: There is no や (U+3084) in font ec-lmr10!
Missing character: There is no は (U+306F) in font ec-lmr10!
Missing character: There is no 対 (U+5BFE) in font ec-lmr10!
Missing character: There is no 象 (U+8C61) in font ec-lmr10!
Missing character: There is no 外 (U+5916) in font ec-lmr10!
Missing character: There is no ） (U+FF09) in font ec-lmr10!
Missing character: There is no 出 (U+51FA) in font ec-lmr10!
Missing character: There is no 力 (U+529B) in font ec-lmr10!
Missing character: There is no 後 (U+5F8C) in font ec-lmr10!
Missing character: There is no 、 (U+3001) in font ec-lmr10!
Missing character: There is no で (U+3067) in font ec-lmr10!
Missing character: There is no の (U+306E) in font ec-lmr10!
Missing character: There is no 検 (U+691C) in font ec-lmr10!
Missing character: There is no 査 (U+67FB) in font ec-lmr10!
Missing character: There is no を (U+3092) in font ec-lmr10!
Missing character: There is no 想 (U+60F3) in font ec-lmr10!
Missing character: There is no 定 (U+5B9A) in font ec-lmr10!
Missing character: There is no し (U+3057) in font ec-lmr10!
Missing character: There is no た (U+305F) in font ec-lmr10!
Missing character: There is no 書 (U+66F8) in font ec-lmr10!
Missing character: There is no き (U+304D) in font ec-lmr10!
Missing character: There is no 方 (U+65B9) in font ec-lmr10!
Missing character: There is no に (U+306B) in font ec-lmr10!
Missing character: There is no す (U+3059) in font ec-lmr10!
Missing character: There is no る (U+308B) in font ec-lmr10!
Missing character: There is no （ (U+FF08) in font ec-lmr10!
Missing character: There is no 全 (U+5168) in font ec-lmr10!
Missing character: There is no 角 (U+89D2) in font ec-lmr10!
Missing character: There is no 文 (U+6587) in font ec-lmr10!
Missing character: There is no 字 (U+5B57) in font ec-lmr10!
Missing character: There is no に (U+306B) in font ec-lmr10!
Missing character: There is no 接 (U+63A5) in font ec-lmr10!
Missing character: There is no し (U+3057) in font ec-lmr10!
Missing character: There is no て (U+3066) in font ec-lmr10!
Missing character: There is no が (U+304C) in font ec-lmr10!
Missing character: There is no 無 (U+7121) in font ec-lmr10!
Missing character: There is no 効 (U+52B9) in font ec-lmr10!
Missing character: There is no 化 (U+5316) in font ec-lmr10!
Missing character: There is no さ (U+3055) in font ec-lmr10!
Missing character: There is no れ (U+308C) in font ec-lmr10!
Missing character: There is no な (U+306A) in font ec-lmr10!
Missing character: There is no い (U+3044) in font ec-lmr10!
Missing character: There is no よ (U+3088) in font ec-lmr10!
Missing character: There is no う (U+3046) in font ec-lmr10!
Missing character: There is no 、 (U+3001) in font ec-lmr10!
Missing character: There is no 記 (U+8A18) in font ec-lmr10!
Missing character: There is no 号 (U+53F7) in font ec-lmr10!
Missing character: There is no の (U+306E) in font ec-lmr10!
Missing character: There is no 前 (U+524D) in font ec-lmr10!
Missing character: There is no 後 (U+5F8C) in font ec-lmr10!
Missing character: There is no に (U+306B) in font ec-lmr10!
Missing character: There is no ス (U+30B9) in font ec-lmr10!
Missing character: There is no ペ (U+30DA) in font ec-lmr10!
Missing character: There is no ー (U+30FC) in font ec-lmr10!
Missing character: There is no ス (U+30B9) in font ec-lmr10!
Missing character: There is no や (U+3084) in font ec-lmr10!
Missing character: There is no 区 (U+533A) in font ec-lmr10!
Missing character: There is no 切 (U+5207) in font ec-lmr10!
Missing character: There is no り (U+308A) in font ec-lmr10!
Missing character: There is no を (U+3092) in font ec-lmr10!
Missing character: There is no 意 (U+610F) in font ec-lmr10!
Missing character: There is no 識 (U+8B58) in font ec-lmr10!
Missing character: There is no す (U+3059) in font ec-lmr10!
Missing character: There is no る (U+308B) in font ec-lmr10!
Missing character: There is no 。 (U+3002) in font ec-lmr10!
Missing character: There is no ・ (U+30FB) in font ec-lmr10!
Missing character: There is no シ (U+30B7) in font ec-lmr10!
Missing character: There is no ェ (U+30A7) in font ec-lmr10!
Missing character: There is no ル (U+30EB) in font ec-lmr10!
Missing character: There is no コ (U+30B3) in font ec-lmr10!
Missing character: There is no マ (U+30DE) in font ec-lmr10!
Missing character: There is no ン (U+30F3) in font ec-lmr10!
Missing character: There is no ド (U+30C9) in font ec-lmr10!
Missing character: There is no ・ (U+30FB) in font ec-lmr10!
Missing character: There is no カ (U+30AB) in font ec-lmr10!
Missing character: There is no ー (U+30FC) in font ec-lmr10!
Missing character: There is no ネ (U+30CD) in font ec-lmr10!
Missing character: There is no ル (U+30EB) in font ec-lmr10!
Missing character: There is no ロ (U+30ED) in font ec-lmr10!
Missing character: There is no グ (U+30B0) in font ec-lmr10!
Missing character: There is no ・ (U+30FB) in font ec-lmr10!
Missing character: There is no シ (U+30B7) in font ec-lmr10!
Missing character: There is no ョ (U+30E7) in font ec-lmr10!
Missing character: There is no ー (U+30FC) in font ec-lmr10!
Missing character: There is no ト (U+30C8) in font ec-lmr10!
Missing character: There is no コ (U+30B3) in font ec-lmr10!
Missing character: There is no ー (U+30FC) in font ec-lmr10!
Missing character: There is no ド (U+30C9) in font ec-lmr10!
Missing character: There is no 属 (U+5C5E) in font ec-lmr10!
Missing character: There is no 性 (U+6027) in font ec-lmr10!
Missing character: There is no 内 (U+5185) in font ec-lmr10!
Missing character: There is no の (U+306E) in font ec-lmr10!
Missing character: There is no や (U+3084) in font ec-lmr10!
Missing character: There is no は (U+306F) in font ec-lmr10!
Missing character: There is no 対 (U+5BFE) in font ec-lmr10!
Missing character: There is no 象 (U+8C61) in font ec-lmr10!
Missing character: There is no 外 (U+5916) in font ec-lmr10!
Missing character: There is no ） (U+FF09) in font ec-lmr10!
[1

{/usr/local/texlive/2026/texmf-var/fonts/map/pdftex/updmap/pdftex.map}
Missing character: There is no で (U+3067) in font ec-lmr10!
Missing character: There is no 投 (U+6295) in font ec-lmr10!
Missing character: There is no 稿 (U+7A3F) in font ec-lmr10!
Missing character: There is no で (U+3067) in font ec-lmr10!
Missing character: There is no か (U+304B) in font ec-lmr10!
Missing character: There is no ら (U+3089) in font ec-lmr10!
Missing character: There is no で (U+3067) in font ec-lmr10!
Missing character: There is no か (U+304B) in font ec-lmr10!
Missing character: There is no ら (U+3089) in font ec-lmr10!
Missing character: There is no 変 (U+5909) in font ec-lmr10!
Missing character: There is no 換 (U+63DB) in font ec-lmr10!
Missing character: There is no 以 (U+4EE5) in font ec-lmr10!
Missing character: There is no 下 (U+4E0B) in font ec-lmr10!
Missing character: There is no の (U+306E) in font ec-lmr10!
Missing character: There is no 「 (U+300C) in font ec-lmr10!
Missing character: There is no ネ (U+30CD) in font ec-lmr10!
Missing character: There is no タ (U+30BF) in font ec-lmr10!
Missing character: There is no 」 (U+300D) in font ec-lmr10!
Missing character: There is no を (U+3092) in font ec-lmr10!
Missing character: There is no 、 (U+3001) in font ec-lmr10!
Missing character: There is no （ (U+FF08) in font ec-lmr10!
Missing character: There is no テ (U+30C6) in font ec-lmr10!
Missing character: There is no ー (U+30FC) in font ec-lmr10!
Missing character: There is no マ (U+30DE) in font ec-lmr10!
Missing character: There is no ） (U+FF09) in font ec-lmr10!
Missing character: There is no の (U+306E) in font ec-lmr10!
Missing character: There is no に (U+306B) in font ec-lmr10!
Missing character: There is no そ (U+305D) in font ec-lmr10!
Missing character: There is no の (U+306E) in font ec-lmr10!
Missing character: There is no ま (U+307E) in font ec-lmr10!
Missing character: There is no ま (U+307E) in font ec-lmr10!
Missing character: There is no ペ (U+30DA) in font ec-lmr10!
Missing character: There is no ー (U+30FC) in font ec-lmr10!
Missing character: There is no ス (U+30B9) in font ec-lmr10!
Missing character: There is no ト (U+30C8) in font ec-lmr10!
Missing character: There is no で (U+3067) in font ec-lmr10!
Missing character: There is no き (U+304D) in font ec-lmr10!
Missing character: There is no る (U+308B) in font ec-lmr10!
Missing character: There is no 、 (U+3001) in font ec-lmr10!
Missing character: There is no ト (U+30C8) in font ec-lmr10!
Missing character: There is no ッ (U+30C3) in font ec-lmr10!
Missing character: There is no プ (U+30D7) in font ec-lmr10!
Missing character: There is no レ (U+30EC) in font ec-lmr10!
Missing character: There is no ベ (U+30D9) in font ec-lmr10!
Missing character: There is no ル (U+30EB) in font ec-lmr10!
Missing character: There is no 記 (U+8A18) in font ec-lmr10!
Missing character: There is no 事 (U+4E8B) in font ec-lmr10!
Missing character: There is no エ (U+30A8) in font ec-lmr10!
Missing character: There is no ン (U+30F3) in font ec-lmr10!
Missing character: There is no ト (U+30C8) in font ec-lmr10!
Missing character: There is no リ (U+30EA) in font ec-lmr10!
Missing character: There is no の (U+306E) in font ec-lmr10!
Missing character: There is no サ (U+30B5) in font ec-lmr10!
Missing character: There is no ブ (U+30D6) in font ec-lmr10!
Missing character: There is no ツ (U+30C4) in font ec-lmr10!
Missing character: There is no リ (U+30EA) in font ec-lmr10!
Missing character: There is no ー (U+30FC) in font ec-lmr10!
Missing character: There is no に (U+306B) in font ec-lmr10!
Missing character: There is no 変 (U+5909) in font ec-lmr10!
Missing character: There is no 換 (U+63DB) in font ec-lmr10!
Missing character: There is no し (U+3057) in font ec-lmr10!
Missing character: There is no て (U+3066) in font ec-lmr10!
Missing character: There is no く (U+304F) in font ec-lmr10!
Missing character: There is no だ (U+3060) in font ec-lmr10!
Missing character: There is no さ (U+3055) in font ec-lmr10!
Missing character: There is no い (U+3044) in font ec-lmr10!
Missing character: There is no 。 (U+3002) in font ec-lmr10!
Missing character: There is no の (U+306E) in font ec-lmr10!
Missing character: There is no 直 (U+76F4) in font ec-lmr10!
Missing character: There is no 下 (U+4E0B) in font ec-lmr10!
Missing character: There is no に (U+306B) in font ec-lmr10!
Missing character: There is no ぶ (U+3076) in font ec-lmr10!
Missing character: There is no ら (U+3089) in font ec-lmr10!
Missing character: There is no 下 (U+4E0B) in font ec-lmr10!
Missing character: There is no が (U+304C) in font ec-lmr10!
Missing character: There is no る (U+308B) in font ec-lmr10!
Missing character: There is no 形 (U+5F62) in font ec-lmr10!
Missing character: There is no 式 (U+5F0F) in font ec-lmr10!
Missing character: There is no な (U+306A) in font ec-lmr10!
Missing character: There is no の (U+306E) in font ec-lmr10!
Missing character: There is no で (U+3067) in font ec-lmr10!
Missing character: There is no 、 (U+3001) in font ec-lmr10!
Missing character: There is no 見 (U+898B) in font ec-lmr10!
Missing character: There is no 出 (U+51FA) in font ec-lmr10!
Missing character: There is no し (U+3057) in font ec-lmr10!
Missing character: There is no レ (U+30EC) in font ec-lmr10!
Missing character: There is no ベ (U+30D9) in font ec-lmr10!
Missing character: There is no ル (U+30EB) in font ec-lmr10!
Missing character: There is no は (U+306F) in font ec-lmr10!
Missing character: There is no （ (U+FF08) in font ec-lmr10!
Missing character: There is no レ (U+30EC) in font ec-lmr10!
Missing character: There is no ベ (U+30D9) in font ec-lmr10!
Missing character: There is no ル (U+30EB) in font ec-lmr10!
Missing character: There is no ） (U+FF09) in font ec-lmr10!
Missing character: There is no 見 (U+898B) in font ec-lmr10!
Missing character: There is no 出 (U+51FA) in font ec-lmr10!
Missing character: There is no し (U+3057) in font ec-lmr10!
Missing character: There is no 直 (U+76F4) in font ec-lmr10!
Missing character: There is no 後 (U+5F8C) in font ec-lmr10!
Missing character: There is no に (U+306B) in font ec-lmr10!
Missing character: There is no 以 (U+4EE5) in font ec-lmr10!
Missing character: There is no 下 (U+4E0B) in font ec-lmr10!
Missing character: There is no の (U+306E) in font ec-lmr10!
Missing character: There is no ド (U+30C9) in font ec-lmr10!
Missing character: There is no ロ (U+30ED) in font ec-lmr10!
Missing character: There is no ワ (U+30EF) in font ec-lmr10!
Missing character: There is no ー (U+30FC) in font ec-lmr10!
Missing character: There is no を (U+3092) in font ec-lmr10!
Missing character: There is no 付 (U+4ED8) in font ec-lmr10!
Missing character: There is no 与 (U+4E0E) in font ec-lmr10!
Missing character: There is no す (U+3059) in font ec-lmr10!
Missing character: There is no る (U+308B) in font ec-lmr10!
Missing character: There is no （ (U+FF08) in font ec-lmr10!
Missing character: There is no こ (U+3053) in font ec-lmr10!
Missing character: There is no の (U+306E) in font ec-lmr10!
Missing character: There is no フ (U+30D5) in font ec-lmr10!
Missing character: There is no ァ (U+30A1) in font ec-lmr10!
Missing character: There is no イ (U+30A4) in font ec-lmr10!
Missing character: There is no ル (U+30EB) in font ec-lmr10!
Missing character: There is no の (U+306E) in font ec-lmr10!
Missing character: There is no 既 (U+65E2) in font ec-lmr10!
Missing character: There is no 存 (U+5B58) in font ec-lmr10!
Missing character: There is no 記 (U+8A18) in font ec-lmr10!
Missing character: There is no 事 (U+4E8B) in font ec-lmr10!
Missing character: There is no と (U+3068) in font ec-lmr10!
Missing character: There is no 同 (U+540C) in font ec-lmr10!
Missing character: There is no じ (U+3058) in font ec-lmr10!
Missing character: There is no 項 (U+9805) in font ec-lmr10!
Missing character: There is no 目 (U+76EE) in font ec-lmr10!
Missing character: There is no ・ (U+30FB) in font ec-lmr10!
Missing character: There is no 同 (U+540C) in font ec-lmr10!
Missing character: There is no じ (U+3058) in font ec-lmr10!
Missing character: There is no 順 (U+9806) in font ec-lmr10!
Missing character: There is no 序 (U+5E8F) in font ec-lmr10!
Missing character: There is no ） (U+FF09) in font ec-lmr10!
Missing character: There is no タ (U+30BF) in font ec-lmr10!
Missing character: There is no グ (U+30B0) in font ec-lmr10!
Missing character: There is no を (U+3092) in font ec-lmr10!
Missing character: There is no ス (U+30B9) in font ec-lmr10!
Missing character: There is no ペ (U+30DA) in font ec-lmr10!
Missing character: There is no ー (U+30FC) in font ec-lmr10!
Missing character: There is no ス (U+30B9) in font ec-lmr10!
Missing character: There is no 区 (U+533A) in font ec-lmr10!
Missing character: There is no 切 (U+5207) in font ec-lmr10!
Missing character: There is no り (U+308A) in font ec-lmr10!
Missing character: There is no カ (U+30AB) in font ec-lmr10!
Missing character: There is no テ (U+30C6) in font ec-lmr10!
Missing character: There is no ゴ (U+30B4) in font ec-lmr10!
Missing character: There is no リ (U+30EA) in font ec-lmr10!
Missing character: There is no ※ (U+203B) in font ec-lmr10!
Missing character: There is no 化 (U+5316) in font ec-lmr10!
Missing character: There is no 済 (U+6E08) in font ec-lmr10!
Missing character: There is no み (U+307F) in font ec-lmr10!
Missing character: There is no （ (U+FF08) in font ec-lmr10!
Missing character: There is no 〜 (U+301C) in font ec-lmr10!
Missing character: There is no ） (U+FF09) in font ec-lmr10!
Missing character: There is no の (U+306E) in font ec-lmr10!
Missing character: There is no た (U+305F) in font ec-lmr10!
Missing character: There is no め (U+3081) in font ec-lmr10!
Missing character: There is no 、 (U+3001) in font ec-lmr10!
Missing character: There is no は (U+306F) in font ec-lmr10!
Missing character: There is no 常 (U+5E38) in font ec-lmr10!
Missing character: There is no に (U+306B) in font ec-lmr10!
Missing character: There is no 固 (U+56FA) in font ec-lmr10!
Missing character: There is no 定 (U+5B9A) in font ec-lmr10!
Missing character: There is no 。 (U+3002) in font ec-lmr10!
Missing character: There is no 記 (U+8A18) in font ec-lmr10!
Missing character: There is no 事 (U+4E8B) in font ec-lmr10!
Missing character: There is no 固 (U+56FA) in font ec-lmr10!
Missing character: There is no 有 (U+6709) in font ec-lmr10!
Missing character: There is no の (U+306E) in font ec-lmr10!
Missing character: There is no ス (U+30B9) in font ec-lmr10!
Missing character: There is no ラ (U+30E9) in font ec-lmr10!
Missing character: There is no ッ (U+30C3) in font ec-lmr10!
Missing character: There is no グ (U+30B0) in font ec-lmr10!
Missing character: There is no は (U+306F) in font ec-lmr10!
Missing character: There is no 側 (U+5074) in font ec-lmr10!
Missing character: There is no に (U+306B) in font ec-lmr10!
Missing character: There is no 入 (U+5165) in font ec-lmr10!
Missing character: There is no れ (U+308C) in font ec-lmr10!
Missing character: There is no る (U+308B) in font ec-lmr10!
Missing character: There is no こ (U+3053) in font ec-lmr10!
Missing character: There is no と (U+3068) in font ec-lmr10!
Missing character: There is no （ (U+FF08) in font ec-lmr10!
Missing character: There is no は (U+306F) in font ec-lmr10!
Missing character: There is no 等 (U+7B49) in font ec-lmr10!
Missing character: There is no で (U+3067) in font ec-lmr10!
Missing character: There is no 生 (U+751F) in font ec-lmr10!
Missing character: There is no 成 (U+6210) in font ec-lmr10!
Missing character: There is no し (U+3057) in font ec-lmr10!
Missing character: There is no た (U+305F) in font ec-lmr10!
Missing character: There is no 既 (U+65E2) in font ec-lmr10!
Missing character: There is no 存 (U+5B58) in font ec-lmr10!
Missing character: There is no 記 (U+8A18) in font ec-lmr10!
Missing character: There is no 事 (U+4E8B) in font ec-lmr10!
Missing character: There is no と (U+3068) in font ec-lmr10!
Missing character: There is no 同 (U+540C) in font ec-lmr10!
Missing character: There is no じ (U+3058) in font ec-lmr10!
Missing character: There is no 形 (U+5F62) in font ec-lmr10!
Missing character: There is no 式 (U+5F0F) in font ec-lmr10!
Missing character: There is no の (U+306E) in font ec-lmr10!
Missing character: There is no 短 (U+77ED) in font ec-lmr10!
Missing character: There is no 縮 (U+7E2E) in font ec-lmr10!
Missing character: There is no ハ (U+30CF) in font ec-lmr10!
Missing character: There is no ッ (U+30C3) in font ec-lmr10!
Missing character: There is no シ (U+30B7) in font ec-lmr10!
Missing character: There is no ュ (U+30E5) in font ec-lmr10!
Missing character: There is no を (U+3092) in font ec-lmr10!
Missing character: There is no 想 (U+60F3) in font ec-lmr10!
Missing character: There is no 定 (U+5B9A) in font ec-lmr10!
Missing character: There is no ） (U+FF09) in font ec-lmr10!
Missing character: There is no 。 (U+3002) in font ec-lmr10!
Missing character: There is no ※ (U+203B) in font ec-lmr10!
Missing character: There is no は (U+306F) in font ec-lmr10!
Missing character: There is no 空 (U+7A7A) in font ec-lmr10!
Missing character: There is no 欄 (U+6B04) in font ec-lmr10!
Missing character: There is no の (U+306E) in font ec-lmr10!
Missing character: There is no ま (U+307E) in font ec-lmr10!
Missing character: There is no ま (U+307E) in font ec-lmr10!
Missing character: There is no で (U+3067) in font ec-lmr10!
Missing character: There is no よ (U+3088) in font ec-lmr10!
Missing character: There is no い (U+3044) in font ec-lmr10!
Missing character: There is no （ (U+FF08) in font ec-lmr10!
Missing character: There is no の (U+306E) in font ec-lmr10!
Missing character: There is no た (U+305F) in font ec-lmr10!
Missing character: There is no め (U+3081) in font ec-lmr10!
Missing character: There is no 自 (U+81EA) in font ec-lmr10!
Missing character: There is no 動 (U+52D5) in font ec-lmr10!
Missing character: There is no 設 (U+8A2D) in font ec-lmr10!
Missing character: There is no 定 (U+5B9A) in font ec-lmr10!
Missing character: There is no さ (U+3055) in font ec-lmr10!
Missing character: There is no れ (U+308C) in font ec-lmr10!
Missing character: There is no る (U+308B) in font ec-lmr10!
Missing character: There is no ） (U+FF09) in font ec-lmr10!
Missing character: There is no 状 (U+72B6) in font ec-lmr10!
Missing character: There is no 態 (U+614B) in font ec-lmr10!
Missing character: There is no は (U+306F) in font ec-lmr10!
Missing character: There is no 既 (U+65E2) in font ec-lmr10!
Missing character: There is no 存 (U+5B58) in font ec-lmr10!
Missing character: There is no 記 (U+8A18) in font ec-lmr10!
Missing character: There is no 事 (U+4E8B) in font ec-lmr10!
Missing character: There is no の (U+306E) in font ec-lmr10!
Missing character: There is no 慣 (U+6163) in font ec-lmr10!
Missing character: There is no 習 (U+7FD2) in font ec-lmr10!
Missing character: There is no に (U+306B) in font ec-lmr10!
Missing character: There is no 合 (U+5408) in font ec-lmr10!
Missing character: There is no わ (U+308F) in font ec-lmr10!
Missing character: There is no せ (U+305B) in font ec-lmr10!
Missing character: There is no て (U+3066) in font ec-lmr10!
Missing character: There is no 付 (U+4ED8) in font ec-lmr10!
Missing character: There is no 与 (U+4E0E) in font ec-lmr10!
Missing character: There is no す (U+3059) in font ec-lmr10!
Missing character: There is no る (U+308B) in font ec-lmr10!
Missing character: There is no か (U+304B) in font ec-lmr10!
Missing character: There is no 判 (U+5224) in font ec-lmr10!
Missing character: There is no 断 (U+65AD) in font ec-lmr10!
Missing character: There is no す (U+3059) in font ec-lmr10!
Missing character: There is no る (U+308B) in font ec-lmr10!
Missing character: There is no （ (U+FF08) in font ec-lmr10!
Missing character: There is no 下 (U+4E0B) in font ec-lmr10!
Missing character: There is no 書 (U+66F8) in font ec-lmr10!
Missing character: There is no き (U+304D) in font ec-lmr10!
Missing character: There is no 段 (U+6BB5) in font ec-lmr10!
Missing character: There is no 階 (U+968E) in font ec-lmr10!
Missing character: There is no な (U+306A) in font ec-lmr10!
Missing character: There is no ら (U+3089) in font ec-lmr10!
Missing character: There is no 、 (U+3001) in font ec-lmr10!
Missing character: There is no 確 (U+78BA) in font ec-lmr10!
Missing character: There is no 定 (U+5B9A) in font ec-lmr10!
Missing character: There is no な (U+306A) in font ec-lmr10!
Missing character: There is no ら (U+3089) in font ec-lmr10!
Missing character: There is no ま (U+307E) in font ec-lmr10!
Missing character: There is no た (U+305F) in font ec-lmr10!
Missing character: There is no は (U+306F) in font ec-lmr10!
Missing character: There is no 無 (U+7121) in font ec-lmr10!
Missing character: There is no し (U+3057) in font ec-lmr10!
Missing character: There is no ） (U+FF09) in font ec-lmr10!
Missing character: There is no フ (U+30D5) in font ec-lmr10!
Missing character: There is no ラ (U+30E9) in font ec-lmr10!
Missing character: There is no ン (U+30F3) in font ec-lmr10!
Missing character: There is no ク (U+30AF) in font ec-lmr10!
Missing character: There is no な (U+306A) in font ec-lmr10!
Missing character: There is no 一 (U+4E00) in font ec-lmr10!
Missing character: There is no 人 (U+4EBA) in font ec-lmr10!
Missing character: There is no 称 (U+79F0) in font ec-lmr10!
Missing character: There is no ・ (U+30FB) in font ec-lmr10!
Missing character: There is no だ (U+3060) in font ec-lmr10!
Missing character: There is no で (U+3067) in font ec-lmr10!
Missing character: There is no あ (U+3042) in font ec-lmr10!
Missing character: There is no る (U+308B) in font ec-lmr10!
Missing character: There is no 調 (U+8ABF) in font ec-lmr10!
Missing character: There is no （ (U+FF08) in font ec-lmr10!
Missing character: There is no こ (U+3053) in font ec-lmr10!
Missing character: There is no の (U+306E) in font ec-lmr10!
Missing character: There is no フ (U+30D5) in font ec-lmr10!
Missing character: There is no ァ (U+30A1) in font ec-lmr10!
Missing character: There is no イ (U+30A4) in font ec-lmr10!
Missing character: There is no ル (U+30EB) in font ec-lmr10!
Missing character: There is no の (U+306E) in font ec-lmr10!
Missing character: There is no 過 (U+904E) in font ec-lmr10!
Missing character: There is no 去 (U+53BB) in font ec-lmr10!
Missing character: There is no 記 (U+8A18) in font ec-lmr10!
Missing character: There is no 事 (U+4E8B) in font ec-lmr10!
Missing character: There is no の (U+306E) in font ec-lmr10!
Missing character: There is no ト (U+30C8) in font ec-lmr10!
Missing character: There is no ー (U+30FC) in font ec-lmr10!
Missing character: There is no ン (U+30F3) in font ec-lmr10!
Missing character: There is no に (U+306B) in font ec-lmr10!
Missing character: There is no 合 (U+5408) in font ec-lmr10!
Missing character: There is no わ (U+308F) in font ec-lmr10!
Missing character: There is no せ (U+305B) in font ec-lmr10!
Missing character: There is no る (U+308B) in font ec-lmr10!
Missing character: There is no ） (U+FF09) in font ec-lmr10!
Missing character: There is no 新 (U+65B0) in font ec-lmr10!
Missing character: There is no し (U+3057) in font ec-lmr10!
Missing character: There is no い (U+3044) in font ec-lmr10!
Missing character: There is no 感 (U+611F) in font ec-lmr10!
Missing character: There is no 想 (U+60F3) in font ec-lmr10!
Missing character: There is no ・ (U+30FB) in font ec-lmr10!
Missing character: There is no 解 (U+89E3) in font ec-lmr10!
Missing character: There is no 釈 (U+91C8) in font ec-lmr10!
Missing character: There is no ・ (U+30FB) in font ec-lmr10!
Missing character: There is no 事 (U+4E8B) in font ec-lmr10!
Missing character: There is no 実 (U+5B9F) in font ec-lmr10!
Missing character: There is no を (U+3092) in font ec-lmr10!
Missing character: There is no 書 (U+66F8) in font ec-lmr10!
Missing character: There is no き (U+304D) in font ec-lmr10!
Missing character: There is no 足 (U+8DB3) in font ec-lmr10!
Missing character: There is no さ (U+3055) in font ec-lmr10!
Missing character: There is no な (U+306A) in font ec-lmr10!
Missing character: There is no い (U+3044) in font ec-lmr10!
Missing character: There is no 。 (U+3002) in font ec-lmr10!
Missing character: There is no 渡 (U+6E21) in font ec-lmr10!
Missing character: There is no さ (U+3055) in font ec-lmr10!
Missing character: There is no れ (U+308C) in font ec-lmr10!
Missing character: There is no た (U+305F) in font ec-lmr10!
Missing character: There is no 「 (U+300C) in font ec-lmr10!
Missing character: There is no ネ (U+30CD) in font ec-lmr10!
Missing character: There is no タ (U+30BF) in font ec-lmr10!
Missing character: There is no 」 (U+300D) in font ec-lmr10!
Missing character: There is no の (U+306E) in font ec-lmr10!
Missing character: There is no 範 (U+7BC4) in font ec-lmr10!
Missing character: There is no 囲 (U+56F2) in font ec-lmr10!
Missing character: There is no 内 (U+5185) in font ec-lmr10!
Missing character: There is no で (U+3067) in font ec-lmr10!
Missing character: There is no 言 (U+8A00) in font ec-lmr10!
Missing character: There is no い (U+3044) in font ec-lmr10!
Missing character: There is no 回 (U+56DE) in font ec-lmr10!
Missing character: There is no し (U+3057) in font ec-lmr10!
Missing character: There is no を (U+3092) in font ec-lmr10!
Missing character: There is no 整 (U+6574) in font ec-lmr10!
Missing character: There is no え (U+3048) in font ec-lmr10!
Missing character: There is no る (U+308B) in font ec-lmr10!
Missing character: There is no 地 (U+5730) in font ec-lmr10!
Missing character: There is no の (U+306E) in font ec-lmr10!
Missing character: There is no 文 (U+6587) in font ec-lmr10!
Missing character: There is no （ (U+FF08) in font ec-lmr10!
Missing character: There is no 本 (U+672C) in font ec-lmr10!
Missing character: There is no 文 (U+6587) in font ec-lmr10!
Missing character: There is no ） (U+FF09) in font ec-lmr10!
Missing character: There is no は (U+306F) in font ec-lmr10!
Missing character: There is no 記 (U+8A18) in font ec-lmr10!
Missing character: There is no 法 (U+6CD5) in font ec-lmr10!
Missing character: There is no で (U+3067) in font ec-lmr10!
Missing character: There is no 統 (U+7D71) in font ec-lmr10!
Missing character: There is no 一 (U+4E00) in font ec-lmr10!
Missing character: There is no 太 (U+592A) in font ec-lmr10!
Missing character: There is no 字 (U+5B57) in font ec-lmr10!
Missing character: There is no 斜 (U+659C) in font ec-lmr10!
Missing character: There is no 体 (U+4F53) in font ec-lmr10!
Missing character: There is no コ (U+30B3) in font ec-lmr10!
Missing character: There is no ー (U+30FC) in font ec-lmr10!
Missing character: There is no ド (U+30C9) in font ec-lmr10!
Missing character: There is no ブ (U+30D6) in font ec-lmr10!
Missing character: There is no ロ (U+30ED) in font ec-lmr10!
Missing character: There is no ッ (U+30C3) in font ec-lmr10!
Missing character: There is no ク (U+30AF) in font ec-lmr10!
Missing character: There is no の (U+306E) in font ec-lmr10!
Missing character: There is no 中 (U+4E2D) in font ec-lmr10!
Missing character: There is no 身 (U+8EAB) in font ec-lmr10!
Missing character: There is no だ (U+3060) in font ec-lmr10!
Missing character: There is no け (U+3051) in font ec-lmr10!
Missing character: There is no は (U+306F) in font ec-lmr10!
Missing character: There is no 記 (U+8A18) in font ec-lmr10!
Missing character: There is no 法 (U+6CD5) in font ec-lmr10!
Missing character: There is no で (U+3067) in font ec-lmr10!
Missing character: There is no 統 (U+7D71) in font ec-lmr10!
Missing character: There is no 一 (U+4E00) in font ec-lmr10!
Missing character: There is no 太 (U+592A) in font ec-lmr10!
Missing character: There is no 字 (U+5B57) in font ec-lmr10!
Missing character: There is no 斜 (U+659C) in font ec-lmr10!
Missing character: There is no 体 (U+4F53) in font ec-lmr10!
Missing character: There is no （ (U+FF08) in font ec-lmr10!
Missing character: There is no 記 (U+8A18) in font ec-lmr10!
Missing character: There is no 法 (U+6CD5) in font ec-lmr10!
Missing character: There is no と (U+3068) in font ec-lmr10!
Missing character: There is no 記 (U+8A18) in font ec-lmr10!
Missing character: There is no 法 (U+6CD5) in font ec-lmr10!
Missing character: There is no で (U+3067) in font ec-lmr10!
Missing character: There is no 「 (U+300C) in font ec-lmr10!
Missing character: There is no ア (U+30A2) in font ec-lmr10!
Missing character: There is no ス (U+30B9) in font ec-lmr10!
Missing character: There is no タ (U+30BF) in font ec-lmr10!
Missing character: There is no リ (U+30EA) in font ec-lmr10!
Missing character: There is no ス (U+30B9) in font ec-lmr10!
Missing character: There is no ク (U+30AF) in font ec-lmr10!
Missing character: There is no 個 (U+500B) in font ec-lmr10!
Missing character: There is no 」 (U+300D) in font ec-lmr10!
Missing character: There is no の (U+306E) in font ec-lmr10!
Missing character: There is no 意 (U+610F) in font ec-lmr10!
Missing character: There is no 味 (U+5473) in font ec-lmr10!
Missing character: There is no が (U+304C) in font ec-lmr10!
Missing character: There is no 逆 (U+9006) in font ec-lmr10!
Missing character: There is no 転 (U+8EE2) in font ec-lmr10!
Missing character: There is no す (U+3059) in font ec-lmr10!
Missing character: There is no る (U+308B) in font ec-lmr10!
Missing character: There is no た (U+305F) in font ec-lmr10!
Missing character: There is no め (U+3081) in font ec-lmr10!
Missing character: There is no 、 (U+3001) in font ec-lmr10!
Missing character: There is no 混 (U+6DF7) in font ec-lmr10!
Missing character: There is no 在 (U+5728) in font ec-lmr10!
Missing character: There is no さ (U+3055) in font ec-lmr10!
Missing character: There is no せ (U+305B) in font ec-lmr10!
Missing character: There is no な (U+306A) in font ec-lmr10!
Missing character: There is no い (U+3044) in font ec-lmr10!
Missing character: There is no ） (U+FF09) in font ec-lmr10!
Missing character: There is no な (U+306A) in font ec-lmr10!
Missing character: There is no ど (U+3069) in font ec-lmr10!
Missing character: There is no 出 (U+51FA) in font ec-lmr10!
Missing character: There is no 力 (U+529B) in font ec-lmr10!
Missing character: There is no の (U+306E) in font ec-lmr10!
Missing character: There is no 引 (U+5F15) in font ec-lmr10!
Missing character: There is no 用 (U+7528) in font ec-lmr10!
Missing character: There is no は (U+306F) in font ec-lmr10!
Missing character: There is no 文 (U+6587) in font ec-lmr10!
Missing character: There is no 体 (U+4F53) in font ec-lmr10!
Missing character: There is no を (U+3092) in font ec-lmr10!
Missing character: There is no 変 (U+5909) in font ec-lmr10!
Missing character: There is no え (U+3048) in font ec-lmr10!
Missing character: There is no ず (U+305A) in font ec-lmr10!
Missing character: There is no 、 (U+3001) in font ec-lmr10!
Missing character: There is no ま (U+307E) in font ec-lmr10!
Missing character: There is no た (U+305F) in font ec-lmr10!
Missing character: There is no は (U+306F) in font ec-lmr10!
Missing character: There is no の (U+306E) in font ec-lmr10!
Missing character: There is no シ (U+30B7) in font ec-lmr10!
Missing character: There is no ョ (U+30E7) in font ec-lmr10!
Missing character: There is no ー (U+30FC) in font ec-lmr10!
Missing character: There is no ト (U+30C8) in font ec-lmr10!
Missing character: There is no コ (U+30B3) in font ec-lmr10!
Missing character: There is no ー (U+30FC) in font ec-lmr10!
Missing character: There is no ド (U+30C9) in font ec-lmr10!
Missing character: There is no （ (U+FF08) in font ec-lmr10!
Missing character: There is no 経 (U+7D4C) in font ec-lmr10!
Missing character: There is no 由 (U+7531) in font ec-lmr10!
Missing character: There is no ） (U+FF09) in font ec-lmr10!
Missing character: There is no で (U+3067) in font ec-lmr10!
Missing character: There is no 引 (U+5F15) in font ec-lmr10!
Missing character: There is no 用 (U+7528) in font ec-lmr10!
Missing character: There is no で (U+3067) in font ec-lmr10!
Missing character: There is no あ (U+3042) in font ec-lmr10!
Missing character: There is no る (U+308B) in font ec-lmr10!
Missing character: There is no こ (U+3053) in font ec-lmr10!
Missing character: There is no と (U+3068) in font ec-lmr10!
Missing character: There is no を (U+3092) in font ec-lmr10!
Missing character: There is no 明 (U+660E) in font ec-lmr10!
Missing character: There is no 示 (U+793A) in font ec-lmr10!
Missing character: There is no す (U+3059) in font ec-lmr10!
Missing character: There is no る (U+308B) in font ec-lmr10!
Missing character: There is no 見 (U+898B) in font ec-lmr10!
Missing character: There is no 出 (U+51FA) in font ec-lmr10!
Missing character: There is no し (U+3057) in font ec-lmr10!
Missing character: There is no （ (U+FF08) in font ec-lmr10!
Missing character: There is no 〜 (U+301C) in font ec-lmr10!
Missing character: There is no ） (U+FF09) in font ec-lmr10!
Missing character: There is no は (U+306F) in font ec-lmr10!
Missing character: There is no 等 (U+7B49) in font ec-lmr10!
Missing character: There is no の (U+306E) in font ec-lmr10!
Missing character: There is no ブ (U+30D6) in font ec-lmr10!
Missing character: There is no ロ (U+30ED) in font ec-lmr10!
Missing character: There is no ッ (U+30C3) in font ec-lmr10!
Missing character: There is no ク (U+30AF) in font ec-lmr10!
Missing character: There is no 内 (U+5185) in font ec-lmr10!
Missing character: There is no に (U+306B) in font ec-lmr10!
Missing character: There is no は (U+306F) in font ec-lmr10!
Missing character: There is no 入 (U+5165) in font ec-lmr10!
Missing character: There is no れ (U+308C) in font ec-lmr10!
Missing character: There is no な (U+306A) in font ec-lmr10!
Missing character: There is no い (U+3044) in font ec-lmr10!
]
Missing character: There is no ネ (U+30CD) in font ec-lmr10!
Missing character: There is no タ (U+30BF) in font ec-lmr10!
Missing character: There is no こ (U+3053) in font ec-lmr10!
Missing character: There is no こ (U+3053) in font ec-lmr10!
Missing character: There is no に (U+306B) in font ec-lmr10!
Missing character: There is no 元 (U+5143) in font ec-lmr10!
Missing character: There is no ネ (U+30CD) in font ec-lmr10!
Missing character: There is no タ (U+30BF) in font ec-lmr10!
Missing character: There is no ・ (U+30FB) in font ec-lmr10!
Missing character: There is no 会 (U+4F1A) in font ec-lmr10!
Missing character: There is no 話 (U+8A71) in font ec-lmr10!
Missing character: There is no 内 (U+5185) in font ec-lmr10!
Missing character: There is no 容 (U+5BB9) in font ec-lmr10!
Missing character: There is no ・ (U+30FB) in font ec-lmr10!
Missing character: There is no ラ (U+30E9) in font ec-lmr10!
Missing character: There is no フ (U+30D5) in font ec-lmr10!
Missing character: There is no な (U+306A) in font ec-lmr10!
Missing character: There is no 説 (U+8AAC) in font ec-lmr10!
Missing character: There is no 明 (U+660E) in font ec-lmr10!
Missing character: There is no 文 (U+6587) in font ec-lmr10!
Missing character: There is no を (U+3092) in font ec-lmr10!
Missing character: There is no 貼 (U+8CBC) in font ec-lmr10!
Missing character: There is no る (U+308B) in font ec-lmr10!
Missing character: There is no ネ (U+30CD) in font ec-lmr10!
Missing character: There is no タ (U+30BF) in font ec-lmr10!
Missing character: There is no こ (U+3053) in font ec-lmr10!
Missing character: There is no こ (U+3053) in font ec-lmr10!
Missing character: There is no に (U+306B) in font ec-lmr10!
Missing character: There is no 元 (U+5143) in font ec-lmr10!
Missing character: There is no ネ (U+30CD) in font ec-lmr10!
Missing character: There is no タ (U+30BF) in font ec-lmr10!
Missing character: There is no ・ (U+30FB) in font ec-lmr10!
Missing character: There is no 会 (U+4F1A) in font ec-lmr10!
Missing character: There is no 話 (U+8A71) in font ec-lmr10!
Missing character: There is no 内 (U+5185) in font ec-lmr10!
Missing character: There is no 容 (U+5BB9) in font ec-lmr10!
Missing character: There is no ・ (U+30FB) in font ec-lmr10!
Missing character: There is no ラ (U+30E9) in font ec-lmr10!
Missing character: There is no フ (U+30D5) in font ec-lmr10!
Missing character: There is no な (U+306A) in font ec-lmr10!
Missing character: There is no 説 (U+8AAC) in font ec-lmr10!
Missing character: There is no 明 (U+660E) in font ec-lmr10!
Missing character: There is no 文 (U+6587) in font ec-lmr10!
Missing character: There is no を (U+3092) in font ec-lmr10!
Missing character: There is no 貼 (U+8CBC) in font ec-lmr10!
Missing character: There is no る (U+308B) in font ec-lmr10!
LaTeX Font Info:    Trying to load font information for T1+lmss on input line 8
9.
(/usr/local/texlive/2026/texmf-dist/tex/latex/lm/t1lmss.fd
File: t1lmss.fd 2015/05/01 v1.6.1 Font defs for Latin Modern
)
Missing character: There is no 息 (U+606F) in font ec-lmr10!
Missing character: There is no 子 (U+5B50) in font ec-lmr10!
Missing character: There is no が (U+304C) in font ec-lmr10!
Missing character: There is no を (U+3092) in font ec-lmr10!
Missing character: There is no 買 (U+8CB7) in font ec-lmr10!
Missing character: There is no っ (U+3063) in font ec-lmr10!
Missing character: There is no た (U+305F) in font ec-lmr10!
Missing character: There is no と (U+3068) in font ec-lmr10!
Missing character: There is no こ (U+3053) in font ec-lmr10!
Missing character: There is no ろ (U+308D) in font ec-lmr10!
Missing character: There is no 、 (U+3001) in font ec-lmr10!
Missing character: There is no 今 (U+4ECA) in font ec-lmr10!
Missing character: There is no ま (U+307E) in font ec-lmr10!
Missing character: There is no で (U+3067) in font ec-lmr10!
Missing character: There is no 使 (U+4F7F) in font ec-lmr10!
Missing character: There is no っ (U+3063) in font ec-lmr10!
Missing character: There is no て (U+3066) in font ec-lmr10!
Missing character: There is no い (U+3044) in font ec-lmr10!
Missing character: There is no た (U+305F) in font ec-lmr10!
Missing character: There is no で (U+3067) in font ec-lmr10!
Missing character: There is no は (U+306F) in font ec-lmr10!
Missing character: There is no 容 (U+5BB9) in font ec-lmr10!
Missing character: There is no 量 (U+91CF) in font ec-lmr10!
Missing character: There is no が (U+304C) in font ec-lmr10!
Missing character: There is no 足 (U+8DB3) in font ec-lmr10!
Missing character: There is no り (U+308A) in font ec-lmr10!
Missing character: There is no な (U+306A) in font ec-lmr10!
Missing character: There is no く (U+304F) in font ec-lmr10!
Missing character: There is no な (U+306A) in font ec-lmr10!
Missing character: There is no っ (U+3063) in font ec-lmr10!
Missing character: There is no て (U+3066) in font ec-lmr10!
Missing character: There is no し (U+3057) in font ec-lmr10!
Missing character: There is no ま (U+307E) in font ec-lmr10!
Missing character: There is no っ (U+3063) in font ec-lmr10!
Missing character: There is no た (U+305F) in font ec-lmr10!
Missing character: There is no の (U+306E) in font ec-lmr10!
Missing character: There is no で (U+3067) in font ec-lmr10!
Missing character: There is no 、 (U+3001) in font ec-lmr10!
Missing character: There is no 私 (U+79C1) in font ec-lmr10!
Missing character: There is no の (U+306E) in font ec-lmr10!
Missing character: There is no と (U+3068) in font ec-lmr10!
Missing character: There is no 交 (U+4EA4) in font ec-lmr10!
Missing character: There is no 換 (U+63DB) in font ec-lmr10!
Missing character: There is no す (U+3059) in font ec-lmr10!
Missing character: There is no る (U+308B) in font ec-lmr10!
Missing character: There is no こ (U+3053) in font ec-lmr10!
Missing character: There is no と (U+3068) in font ec-lmr10!
Missing character: There is no に (U+306B) in font ec-lmr10!
Missing character: There is no し (U+3057) in font ec-lmr10!
Missing character: There is no た (U+305F) in font ec-lmr10!
Missing character: There is no 。 (U+3002) in font ec-lmr10!
Missing character: There is no 交 (U+4EA4) in font ec-lmr10!
Missing character: There is no 換 (U+63DB) in font ec-lmr10!
Missing character: There is no 後 (U+5F8C) in font ec-lmr10!
Missing character: There is no に (U+306B) in font ec-lmr10!
Missing character: There is no 私 (U+79C1) in font ec-lmr10!
Missing character: There is no が (U+304C) in font ec-lmr10!
Missing character: There is no 使 (U+4F7F) in font ec-lmr10!
Missing character: There is no う (U+3046) in font ec-lmr10!
Missing character: There is no の (U+306E) in font ec-lmr10!
Missing character: There is no は (U+306F) in font ec-lmr10!
Missing character: There is no と (U+3068) in font ec-lmr10!
Missing character: There is no い (U+3044) in font ec-lmr10!
Missing character: There is no う (U+3046) in font ec-lmr10!
Missing character: There is no 少 (U+5C11) in font ec-lmr10!
Missing character: There is no し (U+3057) in font ec-lmr10!
Missing character: There is no 古 (U+53E4) in font ec-lmr10!
Missing character: There is no め (U+3081) in font ec-lmr10!
Missing character: There is no の (U+306E) in font ec-lmr10!
Missing character: There is no な (U+306A) in font ec-lmr10!
Missing character: There is no の (U+306E) in font ec-lmr10!
Missing character: There is no で (U+3067) in font ec-lmr10!
Missing character: There is no 、 (U+3001) in font ec-lmr10!
Missing character: There is no 外 (U+5916) in font ec-lmr10!
Missing character: There is no 付 (U+4ED8) in font ec-lmr10!
Missing character: There is no け (U+3051) in font ec-lmr10!
Missing character: There is no デ (U+30C7) in font ec-lmr10!
Missing character: There is no ィ (U+30A3) in font ec-lmr10!
Missing character: There is no ス (U+30B9) in font ec-lmr10!
Missing character: There is no ク (U+30AF) in font ec-lmr10!
Missing character: There is no を (U+3092) in font ec-lmr10!
Missing character: There is no 用 (U+7528) in font ec-lmr10!
Missing character: There is no に (U+306B) in font ec-lmr10!
Missing character: There is no 割 (U+5272) in font ec-lmr10!
Missing character: There is no り (U+308A) in font ec-lmr10!
Missing character: There is no 当 (U+5F53) in font ec-lmr10!
Missing character: There is no て (U+3066) in font ec-lmr10!
Missing character: There is no て (U+3066) in font ec-lmr10!
Missing character: There is no 、 (U+3001) in font ec-lmr10!
Missing character: There is no 作 (U+4F5C) in font ec-lmr10!
Missing character: There is no 成 (U+6210) in font ec-lmr10!
Missing character: There is no マ (U+30DE) in font ec-lmr10!
Missing character: There is no シ (U+30B7) in font ec-lmr10!
Missing character: There is no ン (U+30F3) in font ec-lmr10!
Missing character: There is no と (U+3068) in font ec-lmr10!
Missing character: There is no し (U+3057) in font ec-lmr10!
Missing character: There is no て (U+3066) in font ec-lmr10!
Missing character: There is no 活 (U+6D3B) in font ec-lmr10!
Missing character: There is no 用 (U+7528) in font ec-lmr10!
Missing character: There is no す (U+3059) in font ec-lmr10!
Missing character: There is no る (U+308B) in font ec-lmr10!
Missing character: There is no こ (U+3053) in font ec-lmr10!
Missing character: There is no と (U+3068) in font ec-lmr10!
Missing character: There is no に (U+306B) in font ec-lmr10!
Missing character: There is no し (U+3057) in font ec-lmr10!
Missing character: There is no た (U+305F) in font ec-lmr10!
Missing character: There is no 。 (U+3002) in font ec-lmr10!
Missing character: There is no 息 (U+606F) in font ec-lmr10!
Missing character: There is no 子 (U+5B50) in font ec-lmr10!
Missing character: There is no が (U+304C) in font ec-lmr10!
Missing character: There is no を (U+3092) in font ec-lmr10!
Missing character: There is no 買 (U+8CB7) in font ec-lmr10!
Missing character: There is no っ (U+3063) in font ec-lmr10!
Missing character: There is no た (U+305F) in font ec-lmr10!
Missing character: There is no と (U+3068) in font ec-lmr10!
Missing character: There is no こ (U+3053) in font ec-lmr10!
Missing character: There is no ろ (U+308D) in font ec-lmr10!
Missing character: There is no 、 (U+3001) in font ec-lmr10!
Missing character: There is no 今 (U+4ECA) in font ec-lmr10!
Missing character: There is no ま (U+307E) in font ec-lmr10!
Missing character: There is no で (U+3067) in font ec-lmr10!
Missing character: There is no 使 (U+4F7F) in font ec-lmr10!
Missing character: There is no っ (U+3063) in font ec-lmr10!
Missing character: There is no て (U+3066) in font ec-lmr10!
Missing character: There is no い (U+3044) in font ec-lmr10!
Missing character: There is no た (U+305F) in font ec-lmr10!
Missing character: There is no で (U+3067) in font ec-lmr10!
Missing character: There is no は (U+306F) in font ec-lmr10!
Missing character: There is no 容 (U+5BB9) in font ec-lmr10!
Missing character: There is no 量 (U+91CF) in font ec-lmr10!
Missing character: There is no が (U+304C) in font ec-lmr10!
Missing character: There is no 足 (U+8DB3) in font ec-lmr10!
Missing character: There is no り (U+308A) in font ec-lmr10!
Missing character: There is no な (U+306A) in font ec-lmr10!
Missing character: There is no く (U+304F) in font ec-lmr10!
Missing character: There is no な (U+306A) in font ec-lmr10!
Missing character: There is no っ (U+3063) in font ec-lmr10!
Missing character: There is no て (U+3066) in font ec-lmr10!
Missing character: There is no し (U+3057) in font ec-lmr10!
Missing character: There is no ま (U+307E) in font ec-lmr10!
Missing character: There is no っ (U+3063) in font ec-lmr10!
Missing character: There is no た (U+305F) in font ec-lmr10!
Missing character: There is no の (U+306E) in font ec-lmr10!
Missing character: There is no で (U+3067) in font ec-lmr10!
Missing character: There is no 、 (U+3001) in font ec-lmr10!
Missing character: There is no 私 (U+79C1) in font ec-lmr10!
Missing character: There is no の (U+306E) in font ec-lmr10!
Missing character: There is no と (U+3068) in font ec-lmr10!
Missing character: There is no 交 (U+4EA4) in font ec-lmr10!
Missing character: There is no 換 (U+63DB) in font ec-lmr10!
Missing character: There is no す (U+3059) in font ec-lmr10!
Missing character: There is no る (U+308B) in font ec-lmr10!
Missing character: There is no こ (U+3053) in font ec-lmr10!
Missing character: There is no と (U+3068) in font ec-lmr10!
Missing character: There is no に (U+306B) in font ec-lmr10!
Missing character: There is no し (U+3057) in font ec-lmr10!
Missing character: There is no た (U+305F) in font ec-lmr10!
Missing character: There is no 。 (U+3002) in font ec-lmr10!
Missing character: There is no 交 (U+4EA4) in font ec-lmr10!
Missing character: There is no 換 (U+63DB) in font ec-lmr10!
Missing character: There is no 後 (U+5F8C) in font ec-lmr10!
Missing character: There is no に (U+306B) in font ec-lmr10!
Missing character: There is no 私 (U+79C1) in font ec-lmr10!
Missing character: There is no が (U+304C) in font ec-lmr10!
Missing character: There is no 使 (U+4F7F) in font ec-lmr10!
Missing character: There is no う (U+3046) in font ec-lmr10!
Missing character: There is no の (U+306E) in font ec-lmr10!
Missing character: There is no は (U+306F) in font ec-lmr10!
Missing character: There is no と (U+3068) in font ec-lmr10!
Missing character: There is no い (U+3044) in font ec-lmr10!
Missing character: There is no う (U+3046) in font ec-lmr10!
Missing character: There is no 少 (U+5C11) in font ec-lmr10!
Missing character: There is no し (U+3057) in font ec-lmr10!
Missing character: There is no 古 (U+53E4) in font ec-lmr10!
Missing character: There is no め (U+3081) in font ec-lmr10!
Missing character: There is no の (U+306E) in font ec-lmr10!
Missing character: There is no な (U+306A) in font ec-lmr10!
Missing character: There is no の (U+306E) in font ec-lmr10!
Missing character: There is no で (U+3067) in font ec-lmr10!
Missing character: There is no 、 (U+3001) in font ec-lmr10!
Missing character: There is no 外 (U+5916) in font ec-lmr10!
Missing character: There is no 付 (U+4ED8) in font ec-lmr10!
Missing character: There is no け (U+3051) in font ec-lmr10!
Missing character: There is no デ (U+30C7) in font ec-lmr10!
Missing character: There is no ィ (U+30A3) in font ec-lmr10!
Missing character: There is no ス (U+30B9) in font ec-lmr10!
Missing character: There is no ク (U+30AF) in font ec-lmr10!
Missing character: There is no を (U+3092) in font ec-lmr10!
Missing character: There is no 用 (U+7528) in font ec-lmr10!
Missing character: There is no に (U+306B) in font ec-lmr10!
Missing character: There is no 割 (U+5272) in font ec-lmr10!
Missing character: There is no り (U+308A) in font ec-lmr10!
Missing character: There is no 当 (U+5F53) in font ec-lmr10!
Missing character: There is no て (U+3066) in font ec-lmr10!
Missing character: There is no て (U+3066) in font ec-lmr10!
Missing character: There is no 、 (U+3001) in font ec-lmr10!
Missing character: There is no 作 (U+4F5C) in font ec-lmr10!
Missing character: There is no 成 (U+6210) in font ec-lmr10!
Missing character: There is no マ (U+30DE) in font ec-lmr10!
Missing character: There is no シ (U+30B7) in font ec-lmr10!
Missing character: There is no ン (U+30F3) in font ec-lmr10!
Missing character: There is no と (U+3068) in font ec-lmr10!
Missing character: There is no し (U+3057) in font ec-lmr10!
Missing character: There is no て (U+3066) in font ec-lmr10!
Missing character: There is no 活 (U+6D3B) in font ec-lmr10!
Missing character: There is no 用 (U+7528) in font ec-lmr10!
Missing character: There is no す (U+3059) in font ec-lmr10!
Missing character: There is no る (U+308B) in font ec-lmr10!
Missing character: There is no こ (U+3053) in font ec-lmr10!
Missing character: There is no と (U+3068) in font ec-lmr10!
Missing character: There is no に (U+306B) in font ec-lmr10!
Missing character: There is no し (U+3057) in font ec-lmr10!
Missing character: There is no た (U+305F) in font ec-lmr10!
Missing character: There is no 。 (U+3002) in font ec-lmr10!
Missing character: There is no の (U+306E) in font ec-lmr10!
Missing character: There is no イ (U+30A4) in font ec-lmr10!
Missing character: There is no メ (U+30E1) in font ec-lmr10!
Missing character: There is no ー (U+30FC) in font ec-lmr10!
Missing character: There is no ジ (U+30B8) in font ec-lmr10!
Missing character: There is no 作 (U+4F5C) in font ec-lmr10!
Missing character: There is no 成 (U+6210) in font ec-lmr10!
Missing character: There is no に (U+306B) in font ec-lmr10!
Missing character: There is no は (U+306F) in font ec-lmr10!
Missing character: There is no 、 (U+3001) in font ec-lmr10!
Missing character: There is no 以 (U+4EE5) in font ec-lmr10!
Missing character: There is no 前 (U+524D) in font ec-lmr10!
Missing character: There is no は (U+306F) in font ec-lmr10!
Missing character: There is no を (U+3092) in font ec-lmr10!
Missing character: There is no 使 (U+4F7F) in font ec-lmr10!
Missing character: There is no っ (U+3063) in font ec-lmr10!
Missing character: There is no て (U+3066) in font ec-lmr10!
Missing character: There is no い (U+3044) in font ec-lmr10!
Missing character: There is no た (U+305F) in font ec-lmr10!
Missing character: There is no の (U+306E) in font ec-lmr10!
Missing character: There is no だ (U+3060) in font ec-lmr10!
Missing character: There is no け (U+3051) in font ec-lmr10!
Missing character: There is no ど (U+3069) in font ec-lmr10!
Missing character: There is no 、 (U+3001) in font ec-lmr10!
Missing character: There is no 自 (U+81EA) in font ec-lmr10!
Missing character: There is no 分 (U+5206) in font ec-lmr10!
Missing character: There is no し (U+3057) in font ec-lmr10!
Missing character: There is no か (U+304B) in font ec-lmr10!
Missing character: There is no 使 (U+4F7F) in font ec-lmr10!
Missing character: There is no わ (U+308F) in font ec-lmr10!
Missing character: There is no な (U+306A) in font ec-lmr10!
Missing character: There is no い (U+3044) in font ec-lmr10!
Missing character: There is no も (U+3082) in font ec-lmr10!
Missing character: There is no の (U+306E) in font ec-lmr10!
Missing character: There is no な (U+306A) in font ec-lmr10!
Missing character: There is no の (U+306E) in font ec-lmr10!
Missing character: There is no で (U+3067) in font ec-lmr10!
Missing character: There is no 、 (U+3001) in font ec-lmr10!
Missing character: There is no も (U+3082) in font ec-lmr10!
Missing character: There is no う (U+3046) in font ec-lmr10!
Missing character: There is no 少 (U+5C11) in font ec-lmr10!
Missing character: There is no し (U+3057) in font ec-lmr10!
Missing character: There is no 手 (U+624B) in font ec-lmr10!
Missing character: There is no 軽 (U+8EFD) in font ec-lmr10!
Missing character: There is no な (U+306A) in font ec-lmr10!
Missing character: There is no 方 (U+65B9) in font ec-lmr10!
Missing character: There is no 法 (U+6CD5) in font ec-lmr10!
Missing character: There is no に (U+306B) in font ec-lmr10!
Missing character: There is no 切 (U+5207) in font ec-lmr10!
Missing character: There is no り (U+308A) in font ec-lmr10!
Missing character: There is no 替 (U+66FF) in font ec-lmr10!
Missing character: There is no え (U+3048) in font ec-lmr10!
Missing character: There is no る (U+308B) in font ec-lmr10!
Missing character: There is no こ (U+3053) in font ec-lmr10!
Missing character: There is no と (U+3068) in font ec-lmr10!
Missing character: There is no に (U+306B) in font ec-lmr10!
Missing character: There is no す (U+3059) in font ec-lmr10!
Missing character: There is no る (U+308B) in font ec-lmr10!
Missing character: There is no 。 (U+3002) in font ec-lmr10!
Missing character: There is no の (U+306E) in font ec-lmr10!
Missing character: There is no イ (U+30A4) in font ec-lmr10!
Missing character: There is no メ (U+30E1) in font ec-lmr10!
Missing character: There is no ー (U+30FC) in font ec-lmr10!
Missing character: There is no ジ (U+30B8) in font ec-lmr10!
Missing character: There is no 作 (U+4F5C) in font ec-lmr10!
Missing character: There is no 成 (U+6210) in font ec-lmr10!
Missing character: There is no に (U+306B) in font ec-lmr10!
Missing character: There is no は (U+306F) in font ec-lmr10!
Missing character: There is no 、 (U+3001) in font ec-lmr10!
Missing character: There is no 以 (U+4EE5) in font ec-lmr10!
Missing character: There is no 前 (U+524D) in font ec-lmr10!
Missing character: There is no は (U+306F) in font ec-lmr10!
Missing character: There is no を (U+3092) in font ec-lmr10!
Missing character: There is no 使 (U+4F7F) in font ec-lmr10!
Missing character: There is no っ (U+3063) in font ec-lmr10!
Missing character: There is no て (U+3066) in font ec-lmr10!
Missing character: There is no い (U+3044) in font ec-lmr10!
Missing character: There is no た (U+305F) in font ec-lmr10!
Missing character: There is no の (U+306E) in font ec-lmr10!
Missing character: There is no だ (U+3060) in font ec-lmr10!
Missing character: There is no け (U+3051) in font ec-lmr10!
Missing character: There is no ど (U+3069) in font ec-lmr10!
Missing character: There is no 、 (U+3001) in font ec-lmr10!
Missing character: There is no 自 (U+81EA) in font ec-lmr10!
Missing character: There is no 分 (U+5206) in font ec-lmr10!
Missing character: There is no し (U+3057) in font ec-lmr10!
Missing character: There is no か (U+304B) in font ec-lmr10!
Missing character: There is no 使 (U+4F7F) in font ec-lmr10!
Missing character: There is no わ (U+308F) in font ec-lmr10!
Missing character: There is no な (U+306A) in font ec-lmr10!
Missing character: There is no い (U+3044) in font ec-lmr10!
Missing character: There is no も (U+3082) in font ec-lmr10!
Missing character: There is no の (U+306E) in font ec-lmr10!
Missing character: There is no な (U+306A) in font ec-lmr10!
Missing character: There is no の (U+306E) in font ec-lmr10!
Missing character: There is no で (U+3067) in font ec-lmr10!
Missing character: There is no 、 (U+3001) in font ec-lmr10!
Missing character: There is no も (U+3082) in font ec-lmr10!
Missing character: There is no う (U+3046) in font ec-lmr10!
Missing character: There is no 少 (U+5C11) in font ec-lmr10!
Missing character: There is no し (U+3057) in font ec-lmr10!
Missing character: There is no 手 (U+624B) in font ec-lmr10!
Missing character: There is no 軽 (U+8EFD) in font ec-lmr10!
Missing character: There is no な (U+306A) in font ec-lmr10!
Missing character: There is no 方 (U+65B9) in font ec-lmr10!
Missing character: There is no 法 (U+6CD5) in font ec-lmr10!
Missing character: There is no に (U+306B) in font ec-lmr10!
Missing character: There is no 切 (U+5207) in font ec-lmr10!
Missing character: There is no り (U+308A) in font ec-lmr10!
Missing character: There is no 替 (U+66FF) in font ec-lmr10!
Missing character: There is no え (U+3048) in font ec-lmr10!
Missing character: There is no る (U+308B) in font ec-lmr10!
Missing character: There is no こ (U+3053) in font ec-lmr10!
Missing character: There is no と (U+3068) in font ec-lmr10!
Missing character: There is no に (U+306B) in font ec-lmr10!
Missing character: There is no す (U+3059) in font ec-lmr10!
Missing character: There is no る (U+308B) in font ec-lmr10!
Missing character: There is no 。 (U+3002) in font ec-lmr10!
Missing character: There is no パ (U+30D1) in font ec-lmr10!
Missing character: There is no ー (U+30FC) in font ec-lmr10!
Missing character: There is no テ (U+30C6) in font ec-lmr10!
Missing character: There is no ィ (U+30A3) in font ec-lmr10!
Missing character: There is no シ (U+30B7) in font ec-lmr10!
Missing character: There is no ョ (U+30E7) in font ec-lmr10!
Missing character: There is no ン (U+30F3) in font ec-lmr10!
Missing character: There is no レ (U+30EC) in font ec-lmr10!
Missing character: There is no イ (U+30A4) in font ec-lmr10!
Missing character: There is no ア (U+30A2) in font ec-lmr10!
Missing character: There is no ウ (U+30A6) in font ec-lmr10!
Missing character: There is no ト (U+30C8) in font ec-lmr10!
Missing character: There is no は (U+306F) in font ec-lmr10!
Missing character: There is no こ (U+3053) in font ec-lmr10!
Missing character: There is no ん (U+3093) in font ec-lmr10!
Missing character: There is no な (U+306A) in font ec-lmr10!
Missing character: There is no 感 (U+611F) in font ec-lmr10!
Missing character: There is no じ (U+3058) in font ec-lmr10!
Missing character: There is no 。 (U+3002) in font ec-lmr10!
Missing character: There is no パ (U+30D1) in font ec-lmr10!
Missing character: There is no ー (U+30FC) in font ec-lmr10!
Missing character: There is no テ (U+30C6) in font ec-lmr10!
Missing character: There is no ィ (U+30A3) in font ec-lmr10!
Missing character: There is no シ (U+30B7) in font ec-lmr10!
Missing character: There is no ョ (U+30E7) in font ec-lmr10!
Missing character: There is no ン (U+30F3) in font ec-lmr10!
Missing character: There is no レ (U+30EC) in font ec-lmr10!
Missing character: There is no イ (U+30A4) in font ec-lmr10!
Missing character: There is no ア (U+30A2) in font ec-lmr10!
Missing character: There is no ウ (U+30A6) in font ec-lmr10!
Missing character: There is no ト (U+30C8) in font ec-lmr10!
Missing character: There is no は (U+306F) in font ec-lmr10!
Missing character: There is no こ (U+3053) in font ec-lmr10!
Missing character: There is no ん (U+3093) in font ec-lmr10!
Missing character: There is no な (U+306A) in font ec-lmr10!
Missing character: There is no 感 (U+611F) in font ec-lmr10!
Missing character: There is no じ (U+3058) in font ec-lmr10!
Missing character: There is no 。 (U+3002) in font ec-lmr10!
Missing character: There is no デ (U+30C7) in font ec-lmtt10!
Missing character: There is no ィ (U+30A3) in font ec-lmtt10!
Missing character: There is no ス (U+30B9) in font ec-lmtt10!
Missing character: There is no ク (U+30AF) in font ec-lmtt10!
Missing character: There is no バ (U+30D0) in font ec-lmtt10!
Missing character: There is no イ (U+30A4) in font ec-lmtt10!
Missing character: There is no ト (U+30C8) in font ec-lmtt10!
Missing character: There is no デ (U+30C7) in font ec-lmtt10!
Missing character: There is no ィ (U+30A3) in font ec-lmtt10!
Missing character: There is no ス (U+30B9) in font ec-lmtt10!
Missing character: There is no ク (U+30AF) in font ec-lmtt10!
Missing character: There is no バ (U+30D0) in font ec-lmtt10!
Missing character: There is no イ (U+30A4) in font ec-lmtt10!
Missing character: There is no ト (U+30C8) in font ec-lmtt10!
Missing character: There is no ヘ (U+30D8) in font ec-lmtt10!
Missing character: There is no ッ (U+30C3) in font ec-lmtt10!
Missing character: There is no ド (U+30C9) in font ec-lmtt10!
Missing character: There is no セ (U+30BB) in font ec-lmtt10!
Missing character: There is no ク (U+30AF) in font ec-lmtt10!
Missing character: There is no タ (U+30BF) in font ec-lmtt10!
Missing character: There is no シ (U+30B7) in font ec-lmtt10!
Missing character: There is no リ (U+30EA) in font ec-lmtt10!
Missing character: There is no ン (U+30F3) in font ec-lmtt10!
Missing character: There is no ダ (U+30C0) in font ec-lmtt10!
Missing character: There is no ヘ (U+30D8) in font ec-lmtt10!
Missing character: There is no ッ (U+30C3) in font ec-lmtt10!
Missing character: There is no ド (U+30C9) in font ec-lmtt10!
Missing character: There is no セ (U+30BB) in font ec-lmtt10!
Missing character: There is no ク (U+30AF) in font ec-lmtt10!
Missing character: There is no タ (U+30BF) in font ec-lmtt10!
Missing character: There is no シ (U+30B7) in font ec-lmtt10!
Missing character: There is no リ (U+30EA) in font ec-lmtt10!
Missing character: There is no ン (U+30F3) in font ec-lmtt10!
Missing character: There is no ダ (U+30C0) in font ec-lmtt10!
Missing character: There is no シ (U+30B7) in font ec-lmtt10!
Missing character: There is no リ (U+30EA) in font ec-lmtt10!
Missing character: There is no ン (U+30F3) in font ec-lmtt10!
Missing character: There is no ダ (U+30C0) in font ec-lmtt10!
Missing character: There is no 数 (U+6570) in font ec-lmtt10!
Missing character: There is no バ (U+30D0) in font ec-lmtt10!
Missing character: There is no イ (U+30A4) in font ec-lmtt10!
Missing character: There is no ト (U+30C8) in font ec-lmtt10!
Missing character: There is no シ (U+30B7) in font ec-lmtt10!
Missing character: There is no リ (U+30EA) in font ec-lmtt10!
Missing character: There is no ン (U+30F3) in font ec-lmtt10!
Missing character: There is no ダ (U+30C0) in font ec-lmtt10!
Missing character: There is no 数 (U+6570) in font ec-lmtt10!
Missing character: There is no バ (U+30D0) in font ec-lmtt10!
Missing character: There is no イ (U+30A4) in font ec-lmtt10!
Missing character: There is no ト (U+30C8) in font ec-lmtt10!
Missing character: There is no デ (U+30C7) in font ec-lmtt10!
Missing character: There is no ィ (U+30A3) in font ec-lmtt10!
Missing character: There is no ス (U+30B9) in font ec-lmtt10!
Missing character: There is no ク (U+30AF) in font ec-lmtt10!
Missing character: There is no 識 (U+8B58) in font ec-lmtt10!
Missing character: There is no 別 (U+5225) in font ec-lmtt10!
Missing character: There is no 子 (U+5B50) in font ec-lmtt10!
Missing character: There is no デ (U+30C7) in font ec-lmtt10!
Missing character: There is no ィ (U+30A3) in font ec-lmtt10!
Missing character: There is no ス (U+30B9) in font ec-lmtt10!
Missing character: There is no ク (U+30AF) in font ec-lmtt10!
Missing character: There is no 識 (U+8B58) in font ec-lmtt10!
Missing character: There is no 別 (U+5225) in font ec-lmtt10!
Missing character: There is no 子 (U+5B50) in font ec-lmtt10!
Missing character: There is no デ (U+30C7) in font ec-lmtt10!
Missing character: There is no バ (U+30D0) in font ec-lmtt10!
Missing character: There is no イ (U+30A4) in font ec-lmtt10!
Missing character: There is no ス (U+30B9) in font ec-lmtt10!
Missing character: There is no ブ (U+30D6) in font ec-lmtt10!
Missing character: There is no ー (U+30FC) in font ec-lmtt10!
Missing character: There is no ト (U+30C8) in font ec-lmtt10!
Missing character: There is no 始 (U+59CB) in font ec-lmtt10!
Missing character: There is no 点 (U+70B9) in font ec-lmtt10!
Missing character: There is no 終 (U+7D42) in font ec-lmtt10!
Missing character: There is no 点 (U+70B9) in font ec-lmtt10!
Missing character: There is no ブ (U+30D6) in font ec-lmtt10!
Missing character: There is no ロ (U+30ED) in font ec-lmtt10!
Missing character: There is no ッ (U+30C3) in font ec-lmtt10!
Missing character: There is no ク (U+30AF) in font ec-lmtt10!
Missing character: There is no シ (U+30B7) in font ec-lmtt10!
Missing character: There is no ス (U+30B9) in font ec-lmtt10!
Missing character: There is no テ (U+30C6) in font ec-lmtt10!
Missing character: There is no ム (U+30E0) in font ec-lmtt10!
Missing character: There is no デ (U+30C7) in font ec-lmtt10!
Missing character: There is no バ (U+30D0) in font ec-lmtt10!
Missing character: There is no イ (U+30A4) in font ec-lmtt10!
Missing character: There is no ス (U+30B9) in font ec-lmtt10!
Missing character: There is no ブ (U+30D6) in font ec-lmtt10!
Missing character: There is no ー (U+30FC) in font ec-lmtt10!
Missing character: There is no ト (U+30C8) in font ec-lmtt10!
Missing character: There is no 始 (U+59CB) in font ec-lmtt10!
Missing character: There is no 点 (U+70B9) in font ec-lmtt10!
Missing character: There is no 終 (U+7D42) in font ec-lmtt10!
Missing character: There is no 点 (U+70B9) in font ec-lmtt10!
Missing character: There is no ブ (U+30D6) in font ec-lmtt10!
Missing character: There is no ロ (U+30ED) in font ec-lmtt10!
Missing character: There is no ッ (U+30C3) in font ec-lmtt10!
Missing character: There is no ク (U+30AF) in font ec-lmtt10!
Missing character: There is no シ (U+30B7) in font ec-lmtt10!
Missing character: There is no ス (U+30B9) in font ec-lmtt10!
Missing character: There is no テ (U+30C6) in font ec-lmtt10!
Missing character: There is no ム (U+30E0) in font ec-lmtt10!

Overfull \hbox (2.17021pt too wide) in paragraph at lines 121--121
[]\T1/lmtt/m/n/10.95 none    /proc/sys/fs/binfmt_misc    binfmt_misc defaults  
  0 0[] 
 []


Overfull \hbox (25.16515pt too wide) in paragraph at lines 121--121
[]\T1/lmtt/m/n/10.95 /var/tmp/jail/portage   /usr/portage    none        bind,rw
     0 0[] 
 []


Overfull \hbox (71.15501pt too wide) in paragraph at lines 121--121
[]\T1/lmtt/m/n/10.95 /var/tmp/jail/local-portage /usr/local/portage  none      
  bind,rw     0 0[] 
 []


Overfull \hbox (71.15501pt too wide) in paragraph at lines 121--121
[]\T1/lmtt/m/n/10.95 /var/tmp/jail/distfiles /usr/portage/distfiles  none      
  bind,rw     0 0[] 
 []

Missing character: There is no の (U+306E) in font ec-lmbx10!
Missing character: There is no 起 (U+8D77) in font ec-lmbx10!
Missing character: There is no 動 (U+52D5) in font ec-lmbx10!
Missing character: There is no は (U+306F) in font ec-lmbx10!
Missing character: There is no で (U+3067) in font ec-lmbx10!
Missing character: There is no 行 (U+884C) in font ec-lmbx10!
Missing character: There is no う (U+3046) in font ec-lmbx10!
Missing character: There is no の (U+306E) in font ec-lmbx10!
Missing character: There is no 起 (U+8D77) in font ec-lmbx10!
Missing character: There is no 動 (U+52D5) in font ec-lmbx10!
Missing character: There is no は (U+306F) in font ec-lmbx10!
Missing character: There is no で (U+3067) in font ec-lmbx10!
Missing character: There is no 行 (U+884C) in font ec-lmbx10!
Missing character: There is no う (U+3046) in font ec-lmbx10!

Overfull \hbox (76.90375pt too wide) in paragraph at lines 192--192
[]\T1/lmtt/m/n/10.95 # This is a sample grub.conf for use with Genkernel, per th
e Gentoo handbook[] 
 []


Overfull \hbox (105.64742pt too wide) in paragraph at lines 192--192
[]\T1/lmtt/m/n/10.95 # http://www.gentoo.org/doc/en/handbook/handbook-x86.xml?pa
rt=1&chap=10#doc_chap2[] 
 []


Overfull \hbox (65.40628pt too wide) in paragraph at lines 192--192
[]\T1/lmtt/m/n/10.95 # If you are not using Genkernel and you need help creating
 this file, you[] 
 []

[2
Missing character: There is no 出 (U+51FA) in font ec-lmr10!
Missing character: There is no 力 (U+529B) in font ec-lmr10!
Missing character: There is no 後 (U+5F8C) in font ec-lmr10!
Missing character: There is no 、 (U+3001) in font ec-lmr10!
Missing character: There is no で (U+3067) in font ec-lmr10!
Missing character: There is no の (U+306E) in font ec-lmr10!
Missing character: There is no 検 (U+691C) in font ec-lmr10!
Missing character: There is no 査 (U+67FB) in font ec-lmr10!
Missing character: There is no を (U+3092) in font ec-lmr10!
Missing character: There is no 想 (U+60F3) in font ec-lmr10!
Missing character: There is no 定 (U+5B9A) in font ec-lmr10!
Missing character: There is no し (U+3057) in font ec-lmr10!
Missing character: There is no た (U+305F) in font ec-lmr10!
Missing character: There is no 書 (U+66F8) in font ec-lmr10!
Missing character: There is no き (U+304D) in font ec-lmr10!
Missing character: There is no 方 (U+65B9) in font ec-lmr10!
Missing character: There is no に (U+306B) in font ec-lmr10!
Missing character: There is no す (U+3059) in font ec-lmr10!
Missing character: There is no る (U+308B) in font ec-lmr10!
Missing character: There is no （ (U+FF08) in font ec-lmr10!
Missing character: There is no 全 (U+5168) in font ec-lmr10!
Missing character: There is no 角 (U+89D2) in font ec-lmr10!
Missing character: There is no 文 (U+6587) in font ec-lmr10!
Missing character: There is no 字 (U+5B57) in font ec-lmr10!
Missing character: There is no に (U+306B) in font ec-lmr10!
Missing character: There is no 接 (U+63A5) in font ec-lmr10!
Missing character: There is no し (U+3057) in font ec-lmr10!
Missing character: There is no て (U+3066) in font ec-lmr10!
Missing character: There is no が (U+304C) in font ec-lmr10!
Missing character: There is no 無 (U+7121) in font ec-lmr10!
Missing character: There is no 効 (U+52B9) in font ec-lmr10!
Missing character: There is no 化 (U+5316) in font ec-lmr10!
Missing character: There is no さ (U+3055) in font ec-lmr10!
Missing character: There is no れ (U+308C) in font ec-lmr10!
Missing character: There is no な (U+306A) in font ec-lmr10!
Missing character: There is no い (U+3044) in font ec-lmr10!
Missing character: There is no よ (U+3088) in font ec-lmr10!
Missing character: There is no う (U+3046) in font ec-lmr10!
Missing character: There is no 、 (U+3001) in font ec-lmr10!
Missing character: There is no 記 (U+8A18) in font ec-lmr10!
Missing character: There is no 号 (U+53F7) in font ec-lmr10!
Missing character: There is no の (U+306E) in font ec-lmr10!
Missing character: There is no 前 (U+524D) in font ec-lmr10!
Missing character: There is no 後 (U+5F8C) in font ec-lmr10!
Missing character: There is no に (U+306B) in font ec-lmr10!
Missing character: There is no ス (U+30B9) in font ec-lmr10!
Missing character: There is no ペ (U+30DA) in font ec-lmr10!
Missing character: There is no ー (U+30FC) in font ec-lmr10!
Missing character: There is no ス (U+30B9) in font ec-lmr10!
Missing character: There is no や (U+3084) in font ec-lmr10!
Missing character: There is no 区 (U+533A) in font ec-lmr10!
Missing character: There is no 切 (U+5207) in font ec-lmr10!
Missing character: There is no り (U+308A) in font ec-lmr10!
Missing character: There is no を (U+3092) in font ec-lmr10!
Missing character: There is no 意 (U+610F) in font ec-lmr10!
Missing character: There is no 識 (U+8B58) in font ec-lmr10!
Missing character: There is no す (U+3059) in font ec-lmr10!
Missing character: There is no る (U+308B) in font ec-lmr10!
Missing character: There is no 。 (U+3002) in font ec-lmr10!
Missing character: There is no ・ (U+30FB) in font ec-lmr10!
Missing character: There is no シ (U+30B7) in font ec-lmr10!
Missing character: There is no ェ (U+30A7) in font ec-lmr10!
Missing character: There is no ル (U+30EB) in font ec-lmr10!
Missing character: There is no コ (U+30B3) in font ec-lmr10!
Missing character: There is no マ (U+30DE) in font ec-lmr10!
Missing character: There is no ン (U+30F3) in font ec-lmr10!
Missing character: There is no ド (U+30C9) in font ec-lmr10!
Missing character: There is no ・ (U+30FB) in font ec-lmr10!
Missing character: There is no カ (U+30AB) in font ec-lmr10!
Missing character: There is no ー (U+30FC) in font ec-lmr10!
Missing character: There is no ネ (U+30CD) in font ec-lmr10!
Missing character: There is no ル (U+30EB) in font ec-lmr10!
Missing character: There is no ロ (U+30ED) in font ec-lmr10!
Missing character: There is no グ (U+30B0) in font ec-lmr10!
Missing character: There is no ・ (U+30FB) in font ec-lmr10!
Missing character: There is no シ (U+30B7) in font ec-lmr10!
Missing character: There is no ョ (U+30E7) in font ec-lmr10!
Missing character: There is no ー (U+30FC) in font ec-lmr10!
Missing character: There is no ト (U+30C8) in font ec-lmr10!
Missing character: There is no コ (U+30B3) in font ec-lmr10!
Missing character: There is no ー (U+30FC) in font ec-lmr10!
Missing character: There is no ド (U+30C9) in font ec-lmr10!
Missing character: There is no 属 (U+5C5E) in font ec-lmr10!
Missing character: There is no 性 (U+6027) in font ec-lmr10!
Missing character: There is no 内 (U+5185) in font ec-lmr10!
Missing character: There is no の (U+306E) in font ec-lmr10!
Missing character: There is no や (U+3084) in font ec-lmr10!
Missing character: There is no は (U+306F) in font ec-lmr10!
Missing character: There is no 対 (U+5BFE) in font ec-lmr10!
Missing character: There is no 象 (U+8C61) in font ec-lmr10!
Missing character: There is no 外 (U+5916) in font ec-lmr10!
Missing character: There is no ） (U+FF09) in font ec-lmr10!
Missing character: There is no ネ (U+30CD) in font ec-lmr10!
Missing character: There is no タ (U+30BF) in font ec-lmr10!
Missing character: There is no こ (U+3053) in font ec-lmr10!
Missing character: There is no こ (U+3053) in font ec-lmr10!
Missing character: There is no に (U+306B) in font ec-lmr10!
Missing character: There is no 元 (U+5143) in font ec-lmr10!
Missing character: There is no ネ (U+30CD) in font ec-lmr10!
Missing character: There is no タ (U+30BF) in font ec-lmr10!
Missing character: There is no ・ (U+30FB) in font ec-lmr10!
Missing character: There is no 会 (U+4F1A) in font ec-lmr10!
Missing character: There is no 話 (U+8A71) in font ec-lmr10!
Missing character: There is no 内 (U+5185) in font ec-lmr10!
Missing character: There is no 容 (U+5BB9) in font ec-lmr10!
Missing character: There is no ・ (U+30FB) in font ec-lmr10!
Missing character: There is no ラ (U+30E9) in font ec-lmr10!
Missing character: There is no フ (U+30D5) in font ec-lmr10!
Missing character: There is no な (U+306A) in font ec-lmr10!
Missing character: There is no 説 (U+8AAC) in font ec-lmr10!
Missing character: There is no 明 (U+660E) in font ec-lmr10!
Missing character: There is no 文 (U+6587) in font ec-lmr10!
Missing character: There is no を (U+3092) in font ec-lmr10!
Missing character: There is no 貼 (U+8CBC) in font ec-lmr10!
Missing character: There is no る (U+308B) in font ec-lmr10!
Missing character: There is no 息 (U+606F) in font ec-lmr10!
Missing character: There is no 子 (U+5B50) in font ec-lmr10!
Missing character: There is no が (U+304C) in font ec-lmr10!
Missing character: There is no を (U+3092) in font ec-lmr10!
Missing character: There is no 買 (U+8CB7) in font ec-lmr10!
Missing character: There is no っ (U+3063) in font ec-lmr10!
Missing character: There is no た (U+305F) in font ec-lmr10!
Missing character: There is no と (U+3068) in font ec-lmr10!
Missing character: There is no こ (U+3053) in font ec-lmr10!
Missing character: There is no ろ (U+308D) in font ec-lmr10!
Missing character: There is no 、 (U+3001) in font ec-lmr10!
Missing character: There is no 今 (U+4ECA) in font ec-lmr10!
Missing character: There is no ま (U+307E) in font ec-lmr10!
Missing character: There is no で (U+3067) in font ec-lmr10!
Missing character: There is no 使 (U+4F7F) in font ec-lmr10!
Missing character: There is no っ (U+3063) in font ec-lmr10!
Missing character: There is no て (U+3066) in font ec-lmr10!
Missing character: There is no い (U+3044) in font ec-lmr10!
Missing character: There is no た (U+305F) in font ec-lmr10!
Missing character: There is no で (U+3067) in font ec-lmr10!
Missing character: There is no は (U+306F) in font ec-lmr10!
Missing character: There is no 容 (U+5BB9) in font ec-lmr10!
Missing character: There is no 量 (U+91CF) in font ec-lmr10!
Missing character: There is no が (U+304C) in font ec-lmr10!
Missing character: There is no 足 (U+8DB3) in font ec-lmr10!
Missing character: There is no り (U+308A) in font ec-lmr10!
Missing character: There is no な (U+306A) in font ec-lmr10!
Missing character: There is no く (U+304F) in font ec-lmr10!
Missing character: There is no な (U+306A) in font ec-lmr10!
Missing character: There is no っ (U+3063) in font ec-lmr10!
Missing character: There is no て (U+3066) in font ec-lmr10!
Missing character: There is no し (U+3057) in font ec-lmr10!
Missing character: There is no ま (U+307E) in font ec-lmr10!
Missing character: There is no っ (U+3063) in font ec-lmr10!
Missing character: There is no た (U+305F) in font ec-lmr10!
Missing character: There is no の (U+306E) in font ec-lmr10!
Missing character: There is no で (U+3067) in font ec-lmr10!
Missing character: There is no 、 (U+3001) in font ec-lmr10!
Missing character: There is no 私 (U+79C1) in font ec-lmr10!
Missing character: There is no の (U+306E) in font ec-lmr10!
Missing character: There is no と (U+3068) in font ec-lmr10!
Missing character: There is no 交 (U+4EA4) in font ec-lmr10!
Missing character: There is no 換 (U+63DB) in font ec-lmr10!
Missing character: There is no す (U+3059) in font ec-lmr10!
Missing character: There is no る (U+308B) in font ec-lmr10!
Missing character: There is no こ (U+3053) in font ec-lmr10!
Missing character: There is no と (U+3068) in font ec-lmr10!
Missing character: There is no に (U+306B) in font ec-lmr10!
Missing character: There is no し (U+3057) in font ec-lmr10!
Missing character: There is no た (U+305F) in font ec-lmr10!
Missing character: There is no 。 (U+3002) in font ec-lmr10!
Missing character: There is no 交 (U+4EA4) in font ec-lmr10!
Missing character: There is no 換 (U+63DB) in font ec-lmr10!
Missing character: There is no 後 (U+5F8C) in font ec-lmr10!
Missing character: There is no に (U+306B) in font ec-lmr10!
Missing character: There is no 私 (U+79C1) in font ec-lmr10!
Missing character: There is no が (U+304C) in font ec-lmr10!
Missing character: There is no 使 (U+4F7F) in font ec-lmr10!
Missing character: There is no う (U+3046) in font ec-lmr10!
Missing character: There is no の (U+306E) in font ec-lmr10!
Missing character: There is no は (U+306F) in font ec-lmr10!
Missing character: There is no と (U+3068) in font ec-lmr10!
Missing character: There is no い (U+3044) in font ec-lmr10!
Missing character: There is no う (U+3046) in font ec-lmr10!
Missing character: There is no 少 (U+5C11) in font ec-lmr10!
Missing character: There is no し (U+3057) in font ec-lmr10!
Missing character: There is no 古 (U+53E4) in font ec-lmr10!
Missing character: There is no め (U+3081) in font ec-lmr10!
Missing character: There is no の (U+306E) in font ec-lmr10!
Missing character: There is no な (U+306A) in font ec-lmr10!
Missing character: There is no の (U+306E) in font ec-lmr10!
Missing character: There is no で (U+3067) in font ec-lmr10!
Missing character: There is no 、 (U+3001) in font ec-lmr10!
Missing character: There is no 外 (U+5916) in font ec-lmr10!
Missing character: There is no 付 (U+4ED8) in font ec-lmr10!
Missing character: There is no け (U+3051) in font ec-lmr10!
Missing character: There is no デ (U+30C7) in font ec-lmr10!
Missing character: There is no ィ (U+30A3) in font ec-lmr10!
Missing character: There is no ス (U+30B9) in font ec-lmr10!
Missing character: There is no ク (U+30AF) in font ec-lmr10!
Missing character: There is no を (U+3092) in font ec-lmr10!
Missing character: There is no 用 (U+7528) in font ec-lmr10!
Missing character: There is no に (U+306B) in font ec-lmr10!
Missing character: There is no 割 (U+5272) in font ec-lmr10!
Missing character: There is no り (U+308A) in font ec-lmr10!
Missing character: There is no 当 (U+5F53) in font ec-lmr10!
Missing character: There is no て (U+3066) in font ec-lmr10!
Missing character: There is no て (U+3066) in font ec-lmr10!
Missing character: There is no 、 (U+3001) in font ec-lmr10!
Missing character: There is no 作 (U+4F5C) in font ec-lmr10!
Missing character: There is no 成 (U+6210) in font ec-lmr10!
Missing character: There is no マ (U+30DE) in font ec-lmr10!
Missing character: There is no シ (U+30B7) in font ec-lmr10!
Missing character: There is no ン (U+30F3) in font ec-lmr10!
Missing character: There is no と (U+3068) in font ec-lmr10!
Missing character: There is no し (U+3057) in font ec-lmr10!
Missing character: There is no て (U+3066) in font ec-lmr10!
Missing character: There is no 活 (U+6D3B) in font ec-lmr10!
Missing character: There is no 用 (U+7528) in font ec-lmr10!
Missing character: There is no す (U+3059) in font ec-lmr10!
Missing character: There is no る (U+308B) in font ec-lmr10!
Missing character: There is no こ (U+3053) in font ec-lmr10!
Missing character: There is no と (U+3068) in font ec-lmr10!
Missing character: There is no に (U+306B) in font ec-lmr10!
Missing character: There is no し (U+3057) in font ec-lmr10!
Missing character: There is no た (U+305F) in font ec-lmr10!
Missing character: There is no 。 (U+3002) in font ec-lmr10!
Missing character: There is no の (U+306E) in font ec-lmr10!
Missing character: There is no イ (U+30A4) in font ec-lmr10!
Missing character: There is no メ (U+30E1) in font ec-lmr10!
Missing character: There is no ー (U+30FC) in font ec-lmr10!
Missing character: There is no ジ (U+30B8) in font ec-lmr10!
Missing character: There is no 作 (U+4F5C) in font ec-lmr10!
Missing character: There is no 成 (U+6210) in font ec-lmr10!
Missing character: There is no に (U+306B) in font ec-lmr10!
Missing character: There is no は (U+306F) in font ec-lmr10!
Missing character: There is no 、 (U+3001) in font ec-lmr10!
Missing character: There is no 以 (U+4EE5) in font ec-lmr10!
Missing character: There is no 前 (U+524D) in font ec-lmr10!
Missing character: There is no は (U+306F) in font ec-lmr10!
Missing character: There is no を (U+3092) in font ec-lmr10!
Missing character: There is no 使 (U+4F7F) in font ec-lmr10!
Missing character: There is no っ (U+3063) in font ec-lmr10!
Missing character: There is no て (U+3066) in font ec-lmr10!
Missing character: There is no い (U+3044) in font ec-lmr10!
Missing character: There is no た (U+305F) in font ec-lmr10!
Missing character: There is no の (U+306E) in font ec-lmr10!
Missing character: There is no だ (U+3060) in font ec-lmr10!
Missing character: There is no け (U+3051) in font ec-lmr10!
Missing character: There is no ど (U+3069) in font ec-lmr10!
Missing character: There is no 、 (U+3001) in font ec-lmr10!
Missing character: There is no 自 (U+81EA) in font ec-lmr10!
Missing character: There is no 分 (U+5206) in font ec-lmr10!
Missing character: There is no し (U+3057) in font ec-lmr10!
Missing character: There is no か (U+304B) in font ec-lmr10!
Missing character: There is no 使 (U+4F7F) in font ec-lmr10!
Missing character: There is no わ (U+308F) in font ec-lmr10!
Missing character: There is no な (U+306A) in font ec-lmr10!
Missing character: There is no い (U+3044) in font ec-lmr10!
Missing character: There is no も (U+3082) in font ec-lmr10!
Missing character: There is no の (U+306E) in font ec-lmr10!
Missing character: There is no な (U+306A) in font ec-lmr10!
Missing character: There is no の (U+306E) in font ec-lmr10!
Missing character: There is no で (U+3067) in font ec-lmr10!
Missing character: There is no 、 (U+3001) in font ec-lmr10!
Missing character: There is no も (U+3082) in font ec-lmr10!
Missing character: There is no う (U+3046) in font ec-lmr10!
Missing character: There is no 少 (U+5C11) in font ec-lmr10!
Missing character: There is no し (U+3057) in font ec-lmr10!
Missing character: There is no 手 (U+624B) in font ec-lmr10!
Missing character: There is no 軽 (U+8EFD) in font ec-lmr10!
Missing character: There is no な (U+306A) in font ec-lmr10!
Missing character: There is no 方 (U+65B9) in font ec-lmr10!
Missing character: There is no 法 (U+6CD5) in font ec-lmr10!
Missing character: There is no に (U+306B) in font ec-lmr10!
Missing character: There is no 切 (U+5207) in font ec-lmr10!
Missing character: There is no り (U+308A) in font ec-lmr10!
Missing character: There is no 替 (U+66FF) in font ec-lmr10!
Missing character: There is no え (U+3048) in font ec-lmr10!
Missing character: There is no る (U+308B) in font ec-lmr10!
Missing character: There is no こ (U+3053) in font ec-lmr10!
Missing character: There is no と (U+3068) in font ec-lmr10!
Missing character: There is no に (U+306B) in font ec-lmr10!
Missing character: There is no す (U+3059) in font ec-lmr10!
Missing character: There is no る (U+308B) in font ec-lmr10!
Missing character: There is no 。 (U+3002) in font ec-lmr10!
Missing character: There is no パ (U+30D1) in font ec-lmr10!
Missing character: There is no ー (U+30FC) in font ec-lmr10!
Missing character: There is no テ (U+30C6) in font ec-lmr10!
Missing character: There is no ィ (U+30A3) in font ec-lmr10!
Missing character: There is no シ (U+30B7) in font ec-lmr10!
Missing character: There is no ョ (U+30E7) in font ec-lmr10!
Missing character: There is no ン (U+30F3) in font ec-lmr10!
Missing character: There is no レ (U+30EC) in font ec-lmr10!
Missing character: There is no イ (U+30A4) in font ec-lmr10!
Missing character: There is no ア (U+30A2) in font ec-lmr10!
Missing character: There is no ウ (U+30A6) in font ec-lmr10!
Missing character: There is no ト (U+30C8) in font ec-lmr10!
Missing character: There is no は (U+306F) in font ec-lmr10!
Missing character: There is no こ (U+3053) in font ec-lmr10!
Missing character: There is no ん (U+3093) in font ec-lmr10!
Missing character: There is no な (U+306A) in font ec-lmr10!
Missing character: There is no 感 (U+611F) in font ec-lmr10!
Missing character: There is no じ (U+3058) in font ec-lmr10!
Missing character: There is no 。 (U+3002) in font ec-lmr10!
Missing character: There is no デ (U+30C7) in font ec-lmtt10!
Missing character: There is no ィ (U+30A3) in font ec-lmtt10!
Missing character: There is no ス (U+30B9) in font ec-lmtt10!
Missing character: There is no ク (U+30AF) in font ec-lmtt10!
Missing character: There is no バ (U+30D0) in font ec-lmtt10!
Missing character: There is no イ (U+30A4) in font ec-lmtt10!
Missing character: There is no ト (U+30C8) in font ec-lmtt10!
Missing character: There is no ヘ (U+30D8) in font ec-lmtt10!
Missing character: There is no ッ (U+30C3) in font ec-lmtt10!
Missing character: There is no ド (U+30C9) in font ec-lmtt10!
Missing character: There is no セ (U+30BB) in font ec-lmtt10!
Missing character: There is no ク (U+30AF) in font ec-lmtt10!
Missing character: There is no タ (U+30BF) in font ec-lmtt10!
Missing character: There is no シ (U+30B7) in font ec-lmtt10!
Missing character: There is no リ (U+30EA) in font ec-lmtt10!
Missing character: There is no ン (U+30F3) in font ec-lmtt10!
Missing character: There is no ダ (U+30C0) in font ec-lmtt10!
Missing character: There is no シ (U+30B7) in font ec-lmtt10!
Missing character: There is no リ (U+30EA) in font ec-lmtt10!
Missing character: There is no ン (U+30F3) in font ec-lmtt10!
Missing character: There is no ダ (U+30C0) in font ec-lmtt10!
Missing character: There is no 数 (U+6570) in font ec-lmtt10!
Missing character: There is no バ (U+30D0) in font ec-lmtt10!
Missing character: There is no イ (U+30A4) in font ec-lmtt10!
Missing character: There is no ト (U+30C8) in font ec-lmtt10!
Missing character: There is no デ (U+30C7) in font ec-lmtt10!
Missing character: There is no ィ (U+30A3) in font ec-lmtt10!
Missing character: There is no ス (U+30B9) in font ec-lmtt10!
Missing character: There is no ク (U+30AF) in font ec-lmtt10!
Missing character: There is no 識 (U+8B58) in font ec-lmtt10!
Missing character: There is no 別 (U+5225) in font ec-lmtt10!
Missing character: There is no 子 (U+5B50) in font ec-lmtt10!
Missing character: There is no デ (U+30C7) in font ec-lmtt10!
Missing character: There is no バ (U+30D0) in font ec-lmtt10!
Missing character: There is no イ (U+30A4) in font ec-lmtt10!
Missing character: There is no ス (U+30B9) in font ec-lmtt10!
Missing character: There is no ブ (U+30D6) in font ec-lmtt10!
Missing character: There is no ー (U+30FC) in font ec-lmtt10!
Missing character: There is no ト (U+30C8) in font ec-lmtt10!
Missing character: There is no 始 (U+59CB) in font ec-lmtt10!
Missing character: There is no 点 (U+70B9) in font ec-lmtt10!
Missing character: There is no 終 (U+7D42) in font ec-lmtt10!
Missing character: There is no 点 (U+70B9) in font ec-lmtt10!
Missing character: There is no ブ (U+30D6) in font ec-lmtt10!
Missing character: There is no ロ (U+30ED) in font ec-lmtt10!
Missing character: There is no ッ (U+30C3) in font ec-lmtt10!
Missing character: There is no ク (U+30AF) in font ec-lmtt10!
Missing character: There is no シ (U+30B7) in font ec-lmtt10!
Missing character: There is no ス (U+30B9) in font ec-lmtt10!
Missing character: There is no テ (U+30C6) in font ec-lmtt10!
Missing character: There is no ム (U+30E0) in font ec-lmtt10!
Missing character: There is no の (U+306E) in font ec-lmbx10!
Missing character: There is no 起 (U+8D77) in font ec-lmbx10!
Missing character: There is no 動 (U+52D5) in font ec-lmbx10!
Missing character: There is no は (U+306F) in font ec-lmbx10!
Missing character: There is no で (U+3067) in font ec-lmbx10!
Missing character: There is no 行 (U+884C) in font ec-lmbx10!
Missing character: There is no う (U+3046) in font ec-lmbx10!
]
Overfull \hbox (94.14995pt too wide) in paragraph at lines 192--192
[]\T1/lmtt/m/n/10.95 # should consult the handbook. Alternatively, consult the 
grub.conf.sample that[] 
 []


Overfull \hbox (25.16515pt too wide) in paragraph at lines 192--192
[]\T1/lmtt/m/n/10.95 kernel /boot/kernel-genkernel-x86-2.6.31-pentoo-r2 root=/de
v/ram0 \[] 
 []


Overfull \hbox (36.66261pt too wide) in paragraph at lines 192--192
[]\T1/lmtt/m/n/10.95 kernel /boot/bt4/vmlinuz  BOOT=casper boot=casper persisten
t rw quiet[] 
 []


Overfull \hbox (25.16515pt too wide) in paragraph at lines 192--192
[]\T1/lmtt/m/n/10.95 kernel /boot/kernel-genkernel-x86-2.6.31-pentoo-r2 root=/de
v/ram0 \[] 
 []

[3]
Overfull \hbox (186.12968pt too wide) in paragraph at lines 192--192
[]\T1/lmtt/m/n/10.95 install (hd0,0)/boot/grub/stage1 d (hd0) (hd0,0)/boot/grub/
stage2 p (hd0,0)/boot/grub/grub.conf[] 
 []

Missing character: There is no の (U+306E) in font ec-lmbx10!
Missing character: There is no 作 (U+4F5C) in font ec-lmbx10!
Missing character: There is no 成 (U+6210) in font ec-lmbx10!
Missing character: There is no は (U+306F) in font ec-lmbx10!
Missing character: There is no 環 (U+74B0) in font ec-lmbx10!
Missing character: There is no 境 (U+5883) in font ec-lmbx10!
Missing character: There is no で (U+3067) in font ec-lmbx10!
Missing character: There is no 行 (U+884C) in font ec-lmbx10!
Missing character: There is no う (U+3046) in font ec-lmbx10!
Missing character: There is no の (U+306E) in font ec-lmbx10!
Missing character: There is no 作 (U+4F5C) in font ec-lmbx10!
Missing character: There is no 成 (U+6210) in font ec-lmbx10!
Missing character: There is no は (U+306F) in font ec-lmbx10!
Missing character: There is no 環 (U+74B0) in font ec-lmbx10!
Missing character: There is no 境 (U+5883) in font ec-lmbx10!
Missing character: There is no で (U+3067) in font ec-lmbx10!
Missing character: There is no 行 (U+884C) in font ec-lmbx10!
Missing character: There is no う (U+3046) in font ec-lmbx10!
Missing character: There is no 環 (U+74B0) in font ec-lmr10!
Missing character: There is no 境 (U+5883) in font ec-lmr10!
Missing character: There is no 設 (U+8A2D) in font ec-lmr10!
Missing character: There is no 定 (U+5B9A) in font ec-lmr10!
Missing character: There is no 環 (U+74B0) in font ec-lmr10!
Missing character: There is no 境 (U+5883) in font ec-lmr10!
Missing character: There is no 設 (U+8A2D) in font ec-lmr10!
Missing character: There is no 定 (U+5B9A) in font ec-lmr10!
Missing character: There is no コ (U+30B3) in font ec-lmr10!
Missing character: There is no ン (U+30F3) in font ec-lmr10!
Missing character: There is no パ (U+30D1) in font ec-lmr10!
Missing character: There is no イ (U+30A4) in font ec-lmr10!
Missing character: There is no ル (U+30EB) in font ec-lmr10!
Missing character: There is no 用 (U+7528) in font ec-lmr10!
Missing character: There is no コ (U+30B3) in font ec-lmr10!
Missing character: There is no ン (U+30F3) in font ec-lmr10!
Missing character: There is no パ (U+30D1) in font ec-lmr10!
Missing character: There is no イ (U+30A4) in font ec-lmr10!
Missing character: There is no ル (U+30EB) in font ec-lmr10!
Missing character: There is no 用 (U+7528) in font ec-lmr10!
Missing character: There is no こ (U+3053) in font ec-lmr10!
Missing character: There is no ん (U+3093) in font ec-lmr10!
Missing character: There is no な (U+306A) in font ec-lmr10!
Missing character: There is no 感 (U+611F) in font ec-lmr10!
Missing character: There is no じ (U+3058) in font ec-lmr10!
Missing character: There is no で (U+3067) in font ec-lmr10!
Missing character: There is no 使 (U+4F7F) in font ec-lmr10!
Missing character: There is no っ (U+3063) in font ec-lmr10!
Missing character: There is no て (U+3066) in font ec-lmr10!
Missing character: There is no い (U+3044) in font ec-lmr10!
Missing character: There is no る (U+308B) in font ec-lmr10!
Missing character: There is no 。 (U+3002) in font ec-lmr10!
Missing character: There is no は (U+306F) in font ec-lmr10!
Missing character: There is no 私 (U+79C1) in font ec-lmr10!
Missing character: There is no の (U+306E) in font ec-lmr10!
Missing character: There is no 環 (U+74B0) in font ec-lmr10!
Missing character: There is no 境 (U+5883) in font ec-lmr10!
Missing character: There is no で (U+3067) in font ec-lmr10!
Missing character: There is no は (U+306F) in font ec-lmr10!
Missing character: There is no に (U+306B) in font ec-lmr10!
Missing character: There is no し (U+3057) in font ec-lmr10!
Missing character: There is no て (U+3066) in font ec-lmr10!
Missing character: There is no い (U+3044) in font ec-lmr10!
Missing character: There is no る (U+308B) in font ec-lmr10!
Missing character: There is no 。 (U+3002) in font ec-lmr10!
Missing character: There is no こ (U+3053) in font ec-lmr10!
Missing character: There is no ん (U+3093) in font ec-lmr10!
Missing character: There is no な (U+306A) in font ec-lmr10!
Missing character: There is no 感 (U+611F) in font ec-lmr10!
Missing character: There is no じ (U+3058) in font ec-lmr10!
Missing character: There is no で (U+3067) in font ec-lmr10!
Missing character: There is no 使 (U+4F7F) in font ec-lmr10!
Missing character: There is no っ (U+3063) in font ec-lmr10!
Missing character: There is no て (U+3066) in font ec-lmr10!
Missing character: There is no い (U+3044) in font ec-lmr10!
Missing character: There is no る (U+308B) in font ec-lmr10!
Missing character: There is no 。 (U+3002) in font ec-lmr10!
Missing character: There is no は (U+306F) in font ec-lmr10!
Missing character: There is no 私 (U+79C1) in font ec-lmr10!
Missing character: There is no の (U+306E) in font ec-lmr10!
Missing character: There is no 環 (U+74B0) in font ec-lmr10!
Missing character: There is no 境 (U+5883) in font ec-lmr10!
Missing character: There is no で (U+3067) in font ec-lmr10!
Missing character: There is no は (U+306F) in font ec-lmr10!
Missing character: There is no に (U+306B) in font ec-lmr10!
Missing character: There is no し (U+3057) in font ec-lmr10!
Missing character: There is no て (U+3066) in font ec-lmr10!
Missing character: There is no い (U+3044) in font ec-lmr10!
Missing character: There is no る (U+308B) in font ec-lmr10!
Missing character: There is no 。 (U+3002) in font ec-lmr10!
Missing character: There is no の (U+306E) in font ec-lmr10!
Missing character: There is no 設 (U+8A2D) in font ec-lmr10!
Missing character: There is no 定 (U+5B9A) in font ec-lmr10!
Missing character: There is no を (U+3092) in font ec-lmr10!
Missing character: There is no 見 (U+898B) in font ec-lmr10!
Missing character: There is no 直 (U+76F4) in font ec-lmr10!
Missing character: There is no し (U+3057) in font ec-lmr10!
Missing character: There is no て (U+3066) in font ec-lmr10!
Missing character: There is no み (U+307F) in font ec-lmr10!
Missing character: There is no た (U+305F) in font ec-lmr10!
Missing character: There is no 。 (U+3002) in font ec-lmr10!
Missing character: There is no 見 (U+898B) in font ec-lmr10!
Missing character: There is no た (U+305F) in font ec-lmr10!
Missing character: There is no 目 (U+76EE) in font ec-lmr10!
Missing character: There is no に (U+306B) in font ec-lmr10!
Missing character: There is no は (U+306F) in font ec-lmr10!
Missing character: There is no あ (U+3042) in font ec-lmr10!
Missing character: There is no ま (U+307E) in font ec-lmr10!
Missing character: There is no り (U+308A) in font ec-lmr10!
Missing character: There is no 変 (U+5909) in font ec-lmr10!
Missing character: There is no わ (U+308F) in font ec-lmr10!
Missing character: There is no っ (U+3063) in font ec-lmr10!
Missing character: There is no て (U+3066) in font ec-lmr10!
Missing character: There is no い (U+3044) in font ec-lmr10!
Missing character: There is no な (U+306A) in font ec-lmr10!
Missing character: There is no い (U+3044) in font ec-lmr10!
Missing character: There is no よ (U+3088) in font ec-lmr10!
Missing character: There is no う (U+3046) in font ec-lmr10!
Missing character: There is no に (U+306B) in font ec-lmr10!
Missing character: There is no 見 (U+898B) in font ec-lmr10!
Missing character: There is no え (U+3048) in font ec-lmr10!
Missing character: There is no る (U+308B) in font ec-lmr10!
Missing character: There is no か (U+304B) in font ec-lmr10!
Missing character: There is no も (U+3082) in font ec-lmr10!
Missing character: There is no し (U+3057) in font ec-lmr10!
Missing character: There is no れ (U+308C) in font ec-lmr10!
Missing character: There is no な (U+306A) in font ec-lmr10!
Missing character: There is no い (U+3044) in font ec-lmr10!
Missing character: There is no け (U+3051) in font ec-lmr10!
Missing character: There is no ど (U+3069) in font ec-lmr10!
Missing character: There is no 、 (U+3001) in font ec-lmr10!
Missing character: There is no （ (U+FF08) in font ec-lmr10!
Missing character: There is no 他 (U+4ED6) in font ec-lmr10!
Missing character: There is no の (U+306E) in font ec-lmr10!
Missing character: There is no ウ (U+30A6) in font ec-lmr10!
Missing character: There is no ィ (U+30A3) in font ec-lmr10!
Missing character: There is no ン (U+30F3) in font ec-lmr10!
Missing character: There is no ド (U+30C9) in font ec-lmr10!
Missing character: There is no ウ (U+30A6) in font ec-lmr10!
Missing character: There is no マ (U+30DE) in font ec-lmr10!
Missing character: There is no ネ (U+30CD) in font ec-lmr10!
Missing character: There is no ー (U+30FC) in font ec-lmr10!
Missing character: There is no ジ (U+30B8) in font ec-lmr10!
Missing character: There is no ャ (U+30E3) in font ec-lmr10!
Missing character: There is no で (U+3067) in font ec-lmr10!
Missing character: There is no い (U+3044) in font ec-lmr10!
Missing character: There is no う (U+3046) in font ec-lmr10!
Missing character: There is no と (U+3068) in font ec-lmr10!
Missing character: There is no こ (U+3053) in font ec-lmr10!
Missing character: There is no ろ (U+308D) in font ec-lmr10!
Missing character: There is no の (U+306E) in font ec-lmr10!
Missing character: There is no ワ (U+30EF) in font ec-lmr10!
Missing character: There is no ー (U+30FC) in font ec-lmr10!
Missing character: There is no ク (U+30AF) in font ec-lmr10!
Missing character: There is no ス (U+30B9) in font ec-lmr10!
Missing character: There is no ペ (U+30DA) in font ec-lmr10!
Missing character: There is no ー (U+30FC) in font ec-lmr10!
Missing character: There is no ス (U+30B9) in font ec-lmr10!
Missing character: There is no ） (U+FF09) in font ec-lmr10!
Missing character: There is no を (U+3092) in font ec-lmr10!
Missing character: There is no 動 (U+52D5) in font ec-lmr10!
Missing character: There is no 的 (U+7684) in font ec-lmr10!
Missing character: There is no に (U+306B) in font ec-lmr10!
Missing character: There is no 生 (U+751F) in font ec-lmr10!
Missing character: There is no 成 (U+6210) in font ec-lmr10!
Missing character: There is no す (U+3059) in font ec-lmr10!
Missing character: There is no る (U+308B) in font ec-lmr10!
Missing character: There is no と (U+3068) in font ec-lmr10!
Missing character: There is no い (U+3044) in font ec-lmr10!
Missing character: There is no う (U+3046) in font ec-lmr10!
Missing character: There is no の (U+306E) in font ec-lmr10!
Missing character: There is no を (U+3092) in font ec-lmr10!
Missing character: There is no 使 (U+4F7F) in font ec-lmr10!
Missing character: There is no っ (U+3063) in font ec-lmr10!
Missing character: There is no て (U+3066) in font ec-lmr10!
Missing character: There is no み (U+307F) in font ec-lmr10!
Missing character: There is no て (U+3066) in font ec-lmr10!
Missing character: There is no い (U+3044) in font ec-lmr10!
Missing character: There is no る (U+308B) in font ec-lmr10!
Missing character: There is no 。 (U+3002) in font ec-lmr10!
Missing character: There is no の (U+306E) in font ec-lmr10!
Missing character: There is no 設 (U+8A2D) in font ec-lmr10!
Missing character: There is no 定 (U+5B9A) in font ec-lmr10!
Missing character: There is no を (U+3092) in font ec-lmr10!
Missing character: There is no 見 (U+898B) in font ec-lmr10!
Missing character: There is no 直 (U+76F4) in font ec-lmr10!
Missing character: There is no し (U+3057) in font ec-lmr10!
Missing character: There is no て (U+3066) in font ec-lmr10!
Missing character: There is no み (U+307F) in font ec-lmr10!
Missing character: There is no た (U+305F) in font ec-lmr10!
Missing character: There is no 。 (U+3002) in font ec-lmr10!
Missing character: There is no 見 (U+898B) in font ec-lmr10!
Missing character: There is no た (U+305F) in font ec-lmr10!
Missing character: There is no 目 (U+76EE) in font ec-lmr10!
Missing character: There is no に (U+306B) in font ec-lmr10!
Missing character: There is no は (U+306F) in font ec-lmr10!
Missing character: There is no あ (U+3042) in font ec-lmr10!
Missing character: There is no ま (U+307E) in font ec-lmr10!
Missing character: There is no り (U+308A) in font ec-lmr10!
Missing character: There is no 変 (U+5909) in font ec-lmr10!
Missing character: There is no わ (U+308F) in font ec-lmr10!
Missing character: There is no っ (U+3063) in font ec-lmr10!
Missing character: There is no て (U+3066) in font ec-lmr10!
Missing character: There is no い (U+3044) in font ec-lmr10!
Missing character: There is no な (U+306A) in font ec-lmr10!
Missing character: There is no い (U+3044) in font ec-lmr10!
Missing character: There is no よ (U+3088) in font ec-lmr10!
Missing character: There is no う (U+3046) in font ec-lmr10!
Missing character: There is no に (U+306B) in font ec-lmr10!
Missing character: There is no 見 (U+898B) in font ec-lmr10!
Missing character: There is no え (U+3048) in font ec-lmr10!
Missing character: There is no る (U+308B) in font ec-lmr10!
Missing character: There is no か (U+304B) in font ec-lmr10!
Missing character: There is no も (U+3082) in font ec-lmr10!
Missing character: There is no し (U+3057) in font ec-lmr10!
Missing character: There is no れ (U+308C) in font ec-lmr10!
Missing character: There is no な (U+306A) in font ec-lmr10!
Missing character: There is no い (U+3044) in font ec-lmr10!
Missing character: There is no け (U+3051) in font ec-lmr10!
Missing character: There is no ど (U+3069) in font ec-lmr10!
Missing character: There is no 、 (U+3001) in font ec-lmr10!
Missing character: There is no （ (U+FF08) in font ec-lmr10!
Missing character: There is no 他 (U+4ED6) in font ec-lmr10!
Missing character: There is no の (U+306E) in font ec-lmr10!
Missing character: There is no ウ (U+30A6) in font ec-lmr10!
Missing character: There is no ィ (U+30A3) in font ec-lmr10!
Missing character: There is no ン (U+30F3) in font ec-lmr10!
Missing character: There is no ド (U+30C9) in font ec-lmr10!
Missing character: There is no ウ (U+30A6) in font ec-lmr10!
Missing character: There is no マ (U+30DE) in font ec-lmr10!
Missing character: There is no ネ (U+30CD) in font ec-lmr10!
Missing character: There is no ー (U+30FC) in font ec-lmr10!
Missing character: There is no ジ (U+30B8) in font ec-lmr10!
Missing character: There is no ャ (U+30E3) in font ec-lmr10!
Missing character: There is no で (U+3067) in font ec-lmr10!
Missing character: There is no い (U+3044) in font ec-lmr10!
Missing character: There is no う (U+3046) in font ec-lmr10!
Missing character: There is no と (U+3068) in font ec-lmr10!
Missing character: There is no こ (U+3053) in font ec-lmr10!
Missing character: There is no ろ (U+308D) in font ec-lmr10!
Missing character: There is no の (U+306E) in font ec-lmr10!
Missing character: There is no ワ (U+30EF) in font ec-lmr10!
Missing character: There is no ー (U+30FC) in font ec-lmr10!
Missing character: There is no ク (U+30AF) in font ec-lmr10!
Missing character: There is no ス (U+30B9) in font ec-lmr10!
Missing character: There is no ペ (U+30DA) in font ec-lmr10!
Missing character: There is no ー (U+30FC) in font ec-lmr10!
Missing character: There is no ス (U+30B9) in font ec-lmr10!
Missing character: There is no ） (U+FF09) in font ec-lmr10!
Missing character: There is no を (U+3092) in font ec-lmr10!
Missing character: There is no 動 (U+52D5) in font ec-lmr10!
Missing character: There is no 的 (U+7684) in font ec-lmr10!
Missing character: There is no に (U+306B) in font ec-lmr10!
Missing character: There is no 生 (U+751F) in font ec-lmr10!
Missing character: There is no 成 (U+6210) in font ec-lmr10!
Missing character: There is no す (U+3059) in font ec-lmr10!
Missing character: There is no る (U+308B) in font ec-lmr10!
Missing character: There is no と (U+3068) in font ec-lmr10!
Missing character: There is no い (U+3044) in font ec-lmr10!
Missing character: There is no う (U+3046) in font ec-lmr10!
Missing character: There is no の (U+306E) in font ec-lmr10!
Missing character: There is no を (U+3092) in font ec-lmr10!
Missing character: There is no 使 (U+4F7F) in font ec-lmr10!
Missing character: There is no っ (U+3063) in font ec-lmr10!
Missing character: There is no て (U+3066) in font ec-lmr10!
Missing character: There is no み (U+307F) in font ec-lmr10!
Missing character: There is no て (U+3066) in font ec-lmr10!
Missing character: There is no い (U+3044) in font ec-lmr10!
Missing character: There is no る (U+308B) in font ec-lmr10!
Missing character: There is no 。 (U+3002) in font ec-lmr10!
[4
Missing character: There is no の (U+306E) in font ec-lmbx10!
Missing character: There is no 作 (U+4F5C) in font ec-lmbx10!
Missing character: There is no 成 (U+6210) in font ec-lmbx10!
Missing character: There is no は (U+306F) in font ec-lmbx10!
Missing character: There is no 環 (U+74B0) in font ec-lmbx10!
Missing character: There is no 境 (U+5883) in font ec-lmbx10!
Missing character: There is no で (U+3067) in font ec-lmbx10!
Missing character: There is no 行 (U+884C) in font ec-lmbx10!
Missing character: There is no う (U+3046) in font ec-lmbx10!
Missing character: There is no 環 (U+74B0) in font ec-lmr10!
Missing character: There is no 境 (U+5883) in font ec-lmr10!
Missing character: There is no 設 (U+8A2D) in font ec-lmr10!
Missing character: There is no 定 (U+5B9A) in font ec-lmr10!
Missing character: There is no コ (U+30B3) in font ec-lmr10!
Missing character: There is no ン (U+30F3) in font ec-lmr10!
Missing character: There is no パ (U+30D1) in font ec-lmr10!
Missing character: There is no イ (U+30A4) in font ec-lmr10!
Missing character: There is no ル (U+30EB) in font ec-lmr10!
Missing character: There is no 用 (U+7528) in font ec-lmr10!
Missing character: There is no こ (U+3053) in font ec-lmr10!
Missing character: There is no ん (U+3093) in font ec-lmr10!
Missing character: There is no な (U+306A) in font ec-lmr10!
Missing character: There is no 感 (U+611F) in font ec-lmr10!
Missing character: There is no じ (U+3058) in font ec-lmr10!
Missing character: There is no で (U+3067) in font ec-lmr10!
Missing character: There is no 使 (U+4F7F) in font ec-lmr10!
Missing character: There is no っ (U+3063) in font ec-lmr10!
Missing character: There is no て (U+3066) in font ec-lmr10!
Missing character: There is no い (U+3044) in font ec-lmr10!
Missing character: There is no る (U+308B) in font ec-lmr10!
Missing character: There is no 。 (U+3002) in font ec-lmr10!
Missing character: There is no は (U+306F) in font ec-lmr10!
Missing character: There is no 私 (U+79C1) in font ec-lmr10!
Missing character: There is no の (U+306E) in font ec-lmr10!
Missing character: There is no 環 (U+74B0) in font ec-lmr10!
Missing character: There is no 境 (U+5883) in font ec-lmr10!
Missing character: There is no で (U+3067) in font ec-lmr10!
Missing character: There is no は (U+306F) in font ec-lmr10!
Missing character: There is no に (U+306B) in font ec-lmr10!
Missing character: There is no し (U+3057) in font ec-lmr10!
Missing character: There is no て (U+3066) in font ec-lmr10!
Missing character: There is no い (U+3044) in font ec-lmr10!
Missing character: There is no る (U+308B) in font ec-lmr10!
Missing character: There is no 。 (U+3002) in font ec-lmr10!
]
Missing character: There is no 今 (U+4ECA) in font ec-lmbx10!
Missing character: There is no な (U+306A) in font ec-lmbx10!
Missing character: There is no ら (U+3089) in font ec-lmbx10!
Missing character: There is no ま (U+307E) in font ec-lmbx10!
Missing character: There is no で (U+3067) in font ec-lmbx10!
Missing character: There is no 、 (U+3001) in font ec-lmbx10!
Missing character: There is no モ (U+30E2) in font ec-lmbx10!
Missing character: There is no ジ (U+30B8) in font ec-lmbx10!
Missing character: There is no ュ (U+30E5) in font ec-lmbx10!
Missing character: There is no ー (U+30FC) in font ec-lmbx10!
Missing character: There is no ル (U+30EB) in font ec-lmbx10!
Missing character: There is no が (U+304C) in font ec-lmbx10!
Missing character: There is no 無 (U+7121) in font ec-lmbx10!
Missing character: There is no 料 (U+6599) in font ec-lmbx10!
Missing character: There is no の (U+306E) in font ec-lmbx10!
Missing character: There is no 組 (U+7D44) in font ec-lmbx10!
Missing character: There is no み (U+307F) in font ec-lmbx10!
Missing character: There is no 込 (U+8FBC) in font ec-lmbx10!
Missing character: There is no み (U+307F) in font ec-lmbx10!
Missing character: There is no 今 (U+4ECA) in font ec-lmbx10!
Missing character: There is no な (U+306A) in font ec-lmbx10!
Missing character: There is no ら (U+3089) in font ec-lmbx10!
Missing character: There is no ま (U+307E) in font ec-lmbx10!
Missing character: There is no で (U+3067) in font ec-lmbx10!
Missing character: There is no 、 (U+3001) in font ec-lmbx10!
Missing character: There is no モ (U+30E2) in font ec-lmbx10!
Missing character: There is no ジ (U+30B8) in font ec-lmbx10!
Missing character: There is no ュ (U+30E5) in font ec-lmbx10!
Missing character: There is no ー (U+30FC) in font ec-lmbx10!
Missing character: There is no ル (U+30EB) in font ec-lmbx10!
Missing character: There is no が (U+304C) in font ec-lmbx10!
Missing character: There is no 無 (U+7121) in font ec-lmbx10!
Missing character: There is no 料 (U+6599) in font ec-lmbx10!
Missing character: There is no の (U+306E) in font ec-lmbx10!
Missing character: There is no 組 (U+7D44) in font ec-lmbx10!
Missing character: There is no み (U+307F) in font ec-lmbx10!
Missing character: There is no 込 (U+8FBC) in font ec-lmbx10!
Missing character: There is no み (U+307F) in font ec-lmbx10!
Missing character: There is no 今 (U+4ECA) in font ec-lmr10!
Missing character: There is no な (U+306A) in font ec-lmr10!
Missing character: There is no ら (U+3089) in font ec-lmr10!
Missing character: There is no （ (U+FF08) in font ec-lmr10!
Missing character: There is no ま (U+307E) in font ec-lmr10!
Missing character: There is no で (U+3067) in font ec-lmr10!
Missing character: There is no ） (U+FF09) in font ec-lmr10!
Missing character: There is no 、 (U+3001) in font ec-lmr10!
Missing character: There is no モ (U+30E2) in font ec-lmr10!
Missing character: There is no ジ (U+30B8) in font ec-lmr10!
Missing character: There is no ュ (U+30E5) in font ec-lmr10!
Missing character: There is no ー (U+30FC) in font ec-lmr10!
Missing character: There is no ル (U+30EB) in font ec-lmr10!
Missing character: There is no が (U+304C) in font ec-lmr10!
Missing character: There is no 無 (U+7121) in font ec-lmr10!
Missing character: There is no 料 (U+6599) in font ec-lmr10!
Missing character: There is no で (U+3067) in font ec-lmr10!
Missing character: There is no つ (U+3064) in font ec-lmr10!
Missing character: There is no い (U+3044) in font ec-lmr10!
Missing character: There is no て (U+3066) in font ec-lmr10!
Missing character: There is no く (U+304F) in font ec-lmr10!
Missing character: There is no る (U+308B) in font ec-lmr10!
Missing character: There is no 組 (U+7D44) in font ec-lmr10!
Missing character: There is no み (U+307F) in font ec-lmr10!
Missing character: There is no 込 (U+8FBC) in font ec-lmr10!
Missing character: There is no み (U+307F) in font ec-lmr10!
Missing character: There is no キ (U+30AD) in font ec-lmr10!
Missing character: There is no ッ (U+30C3) in font ec-lmr10!
Missing character: There is no ト (U+30C8) in font ec-lmr10!
Missing character: There is no の (U+306E) in font ec-lmr10!
Missing character: There is no を (U+3092) in font ec-lmr10!
Missing character: There is no 注 (U+6CE8) in font ec-lmr10!
Missing character: There is no 文 (U+6587) in font ec-lmr10!
Missing character: There is no し (U+3057) in font ec-lmr10!
Missing character: There is no た (U+305F) in font ec-lmr10!
Missing character: There is no 。 (U+3002) in font ec-lmr10!
Missing character: There is no 月 (U+6708) in font ec-lmr10!
Missing character: There is no か (U+304B) in font ec-lmr10!
Missing character: There is no ら (U+3089) in font ec-lmr10!
Missing character: There is no 配 (U+914D) in font ec-lmr10!
Missing character: There is no 送 (U+9001) in font ec-lmr10!
Missing character: There is no が (U+304C) in font ec-lmr10!
Missing character: There is no 始 (U+59CB) in font ec-lmr10!
Missing character: There is no ま (U+307E) in font ec-lmr10!
Missing character: There is no る (U+308B) in font ec-lmr10!
Missing character: There is no ら (U+3089) in font ec-lmr10!
Missing character: There is no し (U+3057) in font ec-lmr10!
Missing character: There is no い (U+3044) in font ec-lmr10!
Missing character: There is no の (U+306E) in font ec-lmr10!
Missing character: There is no で (U+3067) in font ec-lmr10!
Missing character: There is no 、 (U+3001) in font ec-lmr10!
Missing character: There is no 月 (U+6708) in font ec-lmr10!
Missing character: There is no ま (U+307E) in font ec-lmr10!
Missing character: There is no で (U+3067) in font ec-lmr10!
Missing character: There is no に (U+306B) in font ec-lmr10!
Missing character: There is no は (U+306F) in font ec-lmr10!
Missing character: There is no 届 (U+5C4A) in font ec-lmr10!
Missing character: There is no い (U+3044) in font ec-lmr10!
Missing character: There is no て (U+3066) in font ec-lmr10!
Missing character: There is no く (U+304F) in font ec-lmr10!
Missing character: There is no れ (U+308C) in font ec-lmr10!
Missing character: There is no る (U+308B) in font ec-lmr10!
Missing character: There is no だ (U+3060) in font ec-lmr10!
Missing character: There is no ろ (U+308D) in font ec-lmr10!
Missing character: There is no う (U+3046) in font ec-lmr10!
Missing character: There is no か (U+304B) in font ec-lmr10!
Missing character: There is no 。 (U+3002) in font ec-lmr10!
Missing character: There is no 今 (U+4ECA) in font ec-lmr10!
Missing character: There is no な (U+306A) in font ec-lmr10!
Missing character: There is no ら (U+3089) in font ec-lmr10!
Missing character: There is no （ (U+FF08) in font ec-lmr10!
Missing character: There is no ま (U+307E) in font ec-lmr10!
Missing character: There is no で (U+3067) in font ec-lmr10!
Missing character: There is no ） (U+FF09) in font ec-lmr10!
Missing character: There is no 、 (U+3001) in font ec-lmr10!
Missing character: There is no モ (U+30E2) in font ec-lmr10!
Missing character: There is no ジ (U+30B8) in font ec-lmr10!
Missing character: There is no ュ (U+30E5) in font ec-lmr10!
Missing character: There is no ー (U+30FC) in font ec-lmr10!
Missing character: There is no ル (U+30EB) in font ec-lmr10!
Missing character: There is no が (U+304C) in font ec-lmr10!
Missing character: There is no 無 (U+7121) in font ec-lmr10!
Missing character: There is no 料 (U+6599) in font ec-lmr10!
Missing character: There is no で (U+3067) in font ec-lmr10!
Missing character: There is no つ (U+3064) in font ec-lmr10!
Missing character: There is no い (U+3044) in font ec-lmr10!
Missing character: There is no て (U+3066) in font ec-lmr10!
Missing character: There is no く (U+304F) in font ec-lmr10!
Missing character: There is no る (U+308B) in font ec-lmr10!
Missing character: There is no 組 (U+7D44) in font ec-lmr10!
Missing character: There is no み (U+307F) in font ec-lmr10!
Missing character: There is no 込 (U+8FBC) in font ec-lmr10!
Missing character: There is no み (U+307F) in font ec-lmr10!
Missing character: There is no キ (U+30AD) in font ec-lmr10!
Missing character: There is no ッ (U+30C3) in font ec-lmr10!
Missing character: There is no ト (U+30C8) in font ec-lmr10!
Missing character: There is no の (U+306E) in font ec-lmr10!
Missing character: There is no を (U+3092) in font ec-lmr10!
Missing character: There is no 注 (U+6CE8) in font ec-lmr10!
Missing character: There is no 文 (U+6587) in font ec-lmr10!
Missing character: There is no し (U+3057) in font ec-lmr10!
Missing character: There is no た (U+305F) in font ec-lmr10!
Missing character: There is no 。 (U+3002) in font ec-lmr10!
Missing character: There is no 月 (U+6708) in font ec-lmr10!
Missing character: There is no か (U+304B) in font ec-lmr10!
Missing character: There is no ら (U+3089) in font ec-lmr10!
Missing character: There is no 配 (U+914D) in font ec-lmr10!
Missing character: There is no 送 (U+9001) in font ec-lmr10!
Missing character: There is no が (U+304C) in font ec-lmr10!
Missing character: There is no 始 (U+59CB) in font ec-lmr10!
Missing character: There is no ま (U+307E) in font ec-lmr10!
Missing character: There is no る (U+308B) in font ec-lmr10!
Missing character: There is no ら (U+3089) in font ec-lmr10!
Missing character: There is no し (U+3057) in font ec-lmr10!
Missing character: There is no い (U+3044) in font ec-lmr10!
Missing character: There is no の (U+306E) in font ec-lmr10!
Missing character: There is no で (U+3067) in font ec-lmr10!
Missing character: There is no 、 (U+3001) in font ec-lmr10!
Missing character: There is no 月 (U+6708) in font ec-lmr10!
Missing character: There is no ま (U+307E) in font ec-lmr10!
Missing character: There is no で (U+3067) in font ec-lmr10!
Missing character: There is no に (U+306B) in font ec-lmr10!
Missing character: There is no は (U+306F) in font ec-lmr10!
Missing character: There is no 届 (U+5C4A) in font ec-lmr10!
Missing character: There is no い (U+3044) in font ec-lmr10!
Missing character: There is no て (U+3066) in font ec-lmr10!
Missing character: There is no く (U+304F) in font ec-lmr10!
Missing character: There is no れ (U+308C) in font ec-lmr10!
Missing character: There is no る (U+308B) in font ec-lmr10!
Missing character: There is no だ (U+3060) in font ec-lmr10!
Missing character: There is no ろ (U+308D) in font ec-lmr10!
Missing character: There is no う (U+3046) in font ec-lmr10!
Missing character: There is no か (U+304B) in font ec-lmr10!
Missing character: There is no 。 (U+3002) in font ec-lmr10!
LaTeX Font Info:    Trying to load font information for U+msa on input line 224
.
(/usr/local/texlive/2026/texmf-dist/tex/latex/amsfonts/umsa.fd
File: umsa.fd 2013/01/14 v3.01 AMS symbols A
)
LaTeX Font Info:    Trying to load font information for U+msb on input line 224
.

(/usr/local/texlive/2026/texmf-dist/tex/latex/amsfonts/umsb.fd
File: umsb.fd 2013/01/14 v3.01 AMS symbols B
)
Overfull \hbox (0.80153pt too wide) in paragraph at lines 225--226
[][]$\T1/lmtt/m/n/10.95 http://plugcomputer.org/plugwiki/index.php?title=Main_Pa
ge$[] 
 []

Missing character: There is no が (U+304C) in font ec-lmr10!
Missing character: There is no 最 (U+6700) in font ec-lmr10!
Missing character: There is no 高 (U+9AD8) in font ec-lmr10!
Missing character: There is no だ (U+3060) in font ec-lmr10!
Missing character: There is no と (U+3068) in font ec-lmr10!
Missing character: There is no 思 (U+601D) in font ec-lmr10!
Missing character: There is no っ (U+3063) in font ec-lmr10!
Missing character: There is no て (U+3066) in font ec-lmr10!
Missing character: There is no い (U+3044) in font ec-lmr10!
Missing character: There is no た (U+305F) in font ec-lmr10!
Missing character: There is no け (U+3051) in font ec-lmr10!
Missing character: There is no ど (U+3069) in font ec-lmr10!
Missing character: There is no 、 (U+3001) in font ec-lmr10!
Missing character: There is no は (U+306F) in font ec-lmr10!
Missing character: There is no さ (U+3055) in font ec-lmr10!
Missing character: There is no ら (U+3089) in font ec-lmr10!
Missing character: There is no に (U+306B) in font ec-lmr10!
Missing character: There is no 良 (U+826F) in font ec-lmr10!
Missing character: There is no か (U+304B) in font ec-lmr10!
Missing character: There is no っ (U+3063) in font ec-lmr10!
Missing character: There is no た (U+305F) in font ec-lmr10!
Missing character: There is no 。 (U+3002) in font ec-lmr10!
Missing character: There is no キ (U+30AD) in font ec-lmr10!
Missing character: There is no ー (U+30FC) in font ec-lmr10!
Missing character: There is no ボ (U+30DC) in font ec-lmr10!
Missing character: There is no ー (U+30FC) in font ec-lmr10!
Missing character: There is no ド (U+30C9) in font ec-lmr10!
Missing character: There is no だ (U+3060) in font ec-lmr10!
Missing character: There is no け (U+3051) in font ec-lmr10!
Missing character: There is no で (U+3067) in font ec-lmr10!
Missing character: There is no 操 (U+64CD) in font ec-lmr10!
Missing character: There is no 作 (U+4F5C) in font ec-lmr10!
Missing character: There is no で (U+3067) in font ec-lmr10!
Missing character: There is no き (U+304D) in font ec-lmr10!
Missing character: There is no る (U+308B) in font ec-lmr10!
Missing character: There is no し (U+3057) in font ec-lmr10!
Missing character: There is no 、 (U+3001) in font ec-lmr10!
Missing character: There is no と (U+3068) in font ec-lmr10!
Missing character: There is no 違 (U+9055) in font ec-lmr10!
Missing character: There is no っ (U+3063) in font ec-lmr10!
Missing character: There is no て (U+3066) in font ec-lmr10!
Missing character: There is no 設 (U+8A2D) in font ec-lmr10!
Missing character: There is no 定 (U+5B9A) in font ec-lmr10!
Missing character: There is no フ (U+30D5) in font ec-lmr10!
Missing character: There is no ァ (U+30A1) in font ec-lmr10!
Missing character: There is no イ (U+30A4) in font ec-lmr10!
Missing character: There is no ル (U+30EB) in font ec-lmr10!
Missing character: There is no が (U+304C) in font ec-lmr10!
Missing character: There is no 多 (U+591A) in font ec-lmr10!
Missing character: There is no 少 (U+5C11) in font ec-lmr10!
Missing character: There is no お (U+304A) in font ec-lmr10!
Missing character: There is no か (U+304B) in font ec-lmr10!
Missing character: There is no し (U+3057) in font ec-lmr10!
Missing character: There is no く (U+304F) in font ec-lmr10!
Missing character: There is no な (U+306A) in font ec-lmr10!
Missing character: There is no っ (U+3063) in font ec-lmr10!
Missing character: There is no て (U+3066) in font ec-lmr10!
Missing character: There is no も (U+3082) in font ec-lmr10!
Missing character: There is no 以 (U+4EE5) in font ec-lmr10!
Missing character: There is no 前 (U+524D) in font ec-lmr10!
Missing character: There is no の (U+306E) in font ec-lmr10!
Missing character: There is no 設 (U+8A2D) in font ec-lmr10!
Missing character: There is no 定 (U+5B9A) in font ec-lmr10!
Missing character: There is no の (U+306E) in font ec-lmr10!
Missing character: There is no ま (U+307E) in font ec-lmr10!
Missing character: There is no ま (U+307E) in font ec-lmr10!
Missing character: There is no 動 (U+52D5) in font ec-lmr10!
Missing character: There is no い (U+3044) in font ec-lmr10!
Missing character: There is no て (U+3066) in font ec-lmr10!
Missing character: There is no く (U+304F) in font ec-lmr10!
Missing character: There is no れ (U+308C) in font ec-lmr10!
Missing character: There is no る (U+308B) in font ec-lmr10!
Missing character: There is no の (U+306E) in font ec-lmr10!
Missing character: There is no で (U+3067) in font ec-lmr10!
Missing character: There is no 、 (U+3001) in font ec-lmr10!
Missing character: There is no 使 (U+4F7F) in font ec-lmr10!
Missing character: There is no う (U+3046) in font ec-lmr10!
Missing character: There is no 側 (U+5074) in font ec-lmr10!
Missing character: There is no と (U+3068) in font ec-lmr10!
Missing character: There is no し (U+3057) in font ec-lmr10!
Missing character: There is no て (U+3066) in font ec-lmr10!
Missing character: There is no は (U+306F) in font ec-lmr10!
Missing character: There is no 安 (U+5B89) in font ec-lmr10!
Missing character: There is no 心 (U+5FC3) in font ec-lmr10!
Missing character: There is no 感 (U+611F) in font ec-lmr10!
Missing character: There is no が (U+304C) in font ec-lmr10!
Missing character: There is no あ (U+3042) in font ec-lmr10!
Missing character: There is no る (U+308B) in font ec-lmr10!
Missing character: There is no 。 (U+3002) in font ec-lmr10!
Missing character: There is no で (U+3067) in font ec-lmr10!
Missing character: There is no 気 (U+6C17) in font ec-lmr10!
Missing character: There is no に (U+306B) in font ec-lmr10!
Missing character: There is no 入 (U+5165) in font ec-lmr10!
Missing character: There is no っ (U+3063) in font ec-lmr10!
Missing character: There is no て (U+3066) in font ec-lmr10!
Missing character: There is no い (U+3044) in font ec-lmr10!
Missing character: There is no た (U+305F) in font ec-lmr10!
Missing character: There is no も (U+3082) in font ec-lmr10!
Missing character: There is no の (U+306E) in font ec-lmr10!
Missing character: There is no は (U+306F) in font ec-lmr10!
Missing character: There is no 、 (U+3001) in font ec-lmr10!
Missing character: There is no だ (U+3060) in font ec-lmr10!
Missing character: There is no い (U+3044) in font ec-lmr10!
Missing character: There is no た (U+305F) in font ec-lmr10!
Missing character: There is no い (U+3044) in font ec-lmr10!
Missing character: There is no 側 (U+5074) in font ec-lmr10!
Missing character: There is no に (U+306B) in font ec-lmr10!
Missing character: There is no も (U+3082) in font ec-lmr10!
Missing character: There is no 揃 (U+63C3) in font ec-lmr10!
Missing character: There is no っ (U+3063) in font ec-lmr10!
Missing character: There is no て (U+3066) in font ec-lmr10!
Missing character: There is no い (U+3044) in font ec-lmr10!
Missing character: There is no る (U+308B) in font ec-lmr10!
Missing character: There is no 。 (U+3002) in font ec-lmr10!
Missing character: There is no が (U+304C) in font ec-lmr10!
Missing character: There is no 書 (U+66F8) in font ec-lmr10!
Missing character: There is no い (U+3044) in font ec-lmr10!
Missing character: There is no た (U+305F) in font ec-lmr10!
Missing character: There is no の (U+306E) in font ec-lmr10!
Missing character: There is no が (U+304C) in font ec-lmr10!
Missing character: There is no お (U+304A) in font ec-lmr10!
Missing character: There is no 気 (U+6C17) in font ec-lmr10!
Missing character: There is no に (U+306B) in font ec-lmr10!
Missing character: There is no 入 (U+5165) in font ec-lmr10!
Missing character: There is no り (U+308A) in font ec-lmr10!
Missing character: There is no だ (U+3060) in font ec-lmr10!
Missing character: There is no っ (U+3063) in font ec-lmr10!
Missing character: There is no た (U+305F) in font ec-lmr10!
Missing character: There is no の (U+306E) in font ec-lmr10!
Missing character: There is no で (U+3067) in font ec-lmr10!
Missing character: There is no 、 (U+3001) in font ec-lmr10!
Missing character: There is no 同 (U+540C) in font ec-lmr10!
Missing character: There is no じ (U+3058) in font ec-lmr10!
Missing character: There is no よ (U+3088) in font ec-lmr10!
Missing character: There is no う (U+3046) in font ec-lmr10!
Missing character: There is no な (U+306A) in font ec-lmr10!
Missing character: There is no も (U+3082) in font ec-lmr10!
Missing character: There is no の (U+306E) in font ec-lmr10!
Missing character: There is no が (U+304C) in font ec-lmr10!
Missing character: There is no に (U+306B) in font ec-lmr10!
Missing character: There is no も (U+3082) in font ec-lmr10!
Missing character: There is no な (U+306A) in font ec-lmr10!
Missing character: There is no い (U+3044) in font ec-lmr10!
Missing character: There is no か (U+304B) in font ec-lmr10!
Missing character: There is no 、 (U+3001) in font ec-lmr10!
Missing character: There is no い (U+3044) in font ec-lmr10!
Missing character: There is no ま (U+307E) in font ec-lmr10!
Missing character: There is no 探 (U+63A2) in font ec-lmr10!
Missing character: There is no し (U+3057) in font ec-lmr10!
Missing character: There is no て (U+3066) in font ec-lmr10!
Missing character: There is no い (U+3044) in font ec-lmr10!
Missing character: There is no る (U+308B) in font ec-lmr10!
Missing character: There is no と (U+3068) in font ec-lmr10!
Missing character: There is no こ (U+3053) in font ec-lmr10!
Missing character: There is no ろ (U+308D) in font ec-lmr10!
Missing character: There is no 。 (U+3002) in font ec-lmr10!
Missing character: There is no が (U+304C) in font ec-lmr10!
Missing character: There is no 最 (U+6700) in font ec-lmr10!
Missing character: There is no 高 (U+9AD8) in font ec-lmr10!
Missing character: There is no だ (U+3060) in font ec-lmr10!
Missing character: There is no と (U+3068) in font ec-lmr10!
Missing character: There is no 思 (U+601D) in font ec-lmr10!
Missing character: There is no っ (U+3063) in font ec-lmr10!
Missing character: There is no て (U+3066) in font ec-lmr10!
Missing character: There is no い (U+3044) in font ec-lmr10!
Missing character: There is no た (U+305F) in font ec-lmr10!
Missing character: There is no け (U+3051) in font ec-lmr10!
Missing character: There is no ど (U+3069) in font ec-lmr10!
Missing character: There is no 、 (U+3001) in font ec-lmr10!
Missing character: There is no は (U+306F) in font ec-lmr10!
Missing character: There is no さ (U+3055) in font ec-lmr10!
Missing character: There is no ら (U+3089) in font ec-lmr10!
Missing character: There is no に (U+306B) in font ec-lmr10!
Missing character: There is no 良 (U+826F) in font ec-lmr10!
Missing character: There is no か (U+304B) in font ec-lmr10!
Missing character: There is no っ (U+3063) in font ec-lmr10!
Missing character: There is no た (U+305F) in font ec-lmr10!
Missing character: There is no 。 (U+3002) in font ec-lmr10!
Missing character: There is no キ (U+30AD) in font ec-lmr10!
Missing character: There is no ー (U+30FC) in font ec-lmr10!
Missing character: There is no ボ (U+30DC) in font ec-lmr10!
Missing character: There is no ー (U+30FC) in font ec-lmr10!
Missing character: There is no ド (U+30C9) in font ec-lmr10!
Missing character: There is no だ (U+3060) in font ec-lmr10!
Missing character: There is no け (U+3051) in font ec-lmr10!
Missing character: There is no で (U+3067) in font ec-lmr10!
Missing character: There is no 操 (U+64CD) in font ec-lmr10!
Missing character: There is no 作 (U+4F5C) in font ec-lmr10!
Missing character: There is no で (U+3067) in font ec-lmr10!
Missing character: There is no き (U+304D) in font ec-lmr10!
Missing character: There is no る (U+308B) in font ec-lmr10!
Missing character: There is no し (U+3057) in font ec-lmr10!
Missing character: There is no 、 (U+3001) in font ec-lmr10!
Missing character: There is no と (U+3068) in font ec-lmr10!
Missing character: There is no 違 (U+9055) in font ec-lmr10!
Missing character: There is no っ (U+3063) in font ec-lmr10!
Missing character: There is no て (U+3066) in font ec-lmr10!
Missing character: There is no 設 (U+8A2D) in font ec-lmr10!
Missing character: There is no 定 (U+5B9A) in font ec-lmr10!
Missing character: There is no フ (U+30D5) in font ec-lmr10!
Missing character: There is no ァ (U+30A1) in font ec-lmr10!
Missing character: There is no イ (U+30A4) in font ec-lmr10!
Missing character: There is no ル (U+30EB) in font ec-lmr10!
Missing character: There is no が (U+304C) in font ec-lmr10!
Missing character: There is no 多 (U+591A) in font ec-lmr10!
Missing character: There is no 少 (U+5C11) in font ec-lmr10!
Missing character: There is no お (U+304A) in font ec-lmr10!
Missing character: There is no か (U+304B) in font ec-lmr10!
Missing character: There is no し (U+3057) in font ec-lmr10!
Missing character: There is no く (U+304F) in font ec-lmr10!
Missing character: There is no な (U+306A) in font ec-lmr10!
Missing character: There is no っ (U+3063) in font ec-lmr10!
Missing character: There is no て (U+3066) in font ec-lmr10!
Missing character: There is no も (U+3082) in font ec-lmr10!
Missing character: There is no 以 (U+4EE5) in font ec-lmr10!
Missing character: There is no 前 (U+524D) in font ec-lmr10!
Missing character: There is no の (U+306E) in font ec-lmr10!
Missing character: There is no 設 (U+8A2D) in font ec-lmr10!
Missing character: There is no 定 (U+5B9A) in font ec-lmr10!
Missing character: There is no の (U+306E) in font ec-lmr10!
Missing character: There is no ま (U+307E) in font ec-lmr10!
Missing character: There is no ま (U+307E) in font ec-lmr10!
Missing character: There is no 動 (U+52D5) in font ec-lmr10!
Missing character: There is no い (U+3044) in font ec-lmr10!
Missing character: There is no て (U+3066) in font ec-lmr10!
Missing character: There is no く (U+304F) in font ec-lmr10!
Missing character: There is no れ (U+308C) in font ec-lmr10!
Missing character: There is no る (U+308B) in font ec-lmr10!
Missing character: There is no の (U+306E) in font ec-lmr10!
Missing character: There is no で (U+3067) in font ec-lmr10!
Missing character: There is no 、 (U+3001) in font ec-lmr10!
Missing character: There is no 使 (U+4F7F) in font ec-lmr10!
Missing character: There is no う (U+3046) in font ec-lmr10!
Missing character: There is no 側 (U+5074) in font ec-lmr10!
Missing character: There is no と (U+3068) in font ec-lmr10!
Missing character: There is no し (U+3057) in font ec-lmr10!
Missing character: There is no て (U+3066) in font ec-lmr10!
Missing character: There is no は (U+306F) in font ec-lmr10!
Missing character: There is no 安 (U+5B89) in font ec-lmr10!
Missing character: There is no 心 (U+5FC3) in font ec-lmr10!
Missing character: There is no 感 (U+611F) in font ec-lmr10!
Missing character: There is no が (U+304C) in font ec-lmr10!
Missing character: There is no あ (U+3042) in font ec-lmr10!
Missing character: There is no る (U+308B) in font ec-lmr10!
Missing character: There is no 。 (U+3002) in font ec-lmr10!
Missing character: There is no で (U+3067) in font ec-lmr10!
Missing character: There is no 気 (U+6C17) in font ec-lmr10!
Missing character: There is no に (U+306B) in font ec-lmr10!
Missing character: There is no 入 (U+5165) in font ec-lmr10!
Missing character: There is no っ (U+3063) in font ec-lmr10!
Missing character: There is no て (U+3066) in font ec-lmr10!
Missing character: There is no い (U+3044) in font ec-lmr10!
Missing character: There is no た (U+305F) in font ec-lmr10!
Missing character: There is no も (U+3082) in font ec-lmr10!
Missing character: There is no の (U+306E) in font ec-lmr10!
Missing character: There is no は (U+306F) in font ec-lmr10!
Missing character: There is no 、 (U+3001) in font ec-lmr10!
Missing character: There is no だ (U+3060) in font ec-lmr10!
Missing character: There is no い (U+3044) in font ec-lmr10!
Missing character: There is no た (U+305F) in font ec-lmr10!
Missing character: There is no い (U+3044) in font ec-lmr10!
Missing character: There is no 側 (U+5074) in font ec-lmr10!
Missing character: There is no に (U+306B) in font ec-lmr10!
Missing character: There is no も (U+3082) in font ec-lmr10!
Missing character: There is no 揃 (U+63C3) in font ec-lmr10!
Missing character: There is no っ (U+3063) in font ec-lmr10!
Missing character: There is no て (U+3066) in font ec-lmr10!
Missing character: There is no い (U+3044) in font ec-lmr10!
Missing character: There is no る (U+308B) in font ec-lmr10!
Missing character: There is no 。 (U+3002) in font ec-lmr10!
Missing character: There is no が (U+304C) in font ec-lmr10!
Missing character: There is no 書 (U+66F8) in font ec-lmr10!
Missing character: There is no い (U+3044) in font ec-lmr10!
Missing character: There is no た (U+305F) in font ec-lmr10!
Missing character: There is no の (U+306E) in font ec-lmr10!
Missing character: There is no が (U+304C) in font ec-lmr10!
Missing character: There is no お (U+304A) in font ec-lmr10!
Missing character: There is no 気 (U+6C17) in font ec-lmr10!
Missing character: There is no に (U+306B) in font ec-lmr10!
Missing character: There is no 入 (U+5165) in font ec-lmr10!
Missing character: There is no り (U+308A) in font ec-lmr10!
Missing character: There is no だ (U+3060) in font ec-lmr10!
Missing character: There is no っ (U+3063) in font ec-lmr10!
Missing character: There is no た (U+305F) in font ec-lmr10!
Missing character: There is no の (U+306E) in font ec-lmr10!
Missing character: There is no で (U+3067) in font ec-lmr10!
Missing character: There is no 、 (U+3001) in font ec-lmr10!
Missing character: There is no 同 (U+540C) in font ec-lmr10!
Missing character: There is no じ (U+3058) in font ec-lmr10!
Missing character: There is no よ (U+3088) in font ec-lmr10!
Missing character: There is no う (U+3046) in font ec-lmr10!
Missing character: There is no な (U+306A) in font ec-lmr10!
Missing character: There is no も (U+3082) in font ec-lmr10!
Missing character: There is no の (U+306E) in font ec-lmr10!
Missing character: There is no が (U+304C) in font ec-lmr10!
Missing character: There is no に (U+306B) in font ec-lmr10!
Missing character: There is no も (U+3082) in font ec-lmr10!
Missing character: There is no な (U+306A) in font ec-lmr10!
Missing character: There is no い (U+3044) in font ec-lmr10!
Missing character: There is no か (U+304B) in font ec-lmr10!
Missing character: There is no 、 (U+3001) in font ec-lmr10!
Missing character: There is no い (U+3044) in font ec-lmr10!
Missing character: There is no ま (U+307E) in font ec-lmr10!
Missing character: There is no 探 (U+63A2) in font ec-lmr10!
Missing character: There is no し (U+3057) in font ec-lmr10!
Missing character: There is no て (U+3066) in font ec-lmr10!
Missing character: There is no い (U+3044) in font ec-lmr10!
Missing character: There is no る (U+308B) in font ec-lmr10!
Missing character: There is no と (U+3068) in font ec-lmr10!
Missing character: There is no こ (U+3053) in font ec-lmr10!
Missing character: There is no ろ (U+308D) in font ec-lmr10!
Missing character: There is no 。 (U+3002) in font ec-lmr10!
Missing character: There is no に (U+306B) in font ec-lmr10!
Missing character: There is no を (U+3092) in font ec-lmr10!
Missing character: There is no 入 (U+5165) in font ec-lmr10!
Missing character: There is no れ (U+308C) in font ec-lmr10!
Missing character: There is no て (U+3066) in font ec-lmr10!
Missing character: There is no み (U+307F) in font ec-lmr10!
Missing character: There is no た (U+305F) in font ec-lmr10!
Missing character: There is no 。 (U+3002) in font ec-lmr10!
Missing character: There is no に (U+306B) in font ec-lmr10!
Missing character: There is no を (U+3092) in font ec-lmr10!
Missing character: There is no 入 (U+5165) in font ec-lmr10!
Missing character: There is no れ (U+308C) in font ec-lmr10!
Missing character: There is no て (U+3066) in font ec-lmr10!
Missing character: There is no み (U+307F) in font ec-lmr10!
Missing character: There is no た (U+305F) in font ec-lmr10!
Missing character: There is no 。 (U+3002) in font ec-lmr10!

Overfull \hbox (25.16515pt too wide) in paragraph at lines 266--266
[]\T1/lmtt/m/n/10.95 import qualified XMonad.StackSet as W -- to shift and float
 windows[] 
 []


Overfull \hbox (7.91895pt too wide) in paragraph at lines 266--266
[]     \T1/lmtt/m/n/10.95 [ [ className   =? c --> doFloat           | c <- myFl
oats][] 
 []


Overfull \hbox (36.66261pt too wide) in paragraph at lines 266--266
[]     \T1/lmtt/m/n/10.95 , [ title       =? t --> doFloat           | t <- myOt
herFloats][] 
 []


Overfull \hbox (2.17021pt too wide) in paragraph at lines 266--266
[]     \T1/lmtt/m/n/10.95 , [ className   =? c --> doF (W.shift "2") | c <- webA
pps][] 
 []

[5
Missing character: There is no の (U+306E) in font ec-lmr10!
Missing character: There is no 設 (U+8A2D) in font ec-lmr10!
Missing character: There is no 定 (U+5B9A) in font ec-lmr10!
Missing character: There is no を (U+3092) in font ec-lmr10!
Missing character: There is no 見 (U+898B) in font ec-lmr10!
Missing character: There is no 直 (U+76F4) in font ec-lmr10!
Missing character: There is no し (U+3057) in font ec-lmr10!
Missing character: There is no て (U+3066) in font ec-lmr10!
Missing character: There is no み (U+307F) in font ec-lmr10!
Missing character: There is no た (U+305F) in font ec-lmr10!
Missing character: There is no 。 (U+3002) in font ec-lmr10!
Missing character: There is no 見 (U+898B) in font ec-lmr10!
Missing character: There is no た (U+305F) in font ec-lmr10!
Missing character: There is no 目 (U+76EE) in font ec-lmr10!
Missing character: There is no に (U+306B) in font ec-lmr10!
Missing character: There is no は (U+306F) in font ec-lmr10!
Missing character: There is no あ (U+3042) in font ec-lmr10!
Missing character: There is no ま (U+307E) in font ec-lmr10!
Missing character: There is no り (U+308A) in font ec-lmr10!
Missing character: There is no 変 (U+5909) in font ec-lmr10!
Missing character: There is no わ (U+308F) in font ec-lmr10!
Missing character: There is no っ (U+3063) in font ec-lmr10!
Missing character: There is no て (U+3066) in font ec-lmr10!
Missing character: There is no い (U+3044) in font ec-lmr10!
Missing character: There is no な (U+306A) in font ec-lmr10!
Missing character: There is no い (U+3044) in font ec-lmr10!
Missing character: There is no よ (U+3088) in font ec-lmr10!
Missing character: There is no う (U+3046) in font ec-lmr10!
Missing character: There is no に (U+306B) in font ec-lmr10!
Missing character: There is no 見 (U+898B) in font ec-lmr10!
Missing character: There is no え (U+3048) in font ec-lmr10!
Missing character: There is no る (U+308B) in font ec-lmr10!
Missing character: There is no か (U+304B) in font ec-lmr10!
Missing character: There is no も (U+3082) in font ec-lmr10!
Missing character: There is no し (U+3057) in font ec-lmr10!
Missing character: There is no れ (U+308C) in font ec-lmr10!
Missing character: There is no な (U+306A) in font ec-lmr10!
Missing character: There is no い (U+3044) in font ec-lmr10!
Missing character: There is no け (U+3051) in font ec-lmr10!
Missing character: There is no ど (U+3069) in font ec-lmr10!
Missing character: There is no 、 (U+3001) in font ec-lmr10!
Missing character: There is no （ (U+FF08) in font ec-lmr10!
Missing character: There is no 他 (U+4ED6) in font ec-lmr10!
Missing character: There is no の (U+306E) in font ec-lmr10!
Missing character: There is no ウ (U+30A6) in font ec-lmr10!
Missing character: There is no ィ (U+30A3) in font ec-lmr10!
Missing character: There is no ン (U+30F3) in font ec-lmr10!
Missing character: There is no ド (U+30C9) in font ec-lmr10!
Missing character: There is no ウ (U+30A6) in font ec-lmr10!
Missing character: There is no マ (U+30DE) in font ec-lmr10!
Missing character: There is no ネ (U+30CD) in font ec-lmr10!
Missing character: There is no ー (U+30FC) in font ec-lmr10!
Missing character: There is no ジ (U+30B8) in font ec-lmr10!
Missing character: There is no ャ (U+30E3) in font ec-lmr10!
Missing character: There is no で (U+3067) in font ec-lmr10!
Missing character: There is no い (U+3044) in font ec-lmr10!
Missing character: There is no う (U+3046) in font ec-lmr10!
Missing character: There is no と (U+3068) in font ec-lmr10!
Missing character: There is no こ (U+3053) in font ec-lmr10!
Missing character: There is no ろ (U+308D) in font ec-lmr10!
Missing character: There is no の (U+306E) in font ec-lmr10!
Missing character: There is no ワ (U+30EF) in font ec-lmr10!
Missing character: There is no ー (U+30FC) in font ec-lmr10!
Missing character: There is no ク (U+30AF) in font ec-lmr10!
Missing character: There is no ス (U+30B9) in font ec-lmr10!
Missing character: There is no ペ (U+30DA) in font ec-lmr10!
Missing character: There is no ー (U+30FC) in font ec-lmr10!
Missing character: There is no ス (U+30B9) in font ec-lmr10!
Missing character: There is no ） (U+FF09) in font ec-lmr10!
Missing character: There is no を (U+3092) in font ec-lmr10!
Missing character: There is no 動 (U+52D5) in font ec-lmr10!
Missing character: There is no 的 (U+7684) in font ec-lmr10!
Missing character: There is no に (U+306B) in font ec-lmr10!
Missing character: There is no 生 (U+751F) in font ec-lmr10!
Missing character: There is no 成 (U+6210) in font ec-lmr10!
Missing character: There is no す (U+3059) in font ec-lmr10!
Missing character: There is no る (U+308B) in font ec-lmr10!
Missing character: There is no と (U+3068) in font ec-lmr10!
Missing character: There is no い (U+3044) in font ec-lmr10!
Missing character: There is no う (U+3046) in font ec-lmr10!
Missing character: There is no の (U+306E) in font ec-lmr10!
Missing character: There is no を (U+3092) in font ec-lmr10!
Missing character: There is no 使 (U+4F7F) in font ec-lmr10!
Missing character: There is no っ (U+3063) in font ec-lmr10!
Missing character: There is no て (U+3066) in font ec-lmr10!
Missing character: There is no み (U+307F) in font ec-lmr10!
Missing character: There is no て (U+3066) in font ec-lmr10!
Missing character: There is no い (U+3044) in font ec-lmr10!
Missing character: There is no る (U+308B) in font ec-lmr10!
Missing character: There is no 。 (U+3002) in font ec-lmr10!
Missing character: There is no 今 (U+4ECA) in font ec-lmbx10!
Missing character: There is no な (U+306A) in font ec-lmbx10!
Missing character: There is no ら (U+3089) in font ec-lmbx10!
Missing character: There is no ま (U+307E) in font ec-lmbx10!
Missing character: There is no で (U+3067) in font ec-lmbx10!
Missing character: There is no 、 (U+3001) in font ec-lmbx10!
Missing character: There is no モ (U+30E2) in font ec-lmbx10!
Missing character: There is no ジ (U+30B8) in font ec-lmbx10!
Missing character: There is no ュ (U+30E5) in font ec-lmbx10!
Missing character: There is no ー (U+30FC) in font ec-lmbx10!
Missing character: There is no ル (U+30EB) in font ec-lmbx10!
Missing character: There is no が (U+304C) in font ec-lmbx10!
Missing character: There is no 無 (U+7121) in font ec-lmbx10!
Missing character: There is no 料 (U+6599) in font ec-lmbx10!
Missing character: There is no の (U+306E) in font ec-lmbx10!
Missing character: There is no 組 (U+7D44) in font ec-lmbx10!
Missing character: There is no み (U+307F) in font ec-lmbx10!
Missing character: There is no 込 (U+8FBC) in font ec-lmbx10!
Missing character: There is no み (U+307F) in font ec-lmbx10!
Missing character: There is no 今 (U+4ECA) in font ec-lmr10!
Missing character: There is no な (U+306A) in font ec-lmr10!
Missing character: There is no ら (U+3089) in font ec-lmr10!
Missing character: There is no （ (U+FF08) in font ec-lmr10!
Missing character: There is no ま (U+307E) in font ec-lmr10!
Missing character: There is no で (U+3067) in font ec-lmr10!
Missing character: There is no ） (U+FF09) in font ec-lmr10!
Missing character: There is no 、 (U+3001) in font ec-lmr10!
Missing character: There is no モ (U+30E2) in font ec-lmr10!
Missing character: There is no ジ (U+30B8) in font ec-lmr10!
Missing character: There is no ュ (U+30E5) in font ec-lmr10!
Missing character: There is no ー (U+30FC) in font ec-lmr10!
Missing character: There is no ル (U+30EB) in font ec-lmr10!
Missing character: There is no が (U+304C) in font ec-lmr10!
Missing character: There is no 無 (U+7121) in font ec-lmr10!
Missing character: There is no 料 (U+6599) in font ec-lmr10!
Missing character: There is no で (U+3067) in font ec-lmr10!
Missing character: There is no つ (U+3064) in font ec-lmr10!
Missing character: There is no い (U+3044) in font ec-lmr10!
Missing character: There is no て (U+3066) in font ec-lmr10!
Missing character: There is no く (U+304F) in font ec-lmr10!
Missing character: There is no る (U+308B) in font ec-lmr10!
Missing character: There is no 組 (U+7D44) in font ec-lmr10!
Missing character: There is no み (U+307F) in font ec-lmr10!
Missing character: There is no 込 (U+8FBC) in font ec-lmr10!
Missing character: There is no み (U+307F) in font ec-lmr10!
Missing character: There is no キ (U+30AD) in font ec-lmr10!
Missing character: There is no ッ (U+30C3) in font ec-lmr10!
Missing character: There is no ト (U+30C8) in font ec-lmr10!
Missing character: There is no の (U+306E) in font ec-lmr10!
Missing character: There is no を (U+3092) in font ec-lmr10!
Missing character: There is no 注 (U+6CE8) in font ec-lmr10!
Missing character: There is no 文 (U+6587) in font ec-lmr10!
Missing character: There is no し (U+3057) in font ec-lmr10!
Missing character: There is no た (U+305F) in font ec-lmr10!
Missing character: There is no 。 (U+3002) in font ec-lmr10!
Missing character: There is no 月 (U+6708) in font ec-lmr10!
Missing character: There is no か (U+304B) in font ec-lmr10!
Missing character: There is no ら (U+3089) in font ec-lmr10!
Missing character: There is no 配 (U+914D) in font ec-lmr10!
Missing character: There is no 送 (U+9001) in font ec-lmr10!
Missing character: There is no が (U+304C) in font ec-lmr10!
Missing character: There is no 始 (U+59CB) in font ec-lmr10!
Missing character: There is no ま (U+307E) in font ec-lmr10!
Missing character: There is no る (U+308B) in font ec-lmr10!
Missing character: There is no ら (U+3089) in font ec-lmr10!
Missing character: There is no し (U+3057) in font ec-lmr10!
Missing character: There is no い (U+3044) in font ec-lmr10!
Missing character: There is no の (U+306E) in font ec-lmr10!
Missing character: There is no で (U+3067) in font ec-lmr10!
Missing character: There is no 、 (U+3001) in font ec-lmr10!
Missing character: There is no 月 (U+6708) in font ec-lmr10!
Missing character: There is no ま (U+307E) in font ec-lmr10!
Missing character: There is no で (U+3067) in font ec-lmr10!
Missing character: There is no に (U+306B) in font ec-lmr10!
Missing character: There is no は (U+306F) in font ec-lmr10!
Missing character: There is no 届 (U+5C4A) in font ec-lmr10!
Missing character: There is no い (U+3044) in font ec-lmr10!
Missing character: There is no て (U+3066) in font ec-lmr10!
Missing character: There is no く (U+304F) in font ec-lmr10!
Missing character: There is no れ (U+308C) in font ec-lmr10!
Missing character: There is no る (U+308B) in font ec-lmr10!
Missing character: There is no だ (U+3060) in font ec-lmr10!
Missing character: There is no ろ (U+308D) in font ec-lmr10!
Missing character: There is no う (U+3046) in font ec-lmr10!
Missing character: There is no か (U+304B) in font ec-lmr10!
Missing character: There is no 。 (U+3002) in font ec-lmr10!
Missing character: There is no が (U+304C) in font ec-lmr10!
Missing character: There is no 最 (U+6700) in font ec-lmr10!
Missing character: There is no 高 (U+9AD8) in font ec-lmr10!
Missing character: There is no だ (U+3060) in font ec-lmr10!
Missing character: There is no と (U+3068) in font ec-lmr10!
Missing character: There is no 思 (U+601D) in font ec-lmr10!
Missing character: There is no っ (U+3063) in font ec-lmr10!
Missing character: There is no て (U+3066) in font ec-lmr10!
Missing character: There is no い (U+3044) in font ec-lmr10!
Missing character: There is no た (U+305F) in font ec-lmr10!
Missing character: There is no け (U+3051) in font ec-lmr10!
Missing character: There is no ど (U+3069) in font ec-lmr10!
Missing character: There is no 、 (U+3001) in font ec-lmr10!
Missing character: There is no は (U+306F) in font ec-lmr10!
Missing character: There is no さ (U+3055) in font ec-lmr10!
Missing character: There is no ら (U+3089) in font ec-lmr10!
Missing character: There is no に (U+306B) in font ec-lmr10!
Missing character: There is no 良 (U+826F) in font ec-lmr10!
Missing character: There is no か (U+304B) in font ec-lmr10!
Missing character: There is no っ (U+3063) in font ec-lmr10!
Missing character: There is no た (U+305F) in font ec-lmr10!
Missing character: There is no 。 (U+3002) in font ec-lmr10!
Missing character: There is no キ (U+30AD) in font ec-lmr10!
Missing character: There is no ー (U+30FC) in font ec-lmr10!
Missing character: There is no ボ (U+30DC) in font ec-lmr10!
Missing character: There is no ー (U+30FC) in font ec-lmr10!
Missing character: There is no ド (U+30C9) in font ec-lmr10!
Missing character: There is no だ (U+3060) in font ec-lmr10!
Missing character: There is no け (U+3051) in font ec-lmr10!
Missing character: There is no で (U+3067) in font ec-lmr10!
Missing character: There is no 操 (U+64CD) in font ec-lmr10!
Missing character: There is no 作 (U+4F5C) in font ec-lmr10!
Missing character: There is no で (U+3067) in font ec-lmr10!
Missing character: There is no き (U+304D) in font ec-lmr10!
Missing character: There is no る (U+308B) in font ec-lmr10!
Missing character: There is no し (U+3057) in font ec-lmr10!
Missing character: There is no 、 (U+3001) in font ec-lmr10!
Missing character: There is no と (U+3068) in font ec-lmr10!
Missing character: There is no 違 (U+9055) in font ec-lmr10!
Missing character: There is no っ (U+3063) in font ec-lmr10!
Missing character: There is no て (U+3066) in font ec-lmr10!
Missing character: There is no 設 (U+8A2D) in font ec-lmr10!
Missing character: There is no 定 (U+5B9A) in font ec-lmr10!
Missing character: There is no フ (U+30D5) in font ec-lmr10!
Missing character: There is no ァ (U+30A1) in font ec-lmr10!
Missing character: There is no イ (U+30A4) in font ec-lmr10!
Missing character: There is no ル (U+30EB) in font ec-lmr10!
Missing character: There is no が (U+304C) in font ec-lmr10!
Missing character: There is no 多 (U+591A) in font ec-lmr10!
Missing character: There is no 少 (U+5C11) in font ec-lmr10!
Missing character: There is no お (U+304A) in font ec-lmr10!
Missing character: There is no か (U+304B) in font ec-lmr10!
Missing character: There is no し (U+3057) in font ec-lmr10!
Missing character: There is no く (U+304F) in font ec-lmr10!
Missing character: There is no な (U+306A) in font ec-lmr10!
Missing character: There is no っ (U+3063) in font ec-lmr10!
Missing character: There is no て (U+3066) in font ec-lmr10!
Missing character: There is no も (U+3082) in font ec-lmr10!
Missing character: There is no 以 (U+4EE5) in font ec-lmr10!
Missing character: There is no 前 (U+524D) in font ec-lmr10!
Missing character: There is no の (U+306E) in font ec-lmr10!
Missing character: There is no 設 (U+8A2D) in font ec-lmr10!
Missing character: There is no 定 (U+5B9A) in font ec-lmr10!
Missing character: There is no の (U+306E) in font ec-lmr10!
Missing character: There is no ま (U+307E) in font ec-lmr10!
Missing character: There is no ま (U+307E) in font ec-lmr10!
Missing character: There is no 動 (U+52D5) in font ec-lmr10!
Missing character: There is no い (U+3044) in font ec-lmr10!
Missing character: There is no て (U+3066) in font ec-lmr10!
Missing character: There is no く (U+304F) in font ec-lmr10!
Missing character: There is no れ (U+308C) in font ec-lmr10!
Missing character: There is no る (U+308B) in font ec-lmr10!
Missing character: There is no の (U+306E) in font ec-lmr10!
Missing character: There is no で (U+3067) in font ec-lmr10!
Missing character: There is no 、 (U+3001) in font ec-lmr10!
Missing character: There is no 使 (U+4F7F) in font ec-lmr10!
Missing character: There is no う (U+3046) in font ec-lmr10!
Missing character: There is no 側 (U+5074) in font ec-lmr10!
Missing character: There is no と (U+3068) in font ec-lmr10!
Missing character: There is no し (U+3057) in font ec-lmr10!
Missing character: There is no て (U+3066) in font ec-lmr10!
Missing character: There is no は (U+306F) in font ec-lmr10!
Missing character: There is no 安 (U+5B89) in font ec-lmr10!
Missing character: There is no 心 (U+5FC3) in font ec-lmr10!
Missing character: There is no 感 (U+611F) in font ec-lmr10!
Missing character: There is no が (U+304C) in font ec-lmr10!
Missing character: There is no あ (U+3042) in font ec-lmr10!
Missing character: There is no る (U+308B) in font ec-lmr10!
Missing character: There is no 。 (U+3002) in font ec-lmr10!
Missing character: There is no で (U+3067) in font ec-lmr10!
Missing character: There is no 気 (U+6C17) in font ec-lmr10!
Missing character: There is no に (U+306B) in font ec-lmr10!
Missing character: There is no 入 (U+5165) in font ec-lmr10!
Missing character: There is no っ (U+3063) in font ec-lmr10!
Missing character: There is no て (U+3066) in font ec-lmr10!
Missing character: There is no い (U+3044) in font ec-lmr10!
Missing character: There is no た (U+305F) in font ec-lmr10!
Missing character: There is no も (U+3082) in font ec-lmr10!
Missing character: There is no の (U+306E) in font ec-lmr10!
Missing character: There is no は (U+306F) in font ec-lmr10!
Missing character: There is no 、 (U+3001) in font ec-lmr10!
Missing character: There is no だ (U+3060) in font ec-lmr10!
Missing character: There is no い (U+3044) in font ec-lmr10!
Missing character: There is no た (U+305F) in font ec-lmr10!
Missing character: There is no い (U+3044) in font ec-lmr10!
Missing character: There is no 側 (U+5074) in font ec-lmr10!
Missing character: There is no に (U+306B) in font ec-lmr10!
Missing character: There is no も (U+3082) in font ec-lmr10!
Missing character: There is no 揃 (U+63C3) in font ec-lmr10!
Missing character: There is no っ (U+3063) in font ec-lmr10!
Missing character: There is no て (U+3066) in font ec-lmr10!
Missing character: There is no い (U+3044) in font ec-lmr10!
Missing character: There is no る (U+308B) in font ec-lmr10!
Missing character: There is no 。 (U+3002) in font ec-lmr10!
Missing character: There is no が (U+304C) in font ec-lmr10!
Missing character: There is no 書 (U+66F8) in font ec-lmr10!
Missing character: There is no い (U+3044) in font ec-lmr10!
Missing character: There is no た (U+305F) in font ec-lmr10!
Missing character: There is no の (U+306E) in font ec-lmr10!
Missing character: There is no が (U+304C) in font ec-lmr10!
Missing character: There is no お (U+304A) in font ec-lmr10!
Missing character: There is no 気 (U+6C17) in font ec-lmr10!
Missing character: There is no に (U+306B) in font ec-lmr10!
Missing character: There is no 入 (U+5165) in font ec-lmr10!
Missing character: There is no り (U+308A) in font ec-lmr10!
Missing character: There is no だ (U+3060) in font ec-lmr10!
Missing character: There is no っ (U+3063) in font ec-lmr10!
Missing character: There is no た (U+305F) in font ec-lmr10!
Missing character: There is no の (U+306E) in font ec-lmr10!
Missing character: There is no で (U+3067) in font ec-lmr10!
Missing character: There is no 、 (U+3001) in font ec-lmr10!
Missing character: There is no 同 (U+540C) in font ec-lmr10!
Missing character: There is no じ (U+3058) in font ec-lmr10!
Missing character: There is no よ (U+3088) in font ec-lmr10!
Missing character: There is no う (U+3046) in font ec-lmr10!
Missing character: There is no な (U+306A) in font ec-lmr10!
Missing character: There is no も (U+3082) in font ec-lmr10!
Missing character: There is no の (U+306E) in font ec-lmr10!
Missing character: There is no が (U+304C) in font ec-lmr10!
Missing character: There is no に (U+306B) in font ec-lmr10!
Missing character: There is no も (U+3082) in font ec-lmr10!
Missing character: There is no な (U+306A) in font ec-lmr10!
Missing character: There is no い (U+3044) in font ec-lmr10!
Missing character: There is no か (U+304B) in font ec-lmr10!
Missing character: There is no 、 (U+3001) in font ec-lmr10!
Missing character: There is no い (U+3044) in font ec-lmr10!
Missing character: There is no ま (U+307E) in font ec-lmr10!
Missing character: There is no 探 (U+63A2) in font ec-lmr10!
Missing character: There is no し (U+3057) in font ec-lmr10!
Missing character: There is no て (U+3066) in font ec-lmr10!
Missing character: There is no い (U+3044) in font ec-lmr10!
Missing character: There is no る (U+308B) in font ec-lmr10!
Missing character: There is no と (U+3068) in font ec-lmr10!
Missing character: There is no こ (U+3053) in font ec-lmr10!
Missing character: There is no ろ (U+308D) in font ec-lmr10!
Missing character: There is no 。 (U+3002) in font ec-lmr10!
Missing character: There is no に (U+306B) in font ec-lmr10!
Missing character: There is no を (U+3092) in font ec-lmr10!
Missing character: There is no 入 (U+5165) in font ec-lmr10!
Missing character: There is no れ (U+308C) in font ec-lmr10!
Missing character: There is no て (U+3066) in font ec-lmr10!
Missing character: There is no み (U+307F) in font ec-lmr10!
Missing character: There is no た (U+305F) in font ec-lmr10!
Missing character: There is no 。 (U+3002) in font ec-lmr10!
]
Overfull \hbox (2.17021pt too wide) in paragraph at lines 266--266
[]     \T1/lmtt/m/n/10.95 , [ className   =? c --> doF (W.shift "3") | c <- ircA
pps][] 
 []


Overfull \hbox (7.91895pt too wide) in paragraph at lines 266--266
[]   \T1/lmtt/m/n/10.95 webApps       = ["Firefox-bin", "Opera"] -- open on desk
top 2[] 
 []


Overfull \hbox (7.91895pt too wide) in paragraph at lines 266--266
[]   \T1/lmtt/m/n/10.95 ircApps       = ["Ksirc"]                -- open on desk
top 3[] 
 []

Missing character: There is no 設 (U+8A2D) in font ec-lmr10!
Missing character: There is no 定 (U+5B9A) in font ec-lmr10!
Missing character: There is no 設 (U+8A2D) in font ec-lmr10!
Missing character: There is no 定 (U+5B9A) in font ec-lmr10!
Missing character: There is no の (U+306E) in font ec-lmr10!
Missing character: There is no フ (U+30D5) in font ec-lmr10!
Missing character: There is no ォ (U+30A9) in font ec-lmr10!
Missing character: There is no ー (U+30FC) in font ec-lmr10!
Missing character: There is no ラ (U+30E9) in font ec-lmr10!
Missing character: There is no ム (U+30E0) in font ec-lmr10!
Missing character: There is no を (U+3092) in font ec-lmr10!
Missing character: There is no 読 (U+8AAD) in font ec-lmr10!
Missing character: There is no ん (U+3093) in font ec-lmr10!
Missing character: There is no で (U+3067) in font ec-lmr10!
Missing character: There is no い (U+3044) in font ec-lmr10!
Missing character: There is no た (U+305F) in font ec-lmr10!
Missing character: There is no ら (U+3089) in font ec-lmr10!
Missing character: There is no 、 (U+3001) in font ec-lmr10!
Missing character: There is no 質 (U+8CEA) in font ec-lmr10!
Missing character: There is no 問 (U+554F) in font ec-lmr10!
Missing character: There is no だ (U+3060) in font ec-lmr10!
Missing character: There is no け (U+3051) in font ec-lmr10!
Missing character: There is no し (U+3057) in font ec-lmr10!
Missing character: There is no て (U+3066) in font ec-lmr10!
Missing character: There is no 自 (U+81EA) in font ec-lmr10!
Missing character: There is no 分 (U+5206) in font ec-lmr10!
Missing character: There is no で (U+3067) in font ec-lmr10!
Missing character: There is no は (U+306F) in font ec-lmr10!
Missing character: There is no 調 (U+8ABF) in font ec-lmr10!
Missing character: There is no べ (U+3079) in font ec-lmr10!
Missing character: There is no よ (U+3088) in font ec-lmr10!
Missing character: There is no う (U+3046) in font ec-lmr10!
Missing character: There is no と (U+3068) in font ec-lmr10!
Missing character: There is no し (U+3057) in font ec-lmr10!
Missing character: There is no な (U+306A) in font ec-lmr10!
Missing character: There is no い (U+3044) in font ec-lmr10!
Missing character: There is no 人 (U+4EBA) in font ec-lmr10!
Missing character: There is no を (U+3092) in font ec-lmr10!
Missing character: There is no 見 (U+898B) in font ec-lmr10!
Missing character: There is no か (U+304B) in font ec-lmr10!
Missing character: There is no け (U+3051) in font ec-lmr10!
Missing character: There is no た (U+305F) in font ec-lmr10!
Missing character: There is no の (U+306E) in font ec-lmr10!
Missing character: There is no で (U+3067) in font ec-lmr10!
Missing character: There is no フ (U+30D5) in font ec-lmr10!
Missing character: There is no ォ (U+30A9) in font ec-lmr10!
Missing character: There is no ロ (U+30ED) in font ec-lmr10!
Missing character: There is no ー (U+30FC) in font ec-lmr10!
Missing character: There is no し (U+3057) in font ec-lmr10!
Missing character: There is no て (U+3066) in font ec-lmr10!
Missing character: There is no お (U+304A) in font ec-lmr10!
Missing character: There is no い (U+3044) in font ec-lmr10!
Missing character: There is no た (U+305F) in font ec-lmr10!
Missing character: There is no 。 (U+3002) in font ec-lmr10!
Missing character: There is no 内 (U+5185) in font ec-lmr10!
Missing character: There is no 容 (U+5BB9) in font ec-lmr10!
Missing character: There is no は (U+306F) in font ec-lmr10!
Missing character: There is no の (U+306E) in font ec-lmr10!
Missing character: There is no を (U+3092) in font ec-lmr10!
Missing character: There is no 更 (U+66F4) in font ec-lmr10!
Missing character: There is no 新 (U+65B0) in font ec-lmr10!
Missing character: There is no す (U+3059) in font ec-lmr10!
Missing character: There is no る (U+308B) in font ec-lmr10!
Missing character: There is no 方 (U+65B9) in font ec-lmr10!
Missing character: There is no 法 (U+6CD5) in font ec-lmr10!
Missing character: There is no に (U+306B) in font ec-lmr10!
Missing character: There is no つ (U+3064) in font ec-lmr10!
Missing character: There is no い (U+3044) in font ec-lmr10!
Missing character: There is no て (U+3066) in font ec-lmr10!
Missing character: There is no だ (U+3060) in font ec-lmr10!
Missing character: There is no っ (U+3063) in font ec-lmr10!
Missing character: There is no た (U+305F) in font ec-lmr10!
Missing character: There is no の (U+306E) in font ec-lmr10!
Missing character: There is no だ (U+3060) in font ec-lmr10!
Missing character: There is no け (U+3051) in font ec-lmr10!
Missing character: There is no ど (U+3069) in font ec-lmr10!
Missing character: There is no 、 (U+3001) in font ec-lmr10!
Missing character: There is no を (U+3092) in font ec-lmr10!
Missing character: There is no 使 (U+4F7F) in font ec-lmr10!
Missing character: There is no え (U+3048) in font ec-lmr10!
Missing character: There is no ば (U+3070) in font ec-lmr10!
Missing character: There is no で (U+3067) in font ec-lmr10!
Missing character: There is no き (U+304D) in font ec-lmr10!
Missing character: There is no る (U+308B) in font ec-lmr10!
Missing character: There is no と (U+3068) in font ec-lmr10!
Missing character: There is no の (U+306E) in font ec-lmr10!
Missing character: There is no こ (U+3053) in font ec-lmr10!
Missing character: There is no と (U+3068) in font ec-lmr10!
Missing character: There is no 。 (U+3002) in font ec-lmr10!
Missing character: There is no の (U+306E) in font ec-lmr10!
Missing character: There is no フ (U+30D5) in font ec-lmr10!
Missing character: There is no ォ (U+30A9) in font ec-lmr10!
Missing character: There is no ー (U+30FC) in font ec-lmr10!
Missing character: There is no ラ (U+30E9) in font ec-lmr10!
Missing character: There is no ム (U+30E0) in font ec-lmr10!
Missing character: There is no を (U+3092) in font ec-lmr10!
Missing character: There is no 読 (U+8AAD) in font ec-lmr10!
Missing character: There is no ん (U+3093) in font ec-lmr10!
Missing character: There is no で (U+3067) in font ec-lmr10!
Missing character: There is no い (U+3044) in font ec-lmr10!
Missing character: There is no た (U+305F) in font ec-lmr10!
Missing character: There is no ら (U+3089) in font ec-lmr10!
Missing character: There is no 、 (U+3001) in font ec-lmr10!
Missing character: There is no 質 (U+8CEA) in font ec-lmr10!
Missing character: There is no 問 (U+554F) in font ec-lmr10!
Missing character: There is no だ (U+3060) in font ec-lmr10!
Missing character: There is no け (U+3051) in font ec-lmr10!
Missing character: There is no し (U+3057) in font ec-lmr10!
Missing character: There is no て (U+3066) in font ec-lmr10!
Missing character: There is no 自 (U+81EA) in font ec-lmr10!
Missing character: There is no 分 (U+5206) in font ec-lmr10!
Missing character: There is no で (U+3067) in font ec-lmr10!
Missing character: There is no は (U+306F) in font ec-lmr10!
Missing character: There is no 調 (U+8ABF) in font ec-lmr10!
Missing character: There is no べ (U+3079) in font ec-lmr10!
Missing character: There is no よ (U+3088) in font ec-lmr10!
Missing character: There is no う (U+3046) in font ec-lmr10!
Missing character: There is no と (U+3068) in font ec-lmr10!
Missing character: There is no し (U+3057) in font ec-lmr10!
Missing character: There is no な (U+306A) in font ec-lmr10!
Missing character: There is no い (U+3044) in font ec-lmr10!
Missing character: There is no 人 (U+4EBA) in font ec-lmr10!
Missing character: There is no を (U+3092) in font ec-lmr10!
Missing character: There is no 見 (U+898B) in font ec-lmr10!
Missing character: There is no か (U+304B) in font ec-lmr10!
Missing character: There is no け (U+3051) in font ec-lmr10!
Missing character: There is no た (U+305F) in font ec-lmr10!
Missing character: There is no の (U+306E) in font ec-lmr10!
Missing character: There is no で (U+3067) in font ec-lmr10!
Missing character: There is no フ (U+30D5) in font ec-lmr10!
Missing character: There is no ォ (U+30A9) in font ec-lmr10!
Missing character: There is no ロ (U+30ED) in font ec-lmr10!
Missing character: There is no ー (U+30FC) in font ec-lmr10!
Missing character: There is no し (U+3057) in font ec-lmr10!
Missing character: There is no て (U+3066) in font ec-lmr10!
Missing character: There is no お (U+304A) in font ec-lmr10!
Missing character: There is no い (U+3044) in font ec-lmr10!
Missing character: There is no た (U+305F) in font ec-lmr10!
Missing character: There is no 。 (U+3002) in font ec-lmr10!
Missing character: There is no 内 (U+5185) in font ec-lmr10!
Missing character: There is no 容 (U+5BB9) in font ec-lmr10!
Missing character: There is no は (U+306F) in font ec-lmr10!
Missing character: There is no の (U+306E) in font ec-lmr10!
Missing character: There is no を (U+3092) in font ec-lmr10!
Missing character: There is no 更 (U+66F4) in font ec-lmr10!
Missing character: There is no 新 (U+65B0) in font ec-lmr10!
Missing character: There is no す (U+3059) in font ec-lmr10!
Missing character: There is no る (U+308B) in font ec-lmr10!
Missing character: There is no 方 (U+65B9) in font ec-lmr10!
Missing character: There is no 法 (U+6CD5) in font ec-lmr10!
Missing character: There is no に (U+306B) in font ec-lmr10!
Missing character: There is no つ (U+3064) in font ec-lmr10!
Missing character: There is no い (U+3044) in font ec-lmr10!
Missing character: There is no て (U+3066) in font ec-lmr10!
Missing character: There is no だ (U+3060) in font ec-lmr10!
Missing character: There is no っ (U+3063) in font ec-lmr10!
Missing character: There is no た (U+305F) in font ec-lmr10!
Missing character: There is no の (U+306E) in font ec-lmr10!
Missing character: There is no だ (U+3060) in font ec-lmr10!
Missing character: There is no け (U+3051) in font ec-lmr10!
Missing character: There is no ど (U+3069) in font ec-lmr10!
Missing character: There is no 、 (U+3001) in font ec-lmr10!
Missing character: There is no を (U+3092) in font ec-lmr10!
Missing character: There is no 使 (U+4F7F) in font ec-lmr10!
Missing character: There is no え (U+3048) in font ec-lmr10!
Missing character: There is no ば (U+3070) in font ec-lmr10!
Missing character: There is no で (U+3067) in font ec-lmr10!
Missing character: There is no き (U+304D) in font ec-lmr10!
Missing character: There is no る (U+308B) in font ec-lmr10!
Missing character: There is no と (U+3068) in font ec-lmr10!
Missing character: There is no の (U+306E) in font ec-lmr10!
Missing character: There is no こ (U+3053) in font ec-lmr10!
Missing character: There is no と (U+3068) in font ec-lmr10!
Missing character: There is no 。 (U+3002) in font ec-lmr10!
Missing character: There is no さ (U+3055) in font ec-lmr10!
Missing character: There is no ら (U+3089) in font ec-lmr10!
Missing character: There is no に (U+306B) in font ec-lmr10!
Missing character: There is no 手 (U+624B) in font ec-lmr10!
Missing character: There is no を (U+3092) in font ec-lmr10!
Missing character: There is no 加 (U+52A0) in font ec-lmr10!
Missing character: There is no え (U+3048) in font ec-lmr10!
Missing character: There is no た (U+305F) in font ec-lmr10!
Missing character: There is no も (U+3082) in font ec-lmr10!
Missing character: There is no の (U+306E) in font ec-lmr10!
Missing character: There is no を (U+3092) in font ec-lmr10!
Missing character: There is no こ (U+3053) in font ec-lmr10!
Missing character: There is no こ (U+3053) in font ec-lmr10!
Missing character: There is no に (U+306B) in font ec-lmr10!
Missing character: There is no 置 (U+7F6E) in font ec-lmr10!
Missing character: There is no い (U+3044) in font ec-lmr10!
Missing character: There is no て (U+3066) in font ec-lmr10!
Missing character: There is no お (U+304A) in font ec-lmr10!
Missing character: There is no く (U+304F) in font ec-lmr10!
Missing character: There is no 。 (U+3002) in font ec-lmr10!
Missing character: There is no を (U+3092) in font ec-lmr10!
Missing character: There is no で (U+3067) in font ec-lmr10!
Missing character: There is no 暗 (U+6697) in font ec-lmr10!
Missing character: There is no 号 (U+53F7) in font ec-lmr10!
Missing character: There is no 化 (U+5316) in font ec-lmr10!
Missing character: There is no す (U+3059) in font ec-lmr10!
Missing character: There is no る (U+308B) in font ec-lmr10!
Missing character: There is no も (U+3082) in font ec-lmr10!
Missing character: There is no の (U+306E) in font ec-lmr10!
Missing character: There is no に (U+306B) in font ec-lmr10!
Missing character: There is no な (U+306A) in font ec-lmr10!
Missing character: There is no っ (U+3063) in font ec-lmr10!
Missing character: There is no て (U+3066) in font ec-lmr10!
Missing character: There is no い (U+3044) in font ec-lmr10!
Missing character: There is no る (U+308B) in font ec-lmr10!
Missing character: There is no 。 (U+3002) in font ec-lmr10!
Missing character: There is no さ (U+3055) in font ec-lmr10!
Missing character: There is no ら (U+3089) in font ec-lmr10!
Missing character: There is no に (U+306B) in font ec-lmr10!
Missing character: There is no 手 (U+624B) in font ec-lmr10!
Missing character: There is no を (U+3092) in font ec-lmr10!
Missing character: There is no 加 (U+52A0) in font ec-lmr10!
Missing character: There is no え (U+3048) in font ec-lmr10!
Missing character: There is no た (U+305F) in font ec-lmr10!
Missing character: There is no も (U+3082) in font ec-lmr10!
Missing character: There is no の (U+306E) in font ec-lmr10!
Missing character: There is no を (U+3092) in font ec-lmr10!
Missing character: There is no こ (U+3053) in font ec-lmr10!
Missing character: There is no こ (U+3053) in font ec-lmr10!
Missing character: There is no に (U+306B) in font ec-lmr10!
Missing character: There is no 置 (U+7F6E) in font ec-lmr10!
Missing character: There is no い (U+3044) in font ec-lmr10!
Missing character: There is no て (U+3066) in font ec-lmr10!
Missing character: There is no お (U+304A) in font ec-lmr10!
Missing character: There is no く (U+304F) in font ec-lmr10!
Missing character: There is no 。 (U+3002) in font ec-lmr10!
Missing character: There is no を (U+3092) in font ec-lmr10!
Missing character: There is no で (U+3067) in font ec-lmr10!
Missing character: There is no 暗 (U+6697) in font ec-lmr10!
Missing character: There is no 号 (U+53F7) in font ec-lmr10!
Missing character: There is no 化 (U+5316) in font ec-lmr10!
Missing character: There is no す (U+3059) in font ec-lmr10!
Missing character: There is no る (U+308B) in font ec-lmr10!
Missing character: There is no も (U+3082) in font ec-lmr10!
Missing character: There is no の (U+306E) in font ec-lmr10!
Missing character: There is no に (U+306B) in font ec-lmr10!
Missing character: There is no な (U+306A) in font ec-lmr10!
Missing character: There is no っ (U+3063) in font ec-lmr10!
Missing character: There is no て (U+3066) in font ec-lmr10!
Missing character: There is no い (U+3044) in font ec-lmr10!
Missing character: There is no る (U+308B) in font ec-lmr10!
Missing character: There is no 。 (U+3002) in font ec-lmr10!
Missing character: There is no 届 (U+5C4A) in font ec-lmbx12!
Missing character: There is no く (U+304F) in font ec-lmbx12!
Missing character: There is no ま (U+307E) in font ec-lmbx12!
Missing character: There is no で (U+3067) in font ec-lmbx12!
Missing character: There is no に (U+306B) in font ec-lmbx12!
Missing character: There is no や (U+3084) in font ec-lmbx12!
Missing character: There is no っ (U+3063) in font ec-lmbx12!
Missing character: There is no た (U+305F) in font ec-lmbx12!
Missing character: There is no こ (U+3053) in font ec-lmbx12!
Missing character: There is no と (U+3068) in font ec-lmbx12!
Missing character: There is no 届 (U+5C4A) in font ec-lmbx12!
Missing character: There is no く (U+304F) in font ec-lmbx12!
Missing character: There is no ま (U+307E) in font ec-lmbx12!
Missing character: There is no で (U+3067) in font ec-lmbx12!
Missing character: There is no に (U+306B) in font ec-lmbx12!
Missing character: There is no や (U+3084) in font ec-lmbx12!
Missing character: There is no っ (U+3063) in font ec-lmbx12!
Missing character: There is no た (U+305F) in font ec-lmbx12!
Missing character: There is no こ (U+3053) in font ec-lmbx12!
Missing character: There is no と (U+3068) in font ec-lmbx12!
Missing character: There is no が (U+304C) in font ec-lmbx10!
Missing character: There is no 届 (U+5C4A) in font ec-lmbx10!
Missing character: There is no く (U+304F) in font ec-lmbx10!
Missing character: There is no 前 (U+524D) in font ec-lmbx10!
Missing character: There is no に (U+306B) in font ec-lmbx10!
Missing character: There is no 環 (U+74B0) in font ec-lmbx10!
Missing character: There is no 境 (U+5883) in font ec-lmbx10!
Missing character: There is no を (U+3092) in font ec-lmbx10!
Missing character: There is no 作 (U+4F5C) in font ec-lmbx10!
Missing character: There is no っ (U+3063) in font ec-lmbx10!
Missing character: There is no て (U+3066) in font ec-lmbx10!
Missing character: There is no お (U+304A) in font ec-lmbx10!
Missing character: There is no こ (U+3053) in font ec-lmbx10!
Missing character: There is no う (U+3046) in font ec-lmbx10!
Missing character: There is no が (U+304C) in font ec-lmbx10!
Missing character: There is no 届 (U+5C4A) in font ec-lmbx10!
Missing character: There is no く (U+304F) in font ec-lmbx10!
Missing character: There is no 前 (U+524D) in font ec-lmbx10!
Missing character: There is no に (U+306B) in font ec-lmbx10!
Missing character: There is no 環 (U+74B0) in font ec-lmbx10!
Missing character: There is no 境 (U+5883) in font ec-lmbx10!
Missing character: There is no を (U+3092) in font ec-lmbx10!
Missing character: There is no 作 (U+4F5C) in font ec-lmbx10!
Missing character: There is no っ (U+3063) in font ec-lmbx10!
Missing character: There is no て (U+3066) in font ec-lmbx10!
Missing character: There is no お (U+304A) in font ec-lmbx10!
Missing character: There is no こ (U+3053) in font ec-lmbx10!
Missing character: There is no う (U+3046) in font ec-lmbx10!
Missing character: There is no 日 (U+65E5) in font ec-lmbx10!
Missing character: There is no 目 (U+76EE) in font ec-lmbx10!
Missing character: There is no 日 (U+65E5) in font ec-lmbx10!
Missing character: There is no 目 (U+76EE) in font ec-lmbx10!
Missing character: There is no ク (U+30AF) in font ec-lmr10!
Missing character: There is no ロ (U+30ED) in font ec-lmr10!
Missing character: There is no ス (U+30B9) in font ec-lmr10!
Missing character: There is no コ (U+30B3) in font ec-lmr10!
Missing character: There is no ン (U+30F3) in font ec-lmr10!
Missing character: There is no パ (U+30D1) in font ec-lmr10!
Missing character: There is no イ (U+30A4) in font ec-lmr10!
Missing character: There is no ル (U+30EB) in font ec-lmr10!
Missing character: There is no 環 (U+74B0) in font ec-lmr10!
Missing character: There is no 境 (U+5883) in font ec-lmr10!
Missing character: There is no や (U+3084) in font ec-lmr10!
Missing character: There is no ル (U+30EB) in font ec-lmr10!
Missing character: There is no ー (U+30FC) in font ec-lmr10!
Missing character: There is no ト (U+30C8) in font ec-lmr10!
Missing character: There is no フ (U+30D5) in font ec-lmr10!
Missing character: There is no ァ (U+30A1) in font ec-lmr10!
Missing character: There is no イ (U+30A4) in font ec-lmr10!
Missing character: There is no ル (U+30EB) in font ec-lmr10!
Missing character: There is no シ (U+30B7) in font ec-lmr10!
Missing character: There is no ス (U+30B9) in font ec-lmr10!
Missing character: There is no テ (U+30C6) in font ec-lmr10!
Missing character: There is no ム (U+30E0) in font ec-lmr10!
Missing character: There is no ま (U+307E) in font ec-lmr10!
Missing character: There is no わ (U+308F) in font ec-lmr10!
Missing character: There is no り (U+308A) in font ec-lmr10!
Missing character: There is no の (U+306E) in font ec-lmr10!
Missing character: There is no 作 (U+4F5C) in font ec-lmr10!
Missing character: There is no 業 (U+696D) in font ec-lmr10!
Missing character: There is no メ (U+30E1) in font ec-lmr10!
Missing character: There is no モ (U+30E2) in font ec-lmr10!
Missing character: There is no 。 (U+3002) in font ec-lmr10!
Missing character: There is no に (U+306B) in font ec-lmr10!
Missing character: There is no 自 (U+81EA) in font ec-lmr10!
Missing character: There is no 分 (U+5206) in font ec-lmr10!
Missing character: There is no な (U+306A) in font ec-lmr10!
Missing character: There is no り (U+308A) in font ec-lmr10!
Missing character: There is no の (U+306E) in font ec-lmr10!
Missing character: There is no 補 (U+88DC) in font ec-lmr10!
Missing character: There is no 足 (U+8DB3) in font ec-lmr10!
Missing character: There is no を (U+3092) in font ec-lmr10!
Missing character: There is no 加 (U+52A0) in font ec-lmr10!
Missing character: There is no え (U+3048) in font ec-lmr10!
Missing character: There is no た (U+305F) in font ec-lmr10!
Missing character: There is no も (U+3082) in font ec-lmr10!
Missing character: There is no の (U+306E) in font ec-lmr10!
Missing character: There is no も (U+3082) in font ec-lmr10!
Missing character: There is no 含 (U+542B) in font ec-lmr10!
Missing character: There is no ん (U+3093) in font ec-lmr10!
Missing character: There is no で (U+3067) in font ec-lmr10!
Missing character: There is no い (U+3044) in font ec-lmr10!
Missing character: There is no る (U+308B) in font ec-lmr10!
Missing character: There is no 。 (U+3002) in font ec-lmr10!
Missing character: There is no ク (U+30AF) in font ec-lmr10!
Missing character: There is no ロ (U+30ED) in font ec-lmr10!
Missing character: There is no ス (U+30B9) in font ec-lmr10!
Missing character: There is no コ (U+30B3) in font ec-lmr10!
Missing character: There is no ン (U+30F3) in font ec-lmr10!
Missing character: There is no パ (U+30D1) in font ec-lmr10!
Missing character: There is no イ (U+30A4) in font ec-lmr10!
Missing character: There is no ル (U+30EB) in font ec-lmr10!
Missing character: There is no 環 (U+74B0) in font ec-lmr10!
Missing character: There is no 境 (U+5883) in font ec-lmr10!
Missing character: There is no や (U+3084) in font ec-lmr10!
Missing character: There is no ル (U+30EB) in font ec-lmr10!
Missing character: There is no ー (U+30FC) in font ec-lmr10!
Missing character: There is no ト (U+30C8) in font ec-lmr10!
Missing character: There is no フ (U+30D5) in font ec-lmr10!
Missing character: There is no ァ (U+30A1) in font ec-lmr10!
Missing character: There is no イ (U+30A4) in font ec-lmr10!
Missing character: There is no ル (U+30EB) in font ec-lmr10!
Missing character: There is no シ (U+30B7) in font ec-lmr10!
Missing character: There is no ス (U+30B9) in font ec-lmr10!
Missing character: There is no テ (U+30C6) in font ec-lmr10!
Missing character: There is no ム (U+30E0) in font ec-lmr10!
Missing character: There is no ま (U+307E) in font ec-lmr10!
Missing character: There is no わ (U+308F) in font ec-lmr10!
Missing character: There is no り (U+308A) in font ec-lmr10!
Missing character: There is no の (U+306E) in font ec-lmr10!
Missing character: There is no 作 (U+4F5C) in font ec-lmr10!
Missing character: There is no 業 (U+696D) in font ec-lmr10!
Missing character: There is no メ (U+30E1) in font ec-lmr10!
Missing character: There is no モ (U+30E2) in font ec-lmr10!
Missing character: There is no 。 (U+3002) in font ec-lmr10!
Missing character: There is no に (U+306B) in font ec-lmr10!
Missing character: There is no 自 (U+81EA) in font ec-lmr10!
Missing character: There is no 分 (U+5206) in font ec-lmr10!
Missing character: There is no な (U+306A) in font ec-lmr10!
Missing character: There is no り (U+308A) in font ec-lmr10!
Missing character: There is no の (U+306E) in font ec-lmr10!
Missing character: There is no 補 (U+88DC) in font ec-lmr10!
Missing character: There is no 足 (U+8DB3) in font ec-lmr10!
Missing character: There is no を (U+3092) in font ec-lmr10!
Missing character: There is no 加 (U+52A0) in font ec-lmr10!
Missing character: There is no え (U+3048) in font ec-lmr10!
Missing character: There is no た (U+305F) in font ec-lmr10!
Missing character: There is no も (U+3082) in font ec-lmr10!
Missing character: There is no の (U+306E) in font ec-lmr10!
Missing character: There is no も (U+3082) in font ec-lmr10!
Missing character: There is no 含 (U+542B) in font ec-lmr10!
Missing character: There is no ん (U+3093) in font ec-lmr10!
Missing character: There is no で (U+3067) in font ec-lmr10!
Missing character: There is no い (U+3044) in font ec-lmr10!
Missing character: There is no る (U+308B) in font ec-lmr10!
Missing character: There is no 。 (U+3002) in font ec-lmr10!
Missing character: There is no 参 (U+53C2) in font ec-lmr10!
Missing character: There is no 考 (U+8003) in font ec-lmr10!
Missing character: There is no に (U+306B) in font ec-lmr10!
Missing character: There is no し (U+3057) in font ec-lmr10!
Missing character: There is no た (U+305F) in font ec-lmr10!
Missing character: There is no ポ (U+30DD) in font ec-lmr10!
Missing character: There is no イ (U+30A4) in font ec-lmr10!
Missing character: There is no ン (U+30F3) in font ec-lmr10!
Missing character: There is no ト (U+30C8) in font ec-lmr10!
Missing character: There is no 参 (U+53C2) in font ec-lmr10!
Missing character: There is no 考 (U+8003) in font ec-lmr10!
Missing character: There is no に (U+306B) in font ec-lmr10!
Missing character: There is no し (U+3057) in font ec-lmr10!
Missing character: There is no た (U+305F) in font ec-lmr10!
Missing character: There is no ポ (U+30DD) in font ec-lmr10!
Missing character: There is no イ (U+30A4) in font ec-lmr10!
Missing character: There is no ン (U+30F3) in font ec-lmr10!
Missing character: There is no ト (U+30C8) in font ec-lmr10!
Missing character: There is no ク (U+30AF) in font ec-lmr10!
Missing character: There is no ロ (U+30ED) in font ec-lmr10!
Missing character: There is no ス (U+30B9) in font ec-lmr10!
Missing character: There is no コ (U+30B3) in font ec-lmr10!
Missing character: There is no ン (U+30F3) in font ec-lmr10!
Missing character: There is no パ (U+30D1) in font ec-lmr10!
Missing character: There is no イ (U+30A4) in font ec-lmr10!
Missing character: There is no ル (U+30EB) in font ec-lmr10!
Missing character: There is no は (U+306F) in font ec-lmr10!
Missing character: There is no で (U+3067) in font ec-lmr10!
Missing character: There is no 遊 (U+904A) in font ec-lmr10!
Missing character: There is no ん (U+3093) in font ec-lmr10!
Missing character: There is no で (U+3067) in font ec-lmr10!
Missing character: There is no 以 (U+4EE5) in font ec-lmr10!
Missing character: There is no 来 (U+6765) in font ec-lmr10!
Missing character: There is no ず (U+305A) in font ec-lmr10!
Missing character: There is no っ (U+3063) in font ec-lmr10!
Missing character: There is no と (U+3068) in font ec-lmr10!
Missing character: There is no 触 (U+89E6) in font ec-lmr10!
Missing character: There is no っ (U+3063) in font ec-lmr10!
Missing character: There is no て (U+3066) in font ec-lmr10!
Missing character: There is no い (U+3044) in font ec-lmr10!
Missing character: There is no な (U+306A) in font ec-lmr10!
Missing character: There is no か (U+304B) in font ec-lmr10!
Missing character: There is no っ (U+3063) in font ec-lmr10!
Missing character: There is no た (U+305F) in font ec-lmr10!
Missing character: There is no け (U+3051) in font ec-lmr10!
Missing character: There is no れ (U+308C) in font ec-lmr10!
Missing character: There is no ど (U+3069) in font ec-lmr10!
Missing character: There is no 、 (U+3001) in font ec-lmr10!
Missing character: There is no だ (U+3060) in font ec-lmr10!
Missing character: There is no と (U+3068) in font ec-lmr10!
Missing character: There is no か (U+304B) in font ec-lmr10!
Missing character: There is no な (U+306A) in font ec-lmr10!
Missing character: There is no り (U+308A) in font ec-lmr10!
Missing character: There is no 楽 (U+697D) in font ec-lmr10!
Missing character: There is no に (U+306B) in font ec-lmr10!
Missing character: There is no で (U+3067) in font ec-lmr10!
Missing character: There is no き (U+304D) in font ec-lmr10!
Missing character: There is no る (U+308B) in font ec-lmr10!
Missing character: There is no 。 (U+3002) in font ec-lmr10!
Missing character: There is no ク (U+30AF) in font ec-lmr10!
Missing character: There is no ロ (U+30ED) in font ec-lmr10!
Missing character: There is no ス (U+30B9) in font ec-lmr10!
Missing character: There is no コ (U+30B3) in font ec-lmr10!
Missing character: There is no ン (U+30F3) in font ec-lmr10!
Missing character: There is no パ (U+30D1) in font ec-lmr10!
Missing character: There is no イ (U+30A4) in font ec-lmr10!
Missing character: There is no ル (U+30EB) in font ec-lmr10!
Missing character: There is no は (U+306F) in font ec-lmr10!
Missing character: There is no で (U+3067) in font ec-lmr10!
Missing character: There is no 遊 (U+904A) in font ec-lmr10!
Missing character: There is no ん (U+3093) in font ec-lmr10!
Missing character: There is no で (U+3067) in font ec-lmr10!
Missing character: There is no 以 (U+4EE5) in font ec-lmr10!
Missing character: There is no 来 (U+6765) in font ec-lmr10!
Missing character: There is no ず (U+305A) in font ec-lmr10!
Missing character: There is no っ (U+3063) in font ec-lmr10!
Missing character: There is no と (U+3068) in font ec-lmr10!
Missing character: There is no 触 (U+89E6) in font ec-lmr10!
Missing character: There is no っ (U+3063) in font ec-lmr10!
Missing character: There is no て (U+3066) in font ec-lmr10!
Missing character: There is no い (U+3044) in font ec-lmr10!
Missing character: There is no な (U+306A) in font ec-lmr10!
Missing character: There is no か (U+304B) in font ec-lmr10!
Missing character: There is no っ (U+3063) in font ec-lmr10!
Missing character: There is no た (U+305F) in font ec-lmr10!
Missing character: There is no け (U+3051) in font ec-lmr10!
Missing character: There is no れ (U+308C) in font ec-lmr10!
Missing character: There is no ど (U+3069) in font ec-lmr10!
Missing character: There is no 、 (U+3001) in font ec-lmr10!
Missing character: There is no だ (U+3060) in font ec-lmr10!
Missing character: There is no と (U+3068) in font ec-lmr10!
Missing character: There is no か (U+304B) in font ec-lmr10!
Missing character: There is no な (U+306A) in font ec-lmr10!
Missing character: There is no り (U+308A) in font ec-lmr10!
Missing character: There is no 楽 (U+697D) in font ec-lmr10!
Missing character: There is no に (U+306B) in font ec-lmr10!
Missing character: There is no で (U+3067) in font ec-lmr10!
Missing character: There is no き (U+304D) in font ec-lmr10!
Missing character: There is no る (U+308B) in font ec-lmr10!
Missing character: There is no 。 (U+3002) in font ec-lmr10!
Missing character: There is no ク (U+30AF) in font ec-lmr10!
Missing character: There is no ロ (U+30ED) in font ec-lmr10!
Missing character: There is no ス (U+30B9) in font ec-lmr10!
Missing character: There is no コ (U+30B3) in font ec-lmr10!
Missing character: There is no ン (U+30F3) in font ec-lmr10!
Missing character: There is no パ (U+30D1) in font ec-lmr10!
Missing character: There is no イ (U+30A4) in font ec-lmr10!
Missing character: There is no ル (U+30EB) in font ec-lmr10!
Missing character: There is no 環 (U+74B0) in font ec-lmr10!
Missing character: There is no 境 (U+5883) in font ec-lmr10!
Missing character: There is no の (U+306E) in font ec-lmr10!
Missing character: There is no セ (U+30BB) in font ec-lmr10!
Missing character: There is no ッ (U+30C3) in font ec-lmr10!
Missing character: There is no ト (U+30C8) in font ec-lmr10!
Missing character: There is no ア (U+30A2) in font ec-lmr10!
Missing character: There is no ッ (U+30C3) in font ec-lmr10!
Missing character: There is no プ (U+30D7) in font ec-lmr10!
Missing character: There is no ク (U+30AF) in font ec-lmr10!
Missing character: There is no ロ (U+30ED) in font ec-lmr10!
Missing character: There is no ス (U+30B9) in font ec-lmr10!
Missing character: There is no コ (U+30B3) in font ec-lmr10!
Missing character: There is no ン (U+30F3) in font ec-lmr10!
Missing character: There is no パ (U+30D1) in font ec-lmr10!
Missing character: There is no イ (U+30A4) in font ec-lmr10!
Missing character: There is no ル (U+30EB) in font ec-lmr10!
Missing character: There is no 環 (U+74B0) in font ec-lmr10!
Missing character: There is no 境 (U+5883) in font ec-lmr10!
Missing character: There is no の (U+306E) in font ec-lmr10!
Missing character: There is no セ (U+30BB) in font ec-lmr10!
Missing character: There is no ッ (U+30C3) in font ec-lmr10!
Missing character: There is no ト (U+30C8) in font ec-lmr10!
Missing character: There is no ア (U+30A2) in font ec-lmr10!
Missing character: There is no ッ (U+30C3) in font ec-lmr10!
Missing character: There is no プ (U+30D7) in font ec-lmr10!
[6
Missing character: There is no 設 (U+8A2D) in font ec-lmr10!
Missing character: There is no 定 (U+5B9A) in font ec-lmr10!
Missing character: There is no の (U+306E) in font ec-lmr10!
Missing character: There is no フ (U+30D5) in font ec-lmr10!
Missing character: There is no ォ (U+30A9) in font ec-lmr10!
Missing character: There is no ー (U+30FC) in font ec-lmr10!
Missing character: There is no ラ (U+30E9) in font ec-lmr10!
Missing character: There is no ム (U+30E0) in font ec-lmr10!
Missing character: There is no を (U+3092) in font ec-lmr10!
Missing character: There is no 読 (U+8AAD) in font ec-lmr10!
Missing character: There is no ん (U+3093) in font ec-lmr10!
Missing character: There is no で (U+3067) in font ec-lmr10!
Missing character: There is no い (U+3044) in font ec-lmr10!
Missing character: There is no た (U+305F) in font ec-lmr10!
Missing character: There is no ら (U+3089) in font ec-lmr10!
Missing character: There is no 、 (U+3001) in font ec-lmr10!
Missing character: There is no 質 (U+8CEA) in font ec-lmr10!
Missing character: There is no 問 (U+554F) in font ec-lmr10!
Missing character: There is no だ (U+3060) in font ec-lmr10!
Missing character: There is no け (U+3051) in font ec-lmr10!
Missing character: There is no し (U+3057) in font ec-lmr10!
Missing character: There is no て (U+3066) in font ec-lmr10!
Missing character: There is no 自 (U+81EA) in font ec-lmr10!
Missing character: There is no 分 (U+5206) in font ec-lmr10!
Missing character: There is no で (U+3067) in font ec-lmr10!
Missing character: There is no は (U+306F) in font ec-lmr10!
Missing character: There is no 調 (U+8ABF) in font ec-lmr10!
Missing character: There is no べ (U+3079) in font ec-lmr10!
Missing character: There is no よ (U+3088) in font ec-lmr10!
Missing character: There is no う (U+3046) in font ec-lmr10!
Missing character: There is no と (U+3068) in font ec-lmr10!
Missing character: There is no し (U+3057) in font ec-lmr10!
Missing character: There is no な (U+306A) in font ec-lmr10!
Missing character: There is no い (U+3044) in font ec-lmr10!
Missing character: There is no 人 (U+4EBA) in font ec-lmr10!
Missing character: There is no を (U+3092) in font ec-lmr10!
Missing character: There is no 見 (U+898B) in font ec-lmr10!
Missing character: There is no か (U+304B) in font ec-lmr10!
Missing character: There is no け (U+3051) in font ec-lmr10!
Missing character: There is no た (U+305F) in font ec-lmr10!
Missing character: There is no の (U+306E) in font ec-lmr10!
Missing character: There is no で (U+3067) in font ec-lmr10!
Missing character: There is no フ (U+30D5) in font ec-lmr10!
Missing character: There is no ォ (U+30A9) in font ec-lmr10!
Missing character: There is no ロ (U+30ED) in font ec-lmr10!
Missing character: There is no ー (U+30FC) in font ec-lmr10!
Missing character: There is no し (U+3057) in font ec-lmr10!
Missing character: There is no て (U+3066) in font ec-lmr10!
Missing character: There is no お (U+304A) in font ec-lmr10!
Missing character: There is no い (U+3044) in font ec-lmr10!
Missing character: There is no た (U+305F) in font ec-lmr10!
Missing character: There is no 。 (U+3002) in font ec-lmr10!
Missing character: There is no 内 (U+5185) in font ec-lmr10!
Missing character: There is no 容 (U+5BB9) in font ec-lmr10!
Missing character: There is no は (U+306F) in font ec-lmr10!
Missing character: There is no の (U+306E) in font ec-lmr10!
Missing character: There is no を (U+3092) in font ec-lmr10!
Missing character: There is no 更 (U+66F4) in font ec-lmr10!
Missing character: There is no 新 (U+65B0) in font ec-lmr10!
Missing character: There is no す (U+3059) in font ec-lmr10!
Missing character: There is no る (U+308B) in font ec-lmr10!
Missing character: There is no 方 (U+65B9) in font ec-lmr10!
Missing character: There is no 法 (U+6CD5) in font ec-lmr10!
Missing character: There is no に (U+306B) in font ec-lmr10!
Missing character: There is no つ (U+3064) in font ec-lmr10!
Missing character: There is no い (U+3044) in font ec-lmr10!
Missing character: There is no て (U+3066) in font ec-lmr10!
Missing character: There is no だ (U+3060) in font ec-lmr10!
Missing character: There is no っ (U+3063) in font ec-lmr10!
Missing character: There is no た (U+305F) in font ec-lmr10!
Missing character: There is no の (U+306E) in font ec-lmr10!
Missing character: There is no だ (U+3060) in font ec-lmr10!
Missing character: There is no け (U+3051) in font ec-lmr10!
Missing character: There is no ど (U+3069) in font ec-lmr10!
Missing character: There is no 、 (U+3001) in font ec-lmr10!
Missing character: There is no を (U+3092) in font ec-lmr10!
Missing character: There is no 使 (U+4F7F) in font ec-lmr10!
Missing character: There is no え (U+3048) in font ec-lmr10!
Missing character: There is no ば (U+3070) in font ec-lmr10!
Missing character: There is no で (U+3067) in font ec-lmr10!
Missing character: There is no き (U+304D) in font ec-lmr10!
Missing character: There is no る (U+308B) in font ec-lmr10!
Missing character: There is no と (U+3068) in font ec-lmr10!
Missing character: There is no の (U+306E) in font ec-lmr10!
Missing character: There is no こ (U+3053) in font ec-lmr10!
Missing character: There is no と (U+3068) in font ec-lmr10!
Missing character: There is no 。 (U+3002) in font ec-lmr10!
Missing character: There is no さ (U+3055) in font ec-lmr10!
Missing character: There is no ら (U+3089) in font ec-lmr10!
Missing character: There is no に (U+306B) in font ec-lmr10!
Missing character: There is no 手 (U+624B) in font ec-lmr10!
Missing character: There is no を (U+3092) in font ec-lmr10!
Missing character: There is no 加 (U+52A0) in font ec-lmr10!
Missing character: There is no え (U+3048) in font ec-lmr10!
Missing character: There is no た (U+305F) in font ec-lmr10!
Missing character: There is no も (U+3082) in font ec-lmr10!
Missing character: There is no の (U+306E) in font ec-lmr10!
Missing character: There is no を (U+3092) in font ec-lmr10!
Missing character: There is no こ (U+3053) in font ec-lmr10!
Missing character: There is no こ (U+3053) in font ec-lmr10!
Missing character: There is no に (U+306B) in font ec-lmr10!
Missing character: There is no 置 (U+7F6E) in font ec-lmr10!
Missing character: There is no い (U+3044) in font ec-lmr10!
Missing character: There is no て (U+3066) in font ec-lmr10!
Missing character: There is no お (U+304A) in font ec-lmr10!
Missing character: There is no く (U+304F) in font ec-lmr10!
Missing character: There is no 。 (U+3002) in font ec-lmr10!
Missing character: There is no を (U+3092) in font ec-lmr10!
Missing character: There is no で (U+3067) in font ec-lmr10!
Missing character: There is no 暗 (U+6697) in font ec-lmr10!
Missing character: There is no 号 (U+53F7) in font ec-lmr10!
Missing character: There is no 化 (U+5316) in font ec-lmr10!
Missing character: There is no す (U+3059) in font ec-lmr10!
Missing character: There is no る (U+308B) in font ec-lmr10!
Missing character: There is no も (U+3082) in font ec-lmr10!
Missing character: There is no の (U+306E) in font ec-lmr10!
Missing character: There is no に (U+306B) in font ec-lmr10!
Missing character: There is no な (U+306A) in font ec-lmr10!
Missing character: There is no っ (U+3063) in font ec-lmr10!
Missing character: There is no て (U+3066) in font ec-lmr10!
Missing character: There is no い (U+3044) in font ec-lmr10!
Missing character: There is no る (U+308B) in font ec-lmr10!
Missing character: There is no 。 (U+3002) in font ec-lmr10!
Missing character: There is no 届 (U+5C4A) in font ec-lmbx12!
Missing character: There is no く (U+304F) in font ec-lmbx12!
Missing character: There is no ま (U+307E) in font ec-lmbx12!
Missing character: There is no で (U+3067) in font ec-lmbx12!
Missing character: There is no に (U+306B) in font ec-lmbx12!
Missing character: There is no や (U+3084) in font ec-lmbx12!
Missing character: There is no っ (U+3063) in font ec-lmbx12!
Missing character: There is no た (U+305F) in font ec-lmbx12!
Missing character: There is no こ (U+3053) in font ec-lmbx12!
Missing character: There is no と (U+3068) in font ec-lmbx12!
Missing character: There is no が (U+304C) in font ec-lmbx10!
Missing character: There is no 届 (U+5C4A) in font ec-lmbx10!
Missing character: There is no く (U+304F) in font ec-lmbx10!
Missing character: There is no 前 (U+524D) in font ec-lmbx10!
Missing character: There is no に (U+306B) in font ec-lmbx10!
Missing character: There is no 環 (U+74B0) in font ec-lmbx10!
Missing character: There is no 境 (U+5883) in font ec-lmbx10!
Missing character: There is no を (U+3092) in font ec-lmbx10!
Missing character: There is no 作 (U+4F5C) in font ec-lmbx10!
Missing character: There is no っ (U+3063) in font ec-lmbx10!
Missing character: There is no て (U+3066) in font ec-lmbx10!
Missing character: There is no お (U+304A) in font ec-lmbx10!
Missing character: There is no こ (U+3053) in font ec-lmbx10!
Missing character: There is no う (U+3046) in font ec-lmbx10!
Missing character: There is no 日 (U+65E5) in font ec-lmbx10!
Missing character: There is no 目 (U+76EE) in font ec-lmbx10!
Missing character: There is no ク (U+30AF) in font ec-lmr10!
Missing character: There is no ロ (U+30ED) in font ec-lmr10!
Missing character: There is no ス (U+30B9) in font ec-lmr10!
Missing character: There is no コ (U+30B3) in font ec-lmr10!
Missing character: There is no ン (U+30F3) in font ec-lmr10!
Missing character: There is no パ (U+30D1) in font ec-lmr10!
Missing character: There is no イ (U+30A4) in font ec-lmr10!
Missing character: There is no ル (U+30EB) in font ec-lmr10!
Missing character: There is no 環 (U+74B0) in font ec-lmr10!
Missing character: There is no 境 (U+5883) in font ec-lmr10!
Missing character: There is no や (U+3084) in font ec-lmr10!
Missing character: There is no ル (U+30EB) in font ec-lmr10!
Missing character: There is no ー (U+30FC) in font ec-lmr10!
Missing character: There is no ト (U+30C8) in font ec-lmr10!
Missing character: There is no フ (U+30D5) in font ec-lmr10!
Missing character: There is no ァ (U+30A1) in font ec-lmr10!
Missing character: There is no イ (U+30A4) in font ec-lmr10!
Missing character: There is no ル (U+30EB) in font ec-lmr10!
Missing character: There is no シ (U+30B7) in font ec-lmr10!
Missing character: There is no ス (U+30B9) in font ec-lmr10!
Missing character: There is no テ (U+30C6) in font ec-lmr10!
Missing character: There is no ム (U+30E0) in font ec-lmr10!
Missing character: There is no ま (U+307E) in font ec-lmr10!
Missing character: There is no わ (U+308F) in font ec-lmr10!
Missing character: There is no り (U+308A) in font ec-lmr10!
Missing character: There is no の (U+306E) in font ec-lmr10!
Missing character: There is no 作 (U+4F5C) in font ec-lmr10!
Missing character: There is no 業 (U+696D) in font ec-lmr10!
Missing character: There is no メ (U+30E1) in font ec-lmr10!
Missing character: There is no モ (U+30E2) in font ec-lmr10!
Missing character: There is no 。 (U+3002) in font ec-lmr10!
Missing character: There is no に (U+306B) in font ec-lmr10!
Missing character: There is no 自 (U+81EA) in font ec-lmr10!
Missing character: There is no 分 (U+5206) in font ec-lmr10!
Missing character: There is no な (U+306A) in font ec-lmr10!
Missing character: There is no り (U+308A) in font ec-lmr10!
Missing character: There is no の (U+306E) in font ec-lmr10!
Missing character: There is no 補 (U+88DC) in font ec-lmr10!
Missing character: There is no 足 (U+8DB3) in font ec-lmr10!
Missing character: There is no を (U+3092) in font ec-lmr10!
Missing character: There is no 加 (U+52A0) in font ec-lmr10!
Missing character: There is no え (U+3048) in font ec-lmr10!
Missing character: There is no た (U+305F) in font ec-lmr10!
Missing character: There is no も (U+3082) in font ec-lmr10!
Missing character: There is no の (U+306E) in font ec-lmr10!
Missing character: There is no も (U+3082) in font ec-lmr10!
Missing character: There is no 含 (U+542B) in font ec-lmr10!
Missing character: There is no ん (U+3093) in font ec-lmr10!
Missing character: There is no で (U+3067) in font ec-lmr10!
Missing character: There is no い (U+3044) in font ec-lmr10!
Missing character: There is no る (U+308B) in font ec-lmr10!
Missing character: There is no 。 (U+3002) in font ec-lmr10!
Missing character: There is no 参 (U+53C2) in font ec-lmr10!
Missing character: There is no 考 (U+8003) in font ec-lmr10!
Missing character: There is no に (U+306B) in font ec-lmr10!
Missing character: There is no し (U+3057) in font ec-lmr10!
Missing character: There is no た (U+305F) in font ec-lmr10!
Missing character: There is no ポ (U+30DD) in font ec-lmr10!
Missing character: There is no イ (U+30A4) in font ec-lmr10!
Missing character: There is no ン (U+30F3) in font ec-lmr10!
Missing character: There is no ト (U+30C8) in font ec-lmr10!
Missing character: There is no ク (U+30AF) in font ec-lmr10!
Missing character: There is no ロ (U+30ED) in font ec-lmr10!
Missing character: There is no ス (U+30B9) in font ec-lmr10!
Missing character: There is no コ (U+30B3) in font ec-lmr10!
Missing character: There is no ン (U+30F3) in font ec-lmr10!
Missing character: There is no パ (U+30D1) in font ec-lmr10!
Missing character: There is no イ (U+30A4) in font ec-lmr10!
Missing character: There is no ル (U+30EB) in font ec-lmr10!
Missing character: There is no は (U+306F) in font ec-lmr10!
Missing character: There is no で (U+3067) in font ec-lmr10!
Missing character: There is no 遊 (U+904A) in font ec-lmr10!
Missing character: There is no ん (U+3093) in font ec-lmr10!
Missing character: There is no で (U+3067) in font ec-lmr10!
Missing character: There is no 以 (U+4EE5) in font ec-lmr10!
Missing character: There is no 来 (U+6765) in font ec-lmr10!
Missing character: There is no ず (U+305A) in font ec-lmr10!
Missing character: There is no っ (U+3063) in font ec-lmr10!
Missing character: There is no と (U+3068) in font ec-lmr10!
Missing character: There is no 触 (U+89E6) in font ec-lmr10!
Missing character: There is no っ (U+3063) in font ec-lmr10!
Missing character: There is no て (U+3066) in font ec-lmr10!
Missing character: There is no い (U+3044) in font ec-lmr10!
Missing character: There is no な (U+306A) in font ec-lmr10!
Missing character: There is no か (U+304B) in font ec-lmr10!
Missing character: There is no っ (U+3063) in font ec-lmr10!
Missing character: There is no た (U+305F) in font ec-lmr10!
Missing character: There is no け (U+3051) in font ec-lmr10!
Missing character: There is no れ (U+308C) in font ec-lmr10!
Missing character: There is no ど (U+3069) in font ec-lmr10!
Missing character: There is no 、 (U+3001) in font ec-lmr10!
Missing character: There is no だ (U+3060) in font ec-lmr10!
Missing character: There is no と (U+3068) in font ec-lmr10!
Missing character: There is no か (U+304B) in font ec-lmr10!
Missing character: There is no な (U+306A) in font ec-lmr10!
Missing character: There is no り (U+308A) in font ec-lmr10!
Missing character: There is no 楽 (U+697D) in font ec-lmr10!
Missing character: There is no に (U+306B) in font ec-lmr10!
Missing character: There is no で (U+3067) in font ec-lmr10!
Missing character: There is no き (U+304D) in font ec-lmr10!
Missing character: There is no る (U+308B) in font ec-lmr10!
Missing character: There is no 。 (U+3002) in font ec-lmr10!
]
Missing character: There is no と (U+3068) in font ec-lmr10!
Missing character: There is no カ (U+30AB) in font ec-lmr10!
Missing character: There is no ー (U+30FC) in font ec-lmr10!
Missing character: There is no ネ (U+30CD) in font ec-lmr10!
Missing character: There is no ル (U+30EB) in font ec-lmr10!
Missing character: There is no セ (U+30BB) in font ec-lmr10!
Missing character: There is no ッ (U+30C3) in font ec-lmr10!
Missing character: There is no ト (U+30C8) in font ec-lmr10!
Missing character: There is no ア (U+30A2) in font ec-lmr10!
Missing character: There is no ッ (U+30C3) in font ec-lmr10!
Missing character: There is no プ (U+30D7) in font ec-lmr10!
Missing character: There is no こ (U+3053) in font ec-lmr10!
Missing character: There is no こ (U+3053) in font ec-lmr10!
Missing character: There is no は (U+306F) in font ec-lmr10!
Missing character: There is no に (U+306B) in font ec-lmr10!
Missing character: There is no 書 (U+66F8) in font ec-lmr10!
Missing character: There is no い (U+3044) in font ec-lmr10!
Missing character: There is no て (U+3066) in font ec-lmr10!
Missing character: There is no あ (U+3042) in font ec-lmr10!
Missing character: There is no る (U+308B) in font ec-lmr10!
Missing character: There is no と (U+3068) in font ec-lmr10!
Missing character: There is no お (U+304A) in font ec-lmr10!
Missing character: There is no り (U+308A) in font ec-lmr10!
Missing character: There is no に (U+306B) in font ec-lmr10!
Missing character: There is no 進 (U+9032) in font ec-lmr10!
Missing character: There is no め (U+3081) in font ec-lmr10!
Missing character: There is no れ (U+308C) in font ec-lmr10!
Missing character: There is no ば (U+3070) in font ec-lmr10!
Missing character: There is no 。 (U+3002) in font ec-lmr10!
Missing character: There is no 最 (U+6700) in font ec-lmr10!
Missing character: There is no 後 (U+5F8C) in font ec-lmr10!
Missing character: There is no に (U+306B) in font ec-lmr10!
Missing character: There is no を (U+3092) in font ec-lmr10!
Missing character: There is no の (U+306E) in font ec-lmr10!
Missing character: There is no 通 (U+901A) in font ec-lmr10!
Missing character: There is no っ (U+3063) in font ec-lmr10!
Missing character: There is no て (U+3066) in font ec-lmr10!
Missing character: There is no い (U+3044) in font ec-lmr10!
Missing character: There is no る (U+308B) in font ec-lmr10!
Missing character: There is no と (U+3068) in font ec-lmr10!
Missing character: There is no こ (U+3053) in font ec-lmr10!
Missing character: There is no ろ (U+308D) in font ec-lmr10!
Missing character: There is no に (U+306B) in font ec-lmr10!
Missing character: There is no コ (U+30B3) in font ec-lmr10!
Missing character: There is no ピ (U+30D4) in font ec-lmr10!
Missing character: There is no ー (U+30FC) in font ec-lmr10!
Missing character: There is no し (U+3057) in font ec-lmr10!
Missing character: There is no て (U+3066) in font ec-lmr10!
Missing character: There is no お (U+304A) in font ec-lmr10!
Missing character: There is no く (U+304F) in font ec-lmr10!
Missing character: There is no の (U+306E) in font ec-lmr10!
Missing character: There is no を (U+3092) in font ec-lmr10!
Missing character: There is no 忘 (U+5FD8) in font ec-lmr10!
Missing character: There is no れ (U+308C) in font ec-lmr10!
Missing character: There is no ず (U+305A) in font ec-lmr10!
Missing character: There is no に (U+306B) in font ec-lmr10!
Missing character: There is no 。 (U+3002) in font ec-lmr10!
Missing character: There is no こ (U+3053) in font ec-lmr10!
Missing character: There is no れ (U+308C) in font ec-lmr10!
Missing character: There is no を (U+3092) in font ec-lmr10!
Missing character: There is no や (U+3084) in font ec-lmr10!
Missing character: There is no ら (U+3089) in font ec-lmr10!
Missing character: There is no な (U+306A) in font ec-lmr10!
Missing character: There is no い (U+3044) in font ec-lmr10!
Missing character: There is no と (U+3068) in font ec-lmr10!
Missing character: There is no カ (U+30AB) in font ec-lmr10!
Missing character: There is no ー (U+30FC) in font ec-lmr10!
Missing character: There is no ネ (U+30CD) in font ec-lmr10!
Missing character: There is no ル (U+30EB) in font ec-lmr10!
Missing character: There is no （ (U+FF08) in font ec-lmr10!
Missing character: There is no ） (U+FF09) in font ec-lmr10!
Missing character: There is no の (U+306E) in font ec-lmr10!
Missing character: There is no ビ (U+30D3) in font ec-lmr10!
Missing character: There is no ル (U+30EB) in font ec-lmr10!
Missing character: There is no ド (U+30C9) in font ec-lmr10!
Missing character: There is no で (U+3067) in font ec-lmr10!
Missing character: There is no こ (U+3053) in font ec-lmr10!
Missing character: There is no け (U+3051) in font ec-lmr10!
Missing character: There is no て (U+3066) in font ec-lmr10!
Missing character: There is no し (U+3057) in font ec-lmr10!
Missing character: There is no ま (U+307E) in font ec-lmr10!
Missing character: There is no う (U+3046) in font ec-lmr10!
Missing character: There is no 。 (U+3002) in font ec-lmr10!
Missing character: There is no と (U+3068) in font ec-lmr10!
Missing character: There is no カ (U+30AB) in font ec-lmr10!
Missing character: There is no ー (U+30FC) in font ec-lmr10!
Missing character: There is no ネ (U+30CD) in font ec-lmr10!
Missing character: There is no ル (U+30EB) in font ec-lmr10!
Missing character: There is no セ (U+30BB) in font ec-lmr10!
Missing character: There is no ッ (U+30C3) in font ec-lmr10!
Missing character: There is no ト (U+30C8) in font ec-lmr10!
Missing character: There is no ア (U+30A2) in font ec-lmr10!
Missing character: There is no ッ (U+30C3) in font ec-lmr10!
Missing character: There is no プ (U+30D7) in font ec-lmr10!
Missing character: There is no こ (U+3053) in font ec-lmr10!
Missing character: There is no こ (U+3053) in font ec-lmr10!
Missing character: There is no は (U+306F) in font ec-lmr10!
Missing character: There is no に (U+306B) in font ec-lmr10!
Missing character: There is no 書 (U+66F8) in font ec-lmr10!
Missing character: There is no い (U+3044) in font ec-lmr10!
Missing character: There is no て (U+3066) in font ec-lmr10!
Missing character: There is no あ (U+3042) in font ec-lmr10!
Missing character: There is no る (U+308B) in font ec-lmr10!
Missing character: There is no と (U+3068) in font ec-lmr10!
Missing character: There is no お (U+304A) in font ec-lmr10!
Missing character: There is no り (U+308A) in font ec-lmr10!
Missing character: There is no に (U+306B) in font ec-lmr10!
Missing character: There is no 進 (U+9032) in font ec-lmr10!
Missing character: There is no め (U+3081) in font ec-lmr10!
Missing character: There is no れ (U+308C) in font ec-lmr10!
Missing character: There is no ば (U+3070) in font ec-lmr10!
Missing character: There is no 。 (U+3002) in font ec-lmr10!
Missing character: There is no 最 (U+6700) in font ec-lmr10!
Missing character: There is no 後 (U+5F8C) in font ec-lmr10!
Missing character: There is no に (U+306B) in font ec-lmr10!
Missing character: There is no を (U+3092) in font ec-lmr10!
Missing character: There is no の (U+306E) in font ec-lmr10!
Missing character: There is no 通 (U+901A) in font ec-lmr10!
Missing character: There is no っ (U+3063) in font ec-lmr10!
Missing character: There is no て (U+3066) in font ec-lmr10!
Missing character: There is no い (U+3044) in font ec-lmr10!
Missing character: There is no る (U+308B) in font ec-lmr10!
Missing character: There is no と (U+3068) in font ec-lmr10!
Missing character: There is no こ (U+3053) in font ec-lmr10!
Missing character: There is no ろ (U+308D) in font ec-lmr10!
Missing character: There is no に (U+306B) in font ec-lmr10!
Missing character: There is no コ (U+30B3) in font ec-lmr10!
Missing character: There is no ピ (U+30D4) in font ec-lmr10!
Missing character: There is no ー (U+30FC) in font ec-lmr10!
Missing character: There is no し (U+3057) in font ec-lmr10!
Missing character: There is no て (U+3066) in font ec-lmr10!
Missing character: There is no お (U+304A) in font ec-lmr10!
Missing character: There is no く (U+304F) in font ec-lmr10!
Missing character: There is no の (U+306E) in font ec-lmr10!
Missing character: There is no を (U+3092) in font ec-lmr10!
Missing character: There is no 忘 (U+5FD8) in font ec-lmr10!
Missing character: There is no れ (U+308C) in font ec-lmr10!
Missing character: There is no ず (U+305A) in font ec-lmr10!
Missing character: There is no に (U+306B) in font ec-lmr10!
Missing character: There is no 。 (U+3002) in font ec-lmr10!
Missing character: There is no こ (U+3053) in font ec-lmr10!
Missing character: There is no れ (U+308C) in font ec-lmr10!
Missing character: There is no を (U+3092) in font ec-lmr10!
Missing character: There is no や (U+3084) in font ec-lmr10!
Missing character: There is no ら (U+3089) in font ec-lmr10!
Missing character: There is no な (U+306A) in font ec-lmr10!
Missing character: There is no い (U+3044) in font ec-lmr10!
Missing character: There is no と (U+3068) in font ec-lmr10!
Missing character: There is no カ (U+30AB) in font ec-lmr10!
Missing character: There is no ー (U+30FC) in font ec-lmr10!
Missing character: There is no ネ (U+30CD) in font ec-lmr10!
Missing character: There is no ル (U+30EB) in font ec-lmr10!
Missing character: There is no （ (U+FF08) in font ec-lmr10!
Missing character: There is no ） (U+FF09) in font ec-lmr10!
Missing character: There is no の (U+306E) in font ec-lmr10!
Missing character: There is no ビ (U+30D3) in font ec-lmr10!
Missing character: There is no ル (U+30EB) in font ec-lmr10!
Missing character: There is no ド (U+30C9) in font ec-lmr10!
Missing character: There is no で (U+3067) in font ec-lmr10!
Missing character: There is no こ (U+3053) in font ec-lmr10!
Missing character: There is no け (U+3051) in font ec-lmr10!
Missing character: There is no て (U+3066) in font ec-lmr10!
Missing character: There is no し (U+3057) in font ec-lmr10!
Missing character: There is no ま (U+307E) in font ec-lmr10!
Missing character: There is no う (U+3046) in font ec-lmr10!
Missing character: There is no 。 (U+3002) in font ec-lmr10!

Overfull \hbox (6.55026pt too wide) in paragraph at lines 334--334
 []\T1/lmtt/m/n/10.95 sudo git clone git://git.denx.de/u-boot-marvell.git u-boot
-
 []


Overfull \hbox (12.299pt too wide) in paragraph at lines 334--334
 []\T1/lmtt/m/n/10.95 sudo make u-boot.kwb CROSS_COMPILE=armv5tel-softfloat-linu
x-
 []


Overfull \hbox (58.28886pt too wide) in paragraph at lines 334--334
 []\T1/lmtt/m/n/10.95 sudo wget http://www.plugcomputer.org/plugwiki/images/8/81
/Guruplug-
 []


Overfull \hbox (92.78127pt too wide) in paragraph at lines 334--334
 []\T1/lmtt/m/n/10.95 sudo git clone git://git.kernel.org/pub/scm/linux/kernel/g
it/stable/linux-
 []


Overfull \hbox (12.299pt too wide) in paragraph at lines 334--334
 []\T1/lmtt/m/n/10.95 sudo for p in guruplug-patchset/*; do patch -p1 -E -d linu
x-
 []


Overfull \hbox (81.2838pt too wide) in paragraph at lines 334--334
 []\T1/lmtt/m/n/10.95 sudo make CROSS_COMPILE=armv5tel-softfloat-linux-gnueabi- ARCH=arm clean[] 
 []


Overfull \hbox (156.01733pt too wide) in paragraph at lines 334--334
 []\T1/lmtt/m/n/10.95 sudo make CROSS_COMPILE=armv5tel-softfloat-linux-gnueabi- ARCH=arm guruplug_defconfig[] 
 []


Overfull \hbox (87.03253pt too wide) in paragraph at lines 334--334
 []\T1/lmtt/m/n/10.95 sudo make CROSS_COMPILE=armv5tel-softfloat-linux-gnueabi- ARCH=arm uImage[] 
 []


Overfull \hbox (92.78127pt too wide) in paragraph at lines 334--334
 []\T1/lmtt/m/n/10.95 sudo make CROSS_COMPILE=armv5tel-softfloat-linux-gnueabi- ARCH=arm modules[] 
 []


Overfull \hbox (322.7306pt too wide) in paragraph at lines 334--334
 []\T1/lmtt/m/n/10.95 sudo make CROSS_COMPILE=armv5tel-softfloat-linux-gnueabi- ARCH=arm modules_install INSTALL_MOD_PATH=/usr/armv5tel-
 []

Missing character: There is no の (U+306E) in font ec-lmr10!
Missing character: There is no セ (U+30BB) in font ec-lmr10!
Missing character: There is no ッ (U+30C3) in font ec-lmr10!
Missing character: There is no ト (U+30C8) in font ec-lmr10!
Missing character: There is no ア (U+30A2) in font ec-lmr10!
Missing character: There is no ッ (U+30C3) in font ec-lmr10!
Missing character: There is no プ (U+30D7) in font ec-lmr10!
Missing character: There is no リ (U+30EA) in font ec-lmr10!
Missing character: There is no ポ (U+30DD) in font ec-lmr10!
Missing character: There is no ジ (U+30B8) in font ec-lmr10!
Missing character: There is no ト (U+30C8) in font ec-lmr10!
Missing character: There is no リ (U+30EA) in font ec-lmr10!
Missing character: There is no （ (U+FF08) in font ec-lmr10!
Missing character: There is no ） (U+FF09) in font ec-lmr10!
Missing character: There is no を (U+3092) in font ec-lmr10!
Missing character: There is no 使 (U+4F7F) in font ec-lmr10!
Missing character: There is no っ (U+3063) in font ec-lmr10!
Missing character: There is no て (U+3066) in font ec-lmr10!
Missing character: There is no み (U+307F) in font ec-lmr10!
Missing character: There is no る (U+308B) in font ec-lmr10!
Missing character: There is no こ (U+3053) in font ec-lmr10!
Missing character: There is no と (U+3068) in font ec-lmr10!
Missing character: There is no に (U+306B) in font ec-lmr10!
Missing character: There is no す (U+3059) in font ec-lmr10!
Missing character: There is no る (U+308B) in font ec-lmr10!
Missing character: There is no 。 (U+3002) in font ec-lmr10!
Missing character: There is no で (U+3067) in font ec-lmr10!
Missing character: There is no ル (U+30EB) in font ec-lmr10!
Missing character: There is no ー (U+30FC) in font ec-lmr10!
Missing character: There is no ト (U+30C8) in font ec-lmr10!
Missing character: There is no フ (U+30D5) in font ec-lmr10!
Missing character: There is no ァ (U+30A1) in font ec-lmr10!
Missing character: There is no イ (U+30A4) in font ec-lmr10!
Missing character: There is no ル (U+30EB) in font ec-lmr10!
Missing character: There is no シ (U+30B7) in font ec-lmr10!
Missing character: There is no ス (U+30B9) in font ec-lmr10!
Missing character: There is no テ (U+30C6) in font ec-lmr10!
Missing character: There is no ム (U+30E0) in font ec-lmr10!
Missing character: There is no を (U+3092) in font ec-lmr10!
Missing character: There is no 構 (U+69CB) in font ec-lmr10!
Missing character: There is no 築 (U+7BC9) in font ec-lmr10!
Missing character: There is no す (U+3059) in font ec-lmr10!
Missing character: There is no る (U+308B) in font ec-lmr10!
Missing character: There is no た (U+305F) in font ec-lmr10!
Missing character: There is no め (U+3081) in font ec-lmr10!
Missing character: There is no の (U+306E) in font ec-lmr10!
Missing character: There is no 準 (U+6E96) in font ec-lmr10!
Missing character: There is no 備 (U+5099) in font ec-lmr10!
Missing character: There is no 。 (U+3002) in font ec-lmr10!
Missing character: There is no の (U+306E) in font ec-lmr10!
Missing character: There is no セ (U+30BB) in font ec-lmr10!
Missing character: There is no ッ (U+30C3) in font ec-lmr10!
Missing character: There is no ト (U+30C8) in font ec-lmr10!
Missing character: There is no ア (U+30A2) in font ec-lmr10!
Missing character: There is no ッ (U+30C3) in font ec-lmr10!
Missing character: There is no プ (U+30D7) in font ec-lmr10!
Missing character: There is no リ (U+30EA) in font ec-lmr10!
Missing character: There is no ポ (U+30DD) in font ec-lmr10!
Missing character: There is no ジ (U+30B8) in font ec-lmr10!
Missing character: There is no ト (U+30C8) in font ec-lmr10!
Missing character: There is no リ (U+30EA) in font ec-lmr10!
Missing character: There is no （ (U+FF08) in font ec-lmr10!
Missing character: There is no ） (U+FF09) in font ec-lmr10!
Missing character: There is no を (U+3092) in font ec-lmr10!
Missing character: There is no 使 (U+4F7F) in font ec-lmr10!
Missing character: There is no っ (U+3063) in font ec-lmr10!
Missing character: There is no て (U+3066) in font ec-lmr10!
Missing character: There is no み (U+307F) in font ec-lmr10!
Missing character: There is no る (U+308B) in font ec-lmr10!
Missing character: There is no こ (U+3053) in font ec-lmr10!
Missing character: There is no と (U+3068) in font ec-lmr10!
Missing character: There is no に (U+306B) in font ec-lmr10!
Missing character: There is no す (U+3059) in font ec-lmr10!
Missing character: There is no る (U+308B) in font ec-lmr10!
Missing character: There is no 。 (U+3002) in font ec-lmr10!
Missing character: There is no で (U+3067) in font ec-lmr10!
Missing character: There is no ル (U+30EB) in font ec-lmr10!
Missing character: There is no ー (U+30FC) in font ec-lmr10!
Missing character: There is no ト (U+30C8) in font ec-lmr10!
Missing character: There is no フ (U+30D5) in font ec-lmr10!
Missing character: There is no ァ (U+30A1) in font ec-lmr10!
Missing character: There is no イ (U+30A4) in font ec-lmr10!
Missing character: There is no ル (U+30EB) in font ec-lmr10!
Missing character: There is no シ (U+30B7) in font ec-lmr10!
Missing character: There is no ス (U+30B9) in font ec-lmr10!
Missing character: There is no テ (U+30C6) in font ec-lmr10!
Missing character: There is no ム (U+30E0) in font ec-lmr10!
Missing character: There is no を (U+3092) in font ec-lmr10!
Missing character: There is no 構 (U+69CB) in font ec-lmr10!
Missing character: There is no 築 (U+7BC9) in font ec-lmr10!
Missing character: There is no す (U+3059) in font ec-lmr10!
Missing character: There is no る (U+308B) in font ec-lmr10!
Missing character: There is no た (U+305F) in font ec-lmr10!
Missing character: There is no め (U+3081) in font ec-lmr10!
Missing character: There is no の (U+306E) in font ec-lmr10!
Missing character: There is no 準 (U+6E96) in font ec-lmr10!
Missing character: There is no 備 (U+5099) in font ec-lmr10!
Missing character: There is no 。 (U+3002) in font ec-lmr10!

Overfull \hbox (98.53pt too wide) in paragraph at lines 343--343
 []\T1/lmtt/m/n/10.95 sudo ebuild /usr/portage/sys-fs/mtd-utils/mtd-utils-999999
99.ebuild compile[] 
 []


Overfull \hbox (87.03253pt too wide) in paragraph at lines 343--343
 []\T1/lmtt/m/n/10.95 sudo ebuild /usr/portage/sys-fs/mtd-utils/mtd-utils-999999
99.ebuild merge[] 
 []


Overfull \hbox (87.03253pt too wide) in paragraph at lines 343--343
 []\T1/lmtt/m/n/10.95 sudo ebuild /usr/portage/sys-fs/mtd-utils/mtd-utils-999999
99.ebuild clean[] 
 []

Missing character: There is no ル (U+30EB) in font ec-lmr10!
Missing character: There is no ー (U+30FC) in font ec-lmr10!
Missing character: There is no ト (U+30C8) in font ec-lmr10!
Missing character: There is no フ (U+30D5) in font ec-lmr10!
Missing character: There is no ァ (U+30A1) in font ec-lmr10!
Missing character: There is no イ (U+30A4) in font ec-lmr10!
Missing character: There is no ル (U+30EB) in font ec-lmr10!
Missing character: There is no シ (U+30B7) in font ec-lmr10!
Missing character: There is no ス (U+30B9) in font ec-lmr10!
Missing character: There is no テ (U+30C6) in font ec-lmr10!
Missing character: There is no ム (U+30E0) in font ec-lmr10!
Missing character: There is no の (U+306E) in font ec-lmr10!
Missing character: There is no セ (U+30BB) in font ec-lmr10!
Missing character: There is no ッ (U+30C3) in font ec-lmr10!
Missing character: There is no ト (U+30C8) in font ec-lmr10!
Missing character: There is no ア (U+30A2) in font ec-lmr10!
Missing character: There is no ッ (U+30C3) in font ec-lmr10!
Missing character: There is no プ (U+30D7) in font ec-lmr10!
Missing character: There is no で (U+3067) in font ec-lmr10!
Missing character: There is no 作 (U+4F5C) in font ec-lmr10!
Missing character: There is no っ (U+3063) in font ec-lmr10!
Missing character: There is no た (U+305F) in font ec-lmr10!
Missing character: There is no ク (U+30AF) in font ec-lmr10!
Missing character: There is no ロ (U+30ED) in font ec-lmr10!
Missing character: There is no ス (U+30B9) in font ec-lmr10!
Missing character: There is no コ (U+30B3) in font ec-lmr10!
Missing character: There is no ン (U+30F3) in font ec-lmr10!
Missing character: There is no パ (U+30D1) in font ec-lmr10!
Missing character: There is no イ (U+30A4) in font ec-lmr10!
Missing character: There is no ラ (U+30E9) in font ec-lmr10!
Missing character: There is no で (U+3067) in font ec-lmr10!
Missing character: There is no 基 (U+57FA) in font ec-lmr10!
Missing character: There is no 本 (U+672C) in font ec-lmr10!
Missing character: There is no シ (U+30B7) in font ec-lmr10!
Missing character: There is no ス (U+30B9) in font ec-lmr10!
Missing character: There is no テ (U+30C6) in font ec-lmr10!
Missing character: There is no ム (U+30E0) in font ec-lmr10!
Missing character: There is no （ (U+FF08) in font ec-lmr10!
Missing character: There is no ） (U+FF09) in font ec-lmr10!
Missing character: There is no を (U+3092) in font ec-lmr10!
Missing character: There is no 構 (U+69CB) in font ec-lmr10!
Missing character: There is no 築 (U+7BC9) in font ec-lmr10!
Missing character: There is no し (U+3057) in font ec-lmr10!
Missing character: There is no よ (U+3088) in font ec-lmr10!
Missing character: There is no う (U+3046) in font ec-lmr10!
Missing character: There is no と (U+3068) in font ec-lmr10!
Missing character: There is no し (U+3057) in font ec-lmr10!
Missing character: There is no た (U+305F) in font ec-lmr10!
Missing character: There is no と (U+3068) in font ec-lmr10!
Missing character: There is no こ (U+3053) in font ec-lmr10!
Missing character: There is no ろ (U+308D) in font ec-lmr10!
Missing character: There is no 、 (U+3001) in font ec-lmr10!
Missing character: There is no の (U+306E) in font ec-lmr10!
Missing character: There is no コ (U+30B3) in font ec-lmr10!
Missing character: There is no ン (U+30F3) in font ec-lmr10!
Missing character: There is no パ (U+30D1) in font ec-lmr10!
Missing character: There is no イ (U+30A4) in font ec-lmr10!
Missing character: There is no ル (U+30EB) in font ec-lmr10!
Missing character: There is no で (U+3067) in font ec-lmr10!
Missing character: There is no 失 (U+5931) in font ec-lmr10!
Missing character: There is no 敗 (U+6557) in font ec-lmr10!
Missing character: There is no し (U+3057) in font ec-lmr10!
Missing character: There is no て (U+3066) in font ec-lmr10!
Missing character: There is no し (U+3057) in font ec-lmr10!
Missing character: There is no ま (U+307E) in font ec-lmr10!
Missing character: There is no っ (U+3063) in font ec-lmr10!
Missing character: There is no た (U+305F) in font ec-lmr10!
Missing character: There is no 。 (U+3002) in font ec-lmr10!
Missing character: There is no ル (U+30EB) in font ec-lmr10!
Missing character: There is no ー (U+30FC) in font ec-lmr10!
Missing character: There is no ト (U+30C8) in font ec-lmr10!
Missing character: There is no フ (U+30D5) in font ec-lmr10!
Missing character: There is no ァ (U+30A1) in font ec-lmr10!
Missing character: There is no イ (U+30A4) in font ec-lmr10!
Missing character: There is no ル (U+30EB) in font ec-lmr10!
Missing character: There is no シ (U+30B7) in font ec-lmr10!
Missing character: There is no ス (U+30B9) in font ec-lmr10!
Missing character: There is no テ (U+30C6) in font ec-lmr10!
Missing character: There is no ム (U+30E0) in font ec-lmr10!
Missing character: There is no の (U+306E) in font ec-lmr10!
Missing character: There is no セ (U+30BB) in font ec-lmr10!
Missing character: There is no ッ (U+30C3) in font ec-lmr10!
Missing character: There is no ト (U+30C8) in font ec-lmr10!
Missing character: There is no ア (U+30A2) in font ec-lmr10!
Missing character: There is no ッ (U+30C3) in font ec-lmr10!
Missing character: There is no プ (U+30D7) in font ec-lmr10!
Missing character: There is no で (U+3067) in font ec-lmr10!
Missing character: There is no 作 (U+4F5C) in font ec-lmr10!
Missing character: There is no っ (U+3063) in font ec-lmr10!
Missing character: There is no た (U+305F) in font ec-lmr10!
Missing character: There is no ク (U+30AF) in font ec-lmr10!
Missing character: There is no ロ (U+30ED) in font ec-lmr10!
Missing character: There is no ス (U+30B9) in font ec-lmr10!
Missing character: There is no コ (U+30B3) in font ec-lmr10!
Missing character: There is no ン (U+30F3) in font ec-lmr10!
Missing character: There is no パ (U+30D1) in font ec-lmr10!
Missing character: There is no イ (U+30A4) in font ec-lmr10!
Missing character: There is no ラ (U+30E9) in font ec-lmr10!
Missing character: There is no で (U+3067) in font ec-lmr10!
Missing character: There is no 基 (U+57FA) in font ec-lmr10!
Missing character: There is no 本 (U+672C) in font ec-lmr10!
Missing character: There is no シ (U+30B7) in font ec-lmr10!
Missing character: There is no ス (U+30B9) in font ec-lmr10!
Missing character: There is no テ (U+30C6) in font ec-lmr10!
Missing character: There is no ム (U+30E0) in font ec-lmr10!
Missing character: There is no （ (U+FF08) in font ec-lmr10!
Missing character: There is no ） (U+FF09) in font ec-lmr10!
Missing character: There is no を (U+3092) in font ec-lmr10!
Missing character: There is no 構 (U+69CB) in font ec-lmr10!
Missing character: There is no 築 (U+7BC9) in font ec-lmr10!
Missing character: There is no し (U+3057) in font ec-lmr10!
Missing character: There is no よ (U+3088) in font ec-lmr10!
Missing character: There is no う (U+3046) in font ec-lmr10!
Missing character: There is no と (U+3068) in font ec-lmr10!
Missing character: There is no し (U+3057) in font ec-lmr10!
Missing character: There is no た (U+305F) in font ec-lmr10!
Missing character: There is no と (U+3068) in font ec-lmr10!
Missing character: There is no こ (U+3053) in font ec-lmr10!
Missing character: There is no ろ (U+308D) in font ec-lmr10!
Missing character: There is no 、 (U+3001) in font ec-lmr10!
Missing character: There is no の (U+306E) in font ec-lmr10!
Missing character: There is no コ (U+30B3) in font ec-lmr10!
Missing character: There is no ン (U+30F3) in font ec-lmr10!
Missing character: There is no パ (U+30D1) in font ec-lmr10!
Missing character: There is no イ (U+30A4) in font ec-lmr10!
Missing character: There is no ル (U+30EB) in font ec-lmr10!
Missing character: There is no で (U+3067) in font ec-lmr10!
Missing character: There is no 失 (U+5931) in font ec-lmr10!
Missing character: There is no 敗 (U+6557) in font ec-lmr10!
Missing character: There is no し (U+3057) in font ec-lmr10!
Missing character: There is no て (U+3066) in font ec-lmr10!
Missing character: There is no し (U+3057) in font ec-lmr10!
Missing character: There is no ま (U+307E) in font ec-lmr10!
Missing character: There is no っ (U+3063) in font ec-lmr10!
Missing character: There is no た (U+305F) in font ec-lmr10!
Missing character: There is no 。 (U+3002) in font ec-lmr10!
Missing character: There is no 今 (U+4ECA) in font ec-lmr10!
Missing character: There is no 日 (U+65E5) in font ec-lmr10!
Missing character: There is no は (U+306F) in font ec-lmr10!
Missing character: There is no 眠 (U+7720) in font ec-lmr10!
Missing character: There is no い (U+3044) in font ec-lmr10!
Missing character: There is no の (U+306E) in font ec-lmr10!
Missing character: There is no で (U+3067) in font ec-lmr10!
Missing character: There is no こ (U+3053) in font ec-lmr10!
Missing character: There is no こ (U+3053) in font ec-lmr10!
Missing character: There is no ま (U+307E) in font ec-lmr10!
Missing character: There is no で (U+3067) in font ec-lmr10!
Missing character: There is no に (U+306B) in font ec-lmr10!
Missing character: There is no し (U+3057) in font ec-lmr10!
Missing character: There is no て (U+3066) in font ec-lmr10!
Missing character: There is no お (U+304A) in font ec-lmr10!
Missing character: There is no く (U+304F) in font ec-lmr10!
Missing character: There is no 。 (U+3002) in font ec-lmr10!
Missing character: There is no 今 (U+4ECA) in font ec-lmr10!
Missing character: There is no 日 (U+65E5) in font ec-lmr10!
Missing character: There is no は (U+306F) in font ec-lmr10!
Missing character: There is no 眠 (U+7720) in font ec-lmr10!
Missing character: There is no い (U+3044) in font ec-lmr10!
Missing character: There is no の (U+306E) in font ec-lmr10!
Missing character: There is no で (U+3067) in font ec-lmr10!
Missing character: There is no こ (U+3053) in font ec-lmr10!
Missing character: There is no こ (U+3053) in font ec-lmr10!
Missing character: There is no ま (U+307E) in font ec-lmr10!
Missing character: There is no で (U+3067) in font ec-lmr10!
Missing character: There is no に (U+306B) in font ec-lmr10!
Missing character: There is no し (U+3057) in font ec-lmr10!
Missing character: There is no て (U+3066) in font ec-lmr10!
Missing character: There is no お (U+304A) in font ec-lmr10!
Missing character: There is no く (U+304F) in font ec-lmr10!
Missing character: There is no 。 (U+3002) in font ec-lmr10!
[7
Missing character: There is no ク (U+30AF) in font ec-lmr10!
Missing character: There is no ロ (U+30ED) in font ec-lmr10!
Missing character: There is no ス (U+30B9) in font ec-lmr10!
Missing character: There is no コ (U+30B3) in font ec-lmr10!
Missing character: There is no ン (U+30F3) in font ec-lmr10!
Missing character: There is no パ (U+30D1) in font ec-lmr10!
Missing character: There is no イ (U+30A4) in font ec-lmr10!
Missing character: There is no ル (U+30EB) in font ec-lmr10!
Missing character: There is no 環 (U+74B0) in font ec-lmr10!
Missing character: There is no 境 (U+5883) in font ec-lmr10!
Missing character: There is no の (U+306E) in font ec-lmr10!
Missing character: There is no セ (U+30BB) in font ec-lmr10!
Missing character: There is no ッ (U+30C3) in font ec-lmr10!
Missing character: There is no ト (U+30C8) in font ec-lmr10!
Missing character: There is no ア (U+30A2) in font ec-lmr10!
Missing character: There is no ッ (U+30C3) in font ec-lmr10!
Missing character: There is no プ (U+30D7) in font ec-lmr10!
Missing character: There is no と (U+3068) in font ec-lmr10!
Missing character: There is no カ (U+30AB) in font ec-lmr10!
Missing character: There is no ー (U+30FC) in font ec-lmr10!
Missing character: There is no ネ (U+30CD) in font ec-lmr10!
Missing character: There is no ル (U+30EB) in font ec-lmr10!
Missing character: There is no セ (U+30BB) in font ec-lmr10!
Missing character: There is no ッ (U+30C3) in font ec-lmr10!
Missing character: There is no ト (U+30C8) in font ec-lmr10!
Missing character: There is no ア (U+30A2) in font ec-lmr10!
Missing character: There is no ッ (U+30C3) in font ec-lmr10!
Missing character: There is no プ (U+30D7) in font ec-lmr10!
Missing character: There is no こ (U+3053) in font ec-lmr10!
Missing character: There is no こ (U+3053) in font ec-lmr10!
Missing character: There is no は (U+306F) in font ec-lmr10!
Missing character: There is no に (U+306B) in font ec-lmr10!
Missing character: There is no 書 (U+66F8) in font ec-lmr10!
Missing character: There is no い (U+3044) in font ec-lmr10!
Missing character: There is no て (U+3066) in font ec-lmr10!
Missing character: There is no あ (U+3042) in font ec-lmr10!
Missing character: There is no る (U+308B) in font ec-lmr10!
Missing character: There is no と (U+3068) in font ec-lmr10!
Missing character: There is no お (U+304A) in font ec-lmr10!
Missing character: There is no り (U+308A) in font ec-lmr10!
Missing character: There is no に (U+306B) in font ec-lmr10!
Missing character: There is no 進 (U+9032) in font ec-lmr10!
Missing character: There is no め (U+3081) in font ec-lmr10!
Missing character: There is no れ (U+308C) in font ec-lmr10!
Missing character: There is no ば (U+3070) in font ec-lmr10!
Missing character: There is no 。 (U+3002) in font ec-lmr10!
Missing character: There is no 最 (U+6700) in font ec-lmr10!
Missing character: There is no 後 (U+5F8C) in font ec-lmr10!
Missing character: There is no に (U+306B) in font ec-lmr10!
Missing character: There is no を (U+3092) in font ec-lmr10!
Missing character: There is no の (U+306E) in font ec-lmr10!
Missing character: There is no 通 (U+901A) in font ec-lmr10!
Missing character: There is no っ (U+3063) in font ec-lmr10!
Missing character: There is no て (U+3066) in font ec-lmr10!
Missing character: There is no い (U+3044) in font ec-lmr10!
Missing character: There is no る (U+308B) in font ec-lmr10!
Missing character: There is no と (U+3068) in font ec-lmr10!
Missing character: There is no こ (U+3053) in font ec-lmr10!
Missing character: There is no ろ (U+308D) in font ec-lmr10!
Missing character: There is no に (U+306B) in font ec-lmr10!
Missing character: There is no コ (U+30B3) in font ec-lmr10!
Missing character: There is no ピ (U+30D4) in font ec-lmr10!
Missing character: There is no ー (U+30FC) in font ec-lmr10!
Missing character: There is no し (U+3057) in font ec-lmr10!
Missing character: There is no て (U+3066) in font ec-lmr10!
Missing character: There is no お (U+304A) in font ec-lmr10!
Missing character: There is no く (U+304F) in font ec-lmr10!
Missing character: There is no の (U+306E) in font ec-lmr10!
Missing character: There is no を (U+3092) in font ec-lmr10!
Missing character: There is no 忘 (U+5FD8) in font ec-lmr10!
Missing character: There is no れ (U+308C) in font ec-lmr10!
Missing character: There is no ず (U+305A) in font ec-lmr10!
Missing character: There is no に (U+306B) in font ec-lmr10!
Missing character: There is no 。 (U+3002) in font ec-lmr10!
Missing character: There is no こ (U+3053) in font ec-lmr10!
Missing character: There is no れ (U+308C) in font ec-lmr10!
Missing character: There is no を (U+3092) in font ec-lmr10!
Missing character: There is no や (U+3084) in font ec-lmr10!
Missing character: There is no ら (U+3089) in font ec-lmr10!
Missing character: There is no な (U+306A) in font ec-lmr10!
Missing character: There is no い (U+3044) in font ec-lmr10!
Missing character: There is no と (U+3068) in font ec-lmr10!
Missing character: There is no カ (U+30AB) in font ec-lmr10!
Missing character: There is no ー (U+30FC) in font ec-lmr10!
Missing character: There is no ネ (U+30CD) in font ec-lmr10!
Missing character: There is no ル (U+30EB) in font ec-lmr10!
Missing character: There is no （ (U+FF08) in font ec-lmr10!
Missing character: There is no ） (U+FF09) in font ec-lmr10!
Missing character: There is no の (U+306E) in font ec-lmr10!
Missing character: There is no ビ (U+30D3) in font ec-lmr10!
Missing character: There is no ル (U+30EB) in font ec-lmr10!
Missing character: There is no ド (U+30C9) in font ec-lmr10!
Missing character: There is no で (U+3067) in font ec-lmr10!
Missing character: There is no こ (U+3053) in font ec-lmr10!
Missing character: There is no け (U+3051) in font ec-lmr10!
Missing character: There is no て (U+3066) in font ec-lmr10!
Missing character: There is no し (U+3057) in font ec-lmr10!
Missing character: There is no ま (U+307E) in font ec-lmr10!
Missing character: There is no う (U+3046) in font ec-lmr10!
Missing character: There is no 。 (U+3002) in font ec-lmr10!
Missing character: There is no の (U+306E) in font ec-lmr10!
Missing character: There is no セ (U+30BB) in font ec-lmr10!
Missing character: There is no ッ (U+30C3) in font ec-lmr10!
Missing character: There is no ト (U+30C8) in font ec-lmr10!
Missing character: There is no ア (U+30A2) in font ec-lmr10!
Missing character: There is no ッ (U+30C3) in font ec-lmr10!
Missing character: There is no プ (U+30D7) in font ec-lmr10!
Missing character: There is no リ (U+30EA) in font ec-lmr10!
Missing character: There is no ポ (U+30DD) in font ec-lmr10!
Missing character: There is no ジ (U+30B8) in font ec-lmr10!
Missing character: There is no ト (U+30C8) in font ec-lmr10!
Missing character: There is no リ (U+30EA) in font ec-lmr10!
Missing character: There is no （ (U+FF08) in font ec-lmr10!
Missing character: There is no ） (U+FF09) in font ec-lmr10!
Missing character: There is no を (U+3092) in font ec-lmr10!
Missing character: There is no 使 (U+4F7F) in font ec-lmr10!
Missing character: There is no っ (U+3063) in font ec-lmr10!
Missing character: There is no て (U+3066) in font ec-lmr10!
Missing character: There is no み (U+307F) in font ec-lmr10!
Missing character: There is no る (U+308B) in font ec-lmr10!
Missing character: There is no こ (U+3053) in font ec-lmr10!
Missing character: There is no と (U+3068) in font ec-lmr10!
Missing character: There is no に (U+306B) in font ec-lmr10!
Missing character: There is no す (U+3059) in font ec-lmr10!
Missing character: There is no る (U+308B) in font ec-lmr10!
Missing character: There is no 。 (U+3002) in font ec-lmr10!
Missing character: There is no で (U+3067) in font ec-lmr10!
Missing character: There is no ル (U+30EB) in font ec-lmr10!
Missing character: There is no ー (U+30FC) in font ec-lmr10!
Missing character: There is no ト (U+30C8) in font ec-lmr10!
Missing character: There is no フ (U+30D5) in font ec-lmr10!
Missing character: There is no ァ (U+30A1) in font ec-lmr10!
Missing character: There is no イ (U+30A4) in font ec-lmr10!
Missing character: There is no ル (U+30EB) in font ec-lmr10!
Missing character: There is no シ (U+30B7) in font ec-lmr10!
Missing character: There is no ス (U+30B9) in font ec-lmr10!
Missing character: There is no テ (U+30C6) in font ec-lmr10!
Missing character: There is no ム (U+30E0) in font ec-lmr10!
Missing character: There is no を (U+3092) in font ec-lmr10!
Missing character: There is no 構 (U+69CB) in font ec-lmr10!
Missing character: There is no 築 (U+7BC9) in font ec-lmr10!
Missing character: There is no す (U+3059) in font ec-lmr10!
Missing character: There is no る (U+308B) in font ec-lmr10!
Missing character: There is no た (U+305F) in font ec-lmr10!
Missing character: There is no め (U+3081) in font ec-lmr10!
Missing character: There is no の (U+306E) in font ec-lmr10!
Missing character: There is no 準 (U+6E96) in font ec-lmr10!
Missing character: There is no 備 (U+5099) in font ec-lmr10!
Missing character: There is no 。 (U+3002) in font ec-lmr10!
Missing character: There is no ル (U+30EB) in font ec-lmr10!
Missing character: There is no ー (U+30FC) in font ec-lmr10!
Missing character: There is no ト (U+30C8) in font ec-lmr10!
Missing character: There is no フ (U+30D5) in font ec-lmr10!
Missing character: There is no ァ (U+30A1) in font ec-lmr10!
Missing character: There is no イ (U+30A4) in font ec-lmr10!
Missing character: There is no ル (U+30EB) in font ec-lmr10!
Missing character: There is no シ (U+30B7) in font ec-lmr10!
Missing character: There is no ス (U+30B9) in font ec-lmr10!
Missing character: There is no テ (U+30C6) in font ec-lmr10!
Missing character: There is no ム (U+30E0) in font ec-lmr10!
Missing character: There is no の (U+306E) in font ec-lmr10!
Missing character: There is no セ (U+30BB) in font ec-lmr10!
Missing character: There is no ッ (U+30C3) in font ec-lmr10!
Missing character: There is no ト (U+30C8) in font ec-lmr10!
Missing character: There is no ア (U+30A2) in font ec-lmr10!
Missing character: There is no ッ (U+30C3) in font ec-lmr10!
Missing character: There is no プ (U+30D7) in font ec-lmr10!
Missing character: There is no で (U+3067) in font ec-lmr10!
Missing character: There is no 作 (U+4F5C) in font ec-lmr10!
Missing character: There is no っ (U+3063) in font ec-lmr10!
Missing character: There is no た (U+305F) in font ec-lmr10!
Missing character: There is no ク (U+30AF) in font ec-lmr10!
Missing character: There is no ロ (U+30ED) in font ec-lmr10!
Missing character: There is no ス (U+30B9) in font ec-lmr10!
Missing character: There is no コ (U+30B3) in font ec-lmr10!
Missing character: There is no ン (U+30F3) in font ec-lmr10!
Missing character: There is no パ (U+30D1) in font ec-lmr10!
Missing character: There is no イ (U+30A4) in font ec-lmr10!
Missing character: There is no ラ (U+30E9) in font ec-lmr10!
Missing character: There is no で (U+3067) in font ec-lmr10!
Missing character: There is no 基 (U+57FA) in font ec-lmr10!
Missing character: There is no 本 (U+672C) in font ec-lmr10!
Missing character: There is no シ (U+30B7) in font ec-lmr10!
Missing character: There is no ス (U+30B9) in font ec-lmr10!
Missing character: There is no テ (U+30C6) in font ec-lmr10!
Missing character: There is no ム (U+30E0) in font ec-lmr10!
Missing character: There is no （ (U+FF08) in font ec-lmr10!
Missing character: There is no ） (U+FF09) in font ec-lmr10!
Missing character: There is no を (U+3092) in font ec-lmr10!
Missing character: There is no 構 (U+69CB) in font ec-lmr10!
Missing character: There is no 築 (U+7BC9) in font ec-lmr10!
Missing character: There is no し (U+3057) in font ec-lmr10!
Missing character: There is no よ (U+3088) in font ec-lmr10!
Missing character: There is no う (U+3046) in font ec-lmr10!
Missing character: There is no と (U+3068) in font ec-lmr10!
Missing character: There is no し (U+3057) in font ec-lmr10!
Missing character: There is no た (U+305F) in font ec-lmr10!
Missing character: There is no と (U+3068) in font ec-lmr10!
Missing character: There is no こ (U+3053) in font ec-lmr10!
Missing character: There is no ろ (U+308D) in font ec-lmr10!
Missing character: There is no 、 (U+3001) in font ec-lmr10!
Missing character: There is no の (U+306E) in font ec-lmr10!
Missing character: There is no コ (U+30B3) in font ec-lmr10!
Missing character: There is no ン (U+30F3) in font ec-lmr10!
Missing character: There is no パ (U+30D1) in font ec-lmr10!
Missing character: There is no イ (U+30A4) in font ec-lmr10!
Missing character: There is no ル (U+30EB) in font ec-lmr10!
Missing character: There is no で (U+3067) in font ec-lmr10!
Missing character: There is no 失 (U+5931) in font ec-lmr10!
Missing character: There is no 敗 (U+6557) in font ec-lmr10!
Missing character: There is no し (U+3057) in font ec-lmr10!
Missing character: There is no て (U+3066) in font ec-lmr10!
Missing character: There is no し (U+3057) in font ec-lmr10!
Missing character: There is no ま (U+307E) in font ec-lmr10!
Missing character: There is no っ (U+3063) in font ec-lmr10!
Missing character: There is no た (U+305F) in font ec-lmr10!
Missing character: There is no 。 (U+3002) in font ec-lmr10!
Missing character: There is no 今 (U+4ECA) in font ec-lmr10!
Missing character: There is no 日 (U+65E5) in font ec-lmr10!
Missing character: There is no は (U+306F) in font ec-lmr10!
Missing character: There is no 眠 (U+7720) in font ec-lmr10!
Missing character: There is no い (U+3044) in font ec-lmr10!
Missing character: There is no の (U+306E) in font ec-lmr10!
Missing character: There is no で (U+3067) in font ec-lmr10!
Missing character: There is no こ (U+3053) in font ec-lmr10!
Missing character: There is no こ (U+3053) in font ec-lmr10!
Missing character: There is no ま (U+307E) in font ec-lmr10!
Missing character: There is no で (U+3067) in font ec-lmr10!
Missing character: There is no に (U+306B) in font ec-lmr10!
Missing character: There is no し (U+3057) in font ec-lmr10!
Missing character: There is no て (U+3066) in font ec-lmr10!
Missing character: There is no お (U+304A) in font ec-lmr10!
Missing character: There is no く (U+304F) in font ec-lmr10!
Missing character: There is no 。 (U+3002) in font ec-lmr10!
]
Overfull \hbox (29.5452pt too wide) in paragraph at lines 357--357
 []\T1/lmtt/m/n/10.95 ln -s /usr/portage/profiles/default/linux/arm/10.0 make.pr
ofile[] 
 []

Missing character: There is no 参 (U+53C2) in font ec-lmr10!
Missing character: There is no 考 (U+8003) in font ec-lmr10!
Missing character: There is no ： (U+FF1A) in font ec-lmr10!
Missing character: There is no 参 (U+53C2) in font ec-lmr10!
Missing character: There is no 考 (U+8003) in font ec-lmr10!
Missing character: There is no ： (U+FF1A) in font ec-lmr10!
Missing character: There is no あ (U+3042) in font ec-lmr10!
Missing character: There is no く (U+304F) in font ec-lmr10!
Missing character: There is no ま (U+307E) in font ec-lmr10!
Missing character: There is no で (U+3067) in font ec-lmr10!
Missing character: There is no 自 (U+81EA) in font ec-lmr10!
Missing character: There is no 分 (U+5206) in font ec-lmr10!
Missing character: There is no の (U+306E) in font ec-lmr10!
Missing character: There is no 環 (U+74B0) in font ec-lmr10!
Missing character: There is no 境 (U+5883) in font ec-lmr10!
Missing character: There is no 用 (U+7528) in font ec-lmr10!
Missing character: There is no の (U+306E) in font ec-lmr10!
Missing character: There is no 設 (U+8A2D) in font ec-lmr10!
Missing character: There is no 定 (U+5B9A) in font ec-lmr10!
Missing character: There is no な (U+306A) in font ec-lmr10!
Missing character: There is no の (U+306E) in font ec-lmr10!
Missing character: There is no で (U+3067) in font ec-lmr10!
Missing character: There is no 、 (U+3001) in font ec-lmr10!
Missing character: There is no 同 (U+540C) in font ec-lmr10!
Missing character: There is no じ (U+3058) in font ec-lmr10!
Missing character: There is no 内 (U+5185) in font ec-lmr10!
Missing character: There is no 容 (U+5BB9) in font ec-lmr10!
Missing character: There is no に (U+306B) in font ec-lmr10!
Missing character: There is no す (U+3059) in font ec-lmr10!
Missing character: There is no る (U+308B) in font ec-lmr10!
Missing character: There is no 必 (U+5FC5) in font ec-lmr10!
Missing character: There is no 要 (U+8981) in font ec-lmr10!
Missing character: There is no は (U+306F) in font ec-lmr10!
Missing character: There is no な (U+306A) in font ec-lmr10!
Missing character: There is no い (U+3044) in font ec-lmr10!
Missing character: There is no 。 (U+3002) in font ec-lmr10!
Missing character: There is no の (U+306E) in font ec-lmr10!
Missing character: There is no デ (U+30C7) in font ec-lmr10!
Missing character: There is no フ (U+30D5) in font ec-lmr10!
Missing character: There is no ォ (U+30A9) in font ec-lmr10!
Missing character: There is no ル (U+30EB) in font ec-lmr10!
Missing character: There is no ト (U+30C8) in font ec-lmr10!
Missing character: There is no は (U+306F) in font ec-lmr10!
Missing character: There is no な (U+306A) in font ec-lmr10!
Missing character: There is no の (U+306E) in font ec-lmr10!
Missing character: There is no で (U+3067) in font ec-lmr10!
Missing character: There is no 、 (U+3001) in font ec-lmr10!
Missing character: There is no き (U+304D) in font ec-lmr10!
Missing character: There is no ち (U+3061) in font ec-lmr10!
Missing character: There is no ん (U+3093) in font ec-lmr10!
Missing character: There is no と (U+3068) in font ec-lmr10!
Missing character: There is no 指 (U+6307) in font ec-lmr10!
Missing character: There is no 定 (U+5B9A) in font ec-lmr10!
Missing character: There is no し (U+3057) in font ec-lmr10!
Missing character: There is no て (U+3066) in font ec-lmr10!
Missing character: There is no お (U+304A) in font ec-lmr10!
Missing character: There is no か (U+304B) in font ec-lmr10!
Missing character: There is no な (U+306A) in font ec-lmr10!
Missing character: There is no い (U+3044) in font ec-lmr10!
Missing character: There is no と (U+3068) in font ec-lmr10!
Missing character: There is no 上 (U+4E0A) in font ec-lmr10!
Missing character: There is no 書 (U+66F8) in font ec-lmr10!
Missing character: There is no き (U+304D) in font ec-lmr10!
Missing character: There is no さ (U+3055) in font ec-lmr10!
Missing character: There is no れ (U+308C) in font ec-lmr10!
Missing character: There is no て (U+3066) in font ec-lmr10!
Missing character: There is no し (U+3057) in font ec-lmr10!
Missing character: There is no ま (U+307E) in font ec-lmr10!
Missing character: There is no う (U+3046) in font ec-lmr10!
Missing character: There is no の (U+306E) in font ec-lmr10!
Missing character: There is no で (U+3067) in font ec-lmr10!
Missing character: There is no 注 (U+6CE8) in font ec-lmr10!
Missing character: There is no 意 (U+610F) in font ec-lmr10!
Missing character: There is no 。 (U+3002) in font ec-lmr10!
Missing character: There is no あ (U+3042) in font ec-lmr10!
Missing character: There is no と (U+3068) in font ec-lmr10!
Missing character: There is no 、 (U+3001) in font ec-lmr10!
Missing character: There is no ク (U+30AF) in font ec-lmr10!
Missing character: There is no ロ (U+30ED) in font ec-lmr10!
Missing character: There is no ス (U+30B9) in font ec-lmr10!
Missing character: There is no コ (U+30B3) in font ec-lmr10!
Missing character: There is no ン (U+30F3) in font ec-lmr10!
Missing character: There is no パ (U+30D1) in font ec-lmr10!
Missing character: There is no イ (U+30A4) in font ec-lmr10!
Missing character: There is no ル (U+30EB) in font ec-lmr10!
Missing character: There is no の (U+306E) in font ec-lmr10!
Missing character: There is no 場 (U+5834) in font ec-lmr10!
Missing character: There is no 合 (U+5408) in font ec-lmr10!
Missing character: There is no は (U+306F) in font ec-lmr10!
Missing character: There is no の (U+306E) in font ec-lmr10!
Missing character: There is no 指 (U+6307) in font ec-lmr10!
Missing character: There is no 定 (U+5B9A) in font ec-lmr10!
Missing character: There is no も (U+3082) in font ec-lmr10!
Missing character: There is no 必 (U+5FC5) in font ec-lmr10!
Missing character: There is no 要 (U+8981) in font ec-lmr10!
Missing character: There is no に (U+306B) in font ec-lmr10!
Missing character: There is no な (U+306A) in font ec-lmr10!
Missing character: There is no る (U+308B) in font ec-lmr10!
Missing character: There is no 。 (U+3002) in font ec-lmr10!
Missing character: There is no あ (U+3042) in font ec-lmr10!
Missing character: There is no く (U+304F) in font ec-lmr10!
Missing character: There is no ま (U+307E) in font ec-lmr10!
Missing character: There is no で (U+3067) in font ec-lmr10!
Missing character: There is no 自 (U+81EA) in font ec-lmr10!
Missing character: There is no 分 (U+5206) in font ec-lmr10!
Missing character: There is no の (U+306E) in font ec-lmr10!
Missing character: There is no 環 (U+74B0) in font ec-lmr10!
Missing character: There is no 境 (U+5883) in font ec-lmr10!
Missing character: There is no 用 (U+7528) in font ec-lmr10!
Missing character: There is no の (U+306E) in font ec-lmr10!
Missing character: There is no 設 (U+8A2D) in font ec-lmr10!
Missing character: There is no 定 (U+5B9A) in font ec-lmr10!
Missing character: There is no な (U+306A) in font ec-lmr10!
Missing character: There is no の (U+306E) in font ec-lmr10!
Missing character: There is no で (U+3067) in font ec-lmr10!
Missing character: There is no 、 (U+3001) in font ec-lmr10!
Missing character: There is no 同 (U+540C) in font ec-lmr10!
Missing character: There is no じ (U+3058) in font ec-lmr10!
Missing character: There is no 内 (U+5185) in font ec-lmr10!
Missing character: There is no 容 (U+5BB9) in font ec-lmr10!
Missing character: There is no に (U+306B) in font ec-lmr10!
Missing character: There is no す (U+3059) in font ec-lmr10!
Missing character: There is no る (U+308B) in font ec-lmr10!
Missing character: There is no 必 (U+5FC5) in font ec-lmr10!
Missing character: There is no 要 (U+8981) in font ec-lmr10!
Missing character: There is no は (U+306F) in font ec-lmr10!
Missing character: There is no な (U+306A) in font ec-lmr10!
Missing character: There is no い (U+3044) in font ec-lmr10!
Missing character: There is no 。 (U+3002) in font ec-lmr10!
Missing character: There is no の (U+306E) in font ec-lmr10!
Missing character: There is no デ (U+30C7) in font ec-lmr10!
Missing character: There is no フ (U+30D5) in font ec-lmr10!
Missing character: There is no ォ (U+30A9) in font ec-lmr10!
Missing character: There is no ル (U+30EB) in font ec-lmr10!
Missing character: There is no ト (U+30C8) in font ec-lmr10!
Missing character: There is no は (U+306F) in font ec-lmr10!
Missing character: There is no な (U+306A) in font ec-lmr10!
Missing character: There is no の (U+306E) in font ec-lmr10!
Missing character: There is no で (U+3067) in font ec-lmr10!
Missing character: There is no 、 (U+3001) in font ec-lmr10!
Missing character: There is no き (U+304D) in font ec-lmr10!
Missing character: There is no ち (U+3061) in font ec-lmr10!
Missing character: There is no ん (U+3093) in font ec-lmr10!
Missing character: There is no と (U+3068) in font ec-lmr10!
Missing character: There is no 指 (U+6307) in font ec-lmr10!
Missing character: There is no 定 (U+5B9A) in font ec-lmr10!
Missing character: There is no し (U+3057) in font ec-lmr10!
Missing character: There is no て (U+3066) in font ec-lmr10!
Missing character: There is no お (U+304A) in font ec-lmr10!
Missing character: There is no か (U+304B) in font ec-lmr10!
Missing character: There is no な (U+306A) in font ec-lmr10!
Missing character: There is no い (U+3044) in font ec-lmr10!
Missing character: There is no と (U+3068) in font ec-lmr10!
Missing character: There is no 上 (U+4E0A) in font ec-lmr10!
Missing character: There is no 書 (U+66F8) in font ec-lmr10!
Missing character: There is no き (U+304D) in font ec-lmr10!
Missing character: There is no さ (U+3055) in font ec-lmr10!
Missing character: There is no れ (U+308C) in font ec-lmr10!
Missing character: There is no て (U+3066) in font ec-lmr10!
Missing character: There is no し (U+3057) in font ec-lmr10!
Missing character: There is no ま (U+307E) in font ec-lmr10!
Missing character: There is no う (U+3046) in font ec-lmr10!
Missing character: There is no の (U+306E) in font ec-lmr10!
Missing character: There is no で (U+3067) in font ec-lmr10!
Missing character: There is no 注 (U+6CE8) in font ec-lmr10!
Missing character: There is no 意 (U+610F) in font ec-lmr10!
Missing character: There is no 。 (U+3002) in font ec-lmr10!
Missing character: There is no あ (U+3042) in font ec-lmr10!
Missing character: There is no と (U+3068) in font ec-lmr10!
Missing character: There is no 、 (U+3001) in font ec-lmr10!
Missing character: There is no ク (U+30AF) in font ec-lmr10!
Missing character: There is no ロ (U+30ED) in font ec-lmr10!
Missing character: There is no ス (U+30B9) in font ec-lmr10!
Missing character: There is no コ (U+30B3) in font ec-lmr10!
Missing character: There is no ン (U+30F3) in font ec-lmr10!
Missing character: There is no パ (U+30D1) in font ec-lmr10!
Missing character: There is no イ (U+30A4) in font ec-lmr10!
Missing character: There is no ル (U+30EB) in font ec-lmr10!
Missing character: There is no の (U+306E) in font ec-lmr10!
Missing character: There is no 場 (U+5834) in font ec-lmr10!
Missing character: There is no 合 (U+5408) in font ec-lmr10!
Missing character: There is no は (U+306F) in font ec-lmr10!
Missing character: There is no の (U+306E) in font ec-lmr10!
Missing character: There is no 指 (U+6307) in font ec-lmr10!
Missing character: There is no 定 (U+5B9A) in font ec-lmr10!
Missing character: There is no も (U+3082) in font ec-lmr10!
Missing character: There is no 必 (U+5FC5) in font ec-lmr10!
Missing character: There is no 要 (U+8981) in font ec-lmr10!
Missing character: There is no に (U+306B) in font ec-lmr10!
Missing character: There is no な (U+306A) in font ec-lmr10!
Missing character: There is no る (U+308B) in font ec-lmr10!
Missing character: There is no 。 (U+3002) in font ec-lmr10!
Missing character: There is no 日 (U+65E5) in font ec-lmbx10!
Missing character: There is no 目 (U+76EE) in font ec-lmbx10!
Missing character: There is no 日 (U+65E5) in font ec-lmbx10!
Missing character: There is no 目 (U+76EE) in font ec-lmbx10!
Missing character: There is no の (U+306E) in font ec-lmr10!
Missing character: There is no コ (U+30B3) in font ec-lmr10!
Missing character: There is no ン (U+30F3) in font ec-lmr10!
Missing character: There is no パ (U+30D1) in font ec-lmr10!
Missing character: There is no イ (U+30A4) in font ec-lmr10!
Missing character: There is no ル (U+30EB) in font ec-lmr10!
Missing character: There is no エ (U+30A8) in font ec-lmr10!
Missing character: There is no ラ (U+30E9) in font ec-lmr10!
Missing character: There is no ー (U+30FC) in font ec-lmr10!
Missing character: There is no は (U+306F) in font ec-lmr10!
Missing character: There is no の (U+306E) in font ec-lmr10!
Missing character: There is no 引 (U+5F15) in font ec-lmr10!
Missing character: There is no 数 (U+6570) in font ec-lmr10!
Missing character: There is no が (U+304C) in font ec-lmr10!
Missing character: There is no 指 (U+6307) in font ec-lmr10!
Missing character: There is no 定 (U+5B9A) in font ec-lmr10!
Missing character: There is no さ (U+3055) in font ec-lmr10!
Missing character: There is no れ (U+308C) in font ec-lmr10!
Missing character: There is no て (U+3066) in font ec-lmr10!
Missing character: There is no い (U+3044) in font ec-lmr10!
Missing character: There is no な (U+306A) in font ec-lmr10!
Missing character: There is no か (U+304B) in font ec-lmr10!
Missing character: There is no っ (U+3063) in font ec-lmr10!
Missing character: There is no た (U+305F) in font ec-lmr10!
Missing character: There is no だ (U+3060) in font ec-lmr10!
Missing character: There is no け (U+3051) in font ec-lmr10!
Missing character: There is no だ (U+3060) in font ec-lmr10!
Missing character: There is no っ (U+3063) in font ec-lmr10!
Missing character: There is no た (U+305F) in font ec-lmr10!
Missing character: There is no 野 (U+91CE) in font ec-lmr10!
Missing character: There is no 良 (U+826F) in font ec-lmr10!
Missing character: There is no を (U+3092) in font ec-lmr10!
Missing character: There is no 挟 (U+631F) in font ec-lmr10!
Missing character: There is no ん (U+3093) in font ec-lmr10!
Missing character: There is no で (U+3067) in font ec-lmr10!
Missing character: There is no 解 (U+89E3) in font ec-lmr10!
Missing character: There is no 決 (U+6C7A) in font ec-lmr10!
Missing character: There is no 。 (U+3002) in font ec-lmr10!
Missing character: There is no の (U+306E) in font ec-lmr10!
Missing character: There is no コ (U+30B3) in font ec-lmr10!
Missing character: There is no ン (U+30F3) in font ec-lmr10!
Missing character: There is no パ (U+30D1) in font ec-lmr10!
Missing character: There is no イ (U+30A4) in font ec-lmr10!
Missing character: There is no ル (U+30EB) in font ec-lmr10!
Missing character: There is no エ (U+30A8) in font ec-lmr10!
Missing character: There is no ラ (U+30E9) in font ec-lmr10!
Missing character: There is no ー (U+30FC) in font ec-lmr10!
Missing character: There is no は (U+306F) in font ec-lmr10!
Missing character: There is no の (U+306E) in font ec-lmr10!
Missing character: There is no 引 (U+5F15) in font ec-lmr10!
Missing character: There is no 数 (U+6570) in font ec-lmr10!
Missing character: There is no が (U+304C) in font ec-lmr10!
Missing character: There is no 指 (U+6307) in font ec-lmr10!
Missing character: There is no 定 (U+5B9A) in font ec-lmr10!
Missing character: There is no さ (U+3055) in font ec-lmr10!
Missing character: There is no れ (U+308C) in font ec-lmr10!
Missing character: There is no て (U+3066) in font ec-lmr10!
Missing character: There is no い (U+3044) in font ec-lmr10!
Missing character: There is no な (U+306A) in font ec-lmr10!
Missing character: There is no か (U+304B) in font ec-lmr10!
Missing character: There is no っ (U+3063) in font ec-lmr10!
Missing character: There is no た (U+305F) in font ec-lmr10!
Missing character: There is no だ (U+3060) in font ec-lmr10!
Missing character: There is no け (U+3051) in font ec-lmr10!
Missing character: There is no だ (U+3060) in font ec-lmr10!
Missing character: There is no っ (U+3063) in font ec-lmr10!
Missing character: There is no た (U+305F) in font ec-lmr10!
Missing character: There is no 野 (U+91CE) in font ec-lmr10!
Missing character: There is no 良 (U+826F) in font ec-lmr10!
Missing character: There is no を (U+3092) in font ec-lmr10!
Missing character: There is no 挟 (U+631F) in font ec-lmr10!
Missing character: There is no ん (U+3093) in font ec-lmr10!
Missing character: There is no で (U+3067) in font ec-lmr10!
Missing character: There is no 解 (U+89E3) in font ec-lmr10!
Missing character: There is no 決 (U+6C7A) in font ec-lmr10!
Missing character: There is no 。 (U+3002) in font ec-lmr10!
Missing character: There is no の (U+306E) in font ec-lmr10!
Missing character: There is no の (U+306E) in font ec-lmr10!

Overfull \hbox (23.79646pt too wide) in paragraph at lines 386--386
 []\T1/lmtt/m/n/10.95 diff -urN cpio-2.11-/src/filetypes.h cpio-2.11/src/filetyp
es.h[] 
 []


Overfull \hbox (52.54013pt too wide) in paragraph at lines 386--386
 []\T1/lmtt/m/n/10.95 --- cpio-2.11-/src/filetypes.h  2010-04-15 18:03:16.639694
128 +0900[] 
 []


Overfull \hbox (52.54013pt too wide) in paragraph at lines 386--386
 []\T1/lmtt/m/n/10.95 +++ cpio-2.11/src/filetypes.h   2010-04-15 18:04:03.545691
921 +0900[] 
 []

Missing character: There is no 野 (U+91CE) in font ec-lmr10!
Missing character: There is no 良 (U+826F) in font ec-lmr10!
Missing character: There is no 野 (U+91CE) in font ec-lmr10!
Missing character: There is no 良 (U+826F) in font ec-lmr10!
Missing character: There is no 日 (U+65E5) in font ec-lmbx10!
Missing character: There is no 目 (U+76EE) in font ec-lmbx10!
Missing character: There is no 日 (U+65E5) in font ec-lmbx10!
Missing character: There is no 目 (U+76EE) in font ec-lmbx10!
Missing character: There is no ク (U+30AF) in font ec-lmr10!
Missing character: There is no ロ (U+30ED) in font ec-lmr10!
Missing character: There is no ス (U+30B9) in font ec-lmr10!
Missing character: There is no 環 (U+74B0) in font ec-lmr10!
Missing character: There is no 境 (U+5883) in font ec-lmr10!
Missing character: There is no で (U+3067) in font ec-lmr10!
Missing character: There is no の (U+306E) in font ec-lmr10!
Missing character: There is no が (U+304C) in font ec-lmr10!
Missing character: There is no エ (U+30A8) in font ec-lmr10!
Missing character: There is no ラ (U+30E9) in font ec-lmr10!
Missing character: There is no ー (U+30FC) in font ec-lmr10!
Missing character: There is no で (U+3067) in font ec-lmr10!
Missing character: There is no 出 (U+51FA) in font ec-lmr10!
Missing character: There is no 来 (U+6765) in font ec-lmr10!
Missing character: There is no て (U+3066) in font ec-lmr10!
Missing character: There is no い (U+3044) in font ec-lmr10!
Missing character: There is no な (U+306A) in font ec-lmr10!
Missing character: There is no い (U+3044) in font ec-lmr10!
Missing character: There is no 状 (U+72B6) in font ec-lmr10!
Missing character: There is no 態 (U+614B) in font ec-lmr10!
Missing character: There is no 肝 (U+809D) in font ec-lmr10!
Missing character: There is no 心 (U+5FC3) in font ec-lmr10!
Missing character: There is no の (U+306E) in font ec-lmr10!
Missing character: There is no 本 (U+672C) in font ec-lmr10!
Missing character: There is no 体 (U+4F53) in font ec-lmr10!
Missing character: There is no が (U+304C) in font ec-lmr10!
Missing character: There is no ま (U+307E) in font ec-lmr10!
Missing character: There is no だ (U+3060) in font ec-lmr10!
Missing character: There is no 届 (U+5C4A) in font ec-lmr10!
Missing character: There is no い (U+3044) in font ec-lmr10!
Missing character: There is no て (U+3066) in font ec-lmr10!
Missing character: There is no い (U+3044) in font ec-lmr10!
Missing character: There is no な (U+306A) in font ec-lmr10!
Missing character: There is no い (U+3044) in font ec-lmr10!
Missing character: There is no の (U+306E) in font ec-lmr10!
Missing character: There is no で (U+3067) in font ec-lmr10!
Missing character: There is no 、 (U+3001) in font ec-lmr10!
Missing character: There is no 焦 (U+7126) in font ec-lmr10!
Missing character: There is no ら (U+3089) in font ec-lmr10!
Missing character: There is no ず (U+305A) in font ec-lmr10!
Missing character: There is no ゆ (U+3086) in font ec-lmr10!
Missing character: There is no っ (U+3063) in font ec-lmr10!
Missing character: There is no く (U+304F) in font ec-lmr10!
Missing character: There is no り (U+308A) in font ec-lmr10!
Missing character: There is no 進 (U+9032) in font ec-lmr10!
Missing character: There is no め (U+3081) in font ec-lmr10!
Missing character: There is no る (U+308B) in font ec-lmr10!
Missing character: There is no こ (U+3053) in font ec-lmr10!
Missing character: There is no と (U+3068) in font ec-lmr10!
Missing character: There is no に (U+306B) in font ec-lmr10!
Missing character: There is no す (U+3059) in font ec-lmr10!
Missing character: There is no る (U+308B) in font ec-lmr10!
Missing character: There is no 。 (U+3002) in font ec-lmr10!
Missing character: There is no あ (U+3042) in font ec-lmr10!
Missing character: There is no と (U+3068) in font ec-lmr10!
Missing character: There is no で (U+3067) in font ec-lmr10!
Missing character: There is no を (U+3092) in font ec-lmr10!
Missing character: There is no 使 (U+4F7F) in font ec-lmr10!
Missing character: There is no っ (U+3063) in font ec-lmr10!
Missing character: There is no て (U+3066) in font ec-lmr10!
Missing character: There is no ホ (U+30DB) in font ec-lmr10!
Missing character: There is no ス (U+30B9) in font ec-lmr10!
Missing character: There is no ト (U+30C8) in font ec-lmr10!
Missing character: There is no マ (U+30DE) in font ec-lmr10!
Missing character: There is no シ (U+30B7) in font ec-lmr10!
Missing character: There is no ン (U+30F3) in font ec-lmr10!
Missing character: There is no 側 (U+5074) in font ec-lmr10!
Missing character: There is no で (U+3067) in font ec-lmr10!
Missing character: There is no コ (U+30B3) in font ec-lmr10!
Missing character: There is no ン (U+30F3) in font ec-lmr10!
Missing character: There is no パ (U+30D1) in font ec-lmr10!
Missing character: There is no イ (U+30A4) in font ec-lmr10!
Missing character: There is no ル (U+30EB) in font ec-lmr10!
Missing character: There is no で (U+3067) in font ec-lmr10!
Missing character: There is no き (U+304D) in font ec-lmr10!
Missing character: There is no る (U+308B) in font ec-lmr10!
Missing character: There is no よ (U+3088) in font ec-lmr10!
Missing character: There is no う (U+3046) in font ec-lmr10!
Missing character: There is no に (U+306B) in font ec-lmr10!
Missing character: There is no 、 (U+3001) in font ec-lmr10!
Missing character: There is no ク (U+30AF) in font ec-lmr10!
Missing character: There is no ロ (U+30ED) in font ec-lmr10!
Missing character: There is no ス (U+30B9) in font ec-lmr10!
Missing character: There is no コ (U+30B3) in font ec-lmr10!
Missing character: There is no ン (U+30F3) in font ec-lmr10!
Missing character: There is no パ (U+30D1) in font ec-lmr10!
Missing character: There is no イ (U+30A4) in font ec-lmr10!
Missing character: There is no ル (U+30EB) in font ec-lmr10!
Missing character: There is no 環 (U+74B0) in font ec-lmr10!
Missing character: There is no 境 (U+5883) in font ec-lmr10!
Missing character: There is no を (U+3092) in font ec-lmr10!
Missing character: There is no 作 (U+4F5C) in font ec-lmr10!
Missing character: There is no り (U+308A) in font ec-lmr10!
Missing character: There is no 直 (U+76F4) in font ec-lmr10!
Missing character: There is no し (U+3057) in font ec-lmr10!
Missing character: There is no て (U+3066) in font ec-lmr10!
Missing character: There is no お (U+304A) in font ec-lmr10!
Missing character: There is no こ (U+3053) in font ec-lmr10!
Missing character: There is no う (U+3046) in font ec-lmr10!
Missing character: There is no 。 (U+3002) in font ec-lmr10!
Missing character: There is no ク (U+30AF) in font ec-lmr10!
Missing character: There is no ロ (U+30ED) in font ec-lmr10!
Missing character: There is no ス (U+30B9) in font ec-lmr10!
Missing character: There is no 環 (U+74B0) in font ec-lmr10!
Missing character: There is no 境 (U+5883) in font ec-lmr10!
Missing character: There is no で (U+3067) in font ec-lmr10!
Missing character: There is no の (U+306E) in font ec-lmr10!
Missing character: There is no が (U+304C) in font ec-lmr10!
Missing character: There is no エ (U+30A8) in font ec-lmr10!
Missing character: There is no ラ (U+30E9) in font ec-lmr10!
Missing character: There is no ー (U+30FC) in font ec-lmr10!
Missing character: There is no で (U+3067) in font ec-lmr10!
Missing character: There is no 出 (U+51FA) in font ec-lmr10!
Missing character: There is no 来 (U+6765) in font ec-lmr10!
Missing character: There is no て (U+3066) in font ec-lmr10!
Missing character: There is no い (U+3044) in font ec-lmr10!
Missing character: There is no な (U+306A) in font ec-lmr10!
Missing character: There is no い (U+3044) in font ec-lmr10!
Missing character: There is no 状 (U+72B6) in font ec-lmr10!
Missing character: There is no 態 (U+614B) in font ec-lmr10!
Missing character: There is no 肝 (U+809D) in font ec-lmr10!
Missing character: There is no 心 (U+5FC3) in font ec-lmr10!
Missing character: There is no の (U+306E) in font ec-lmr10!
Missing character: There is no 本 (U+672C) in font ec-lmr10!
Missing character: There is no 体 (U+4F53) in font ec-lmr10!
Missing character: There is no が (U+304C) in font ec-lmr10!
Missing character: There is no ま (U+307E) in font ec-lmr10!
Missing character: There is no だ (U+3060) in font ec-lmr10!
Missing character: There is no 届 (U+5C4A) in font ec-lmr10!
Missing character: There is no い (U+3044) in font ec-lmr10!
Missing character: There is no て (U+3066) in font ec-lmr10!
Missing character: There is no い (U+3044) in font ec-lmr10!
Missing character: There is no な (U+306A) in font ec-lmr10!
Missing character: There is no い (U+3044) in font ec-lmr10!
Missing character: There is no の (U+306E) in font ec-lmr10!
Missing character: There is no で (U+3067) in font ec-lmr10!
Missing character: There is no 、 (U+3001) in font ec-lmr10!
Missing character: There is no 焦 (U+7126) in font ec-lmr10!
Missing character: There is no ら (U+3089) in font ec-lmr10!
Missing character: There is no ず (U+305A) in font ec-lmr10!
Missing character: There is no ゆ (U+3086) in font ec-lmr10!
Missing character: There is no っ (U+3063) in font ec-lmr10!
Missing character: There is no く (U+304F) in font ec-lmr10!
Missing character: There is no り (U+308A) in font ec-lmr10!
Missing character: There is no 進 (U+9032) in font ec-lmr10!
Missing character: There is no め (U+3081) in font ec-lmr10!
Missing character: There is no る (U+308B) in font ec-lmr10!
Missing character: There is no こ (U+3053) in font ec-lmr10!
Missing character: There is no と (U+3068) in font ec-lmr10!
Missing character: There is no に (U+306B) in font ec-lmr10!
Missing character: There is no す (U+3059) in font ec-lmr10!
Missing character: There is no る (U+308B) in font ec-lmr10!
Missing character: There is no 。 (U+3002) in font ec-lmr10!
Missing character: There is no あ (U+3042) in font ec-lmr10!
Missing character: There is no と (U+3068) in font ec-lmr10!
Missing character: There is no で (U+3067) in font ec-lmr10!
Missing character: There is no を (U+3092) in font ec-lmr10!
Missing character: There is no 使 (U+4F7F) in font ec-lmr10!
Missing character: There is no っ (U+3063) in font ec-lmr10!
Missing character: There is no て (U+3066) in font ec-lmr10!
Missing character: There is no ホ (U+30DB) in font ec-lmr10!
Missing character: There is no ス (U+30B9) in font ec-lmr10!
Missing character: There is no ト (U+30C8) in font ec-lmr10!
Missing character: There is no マ (U+30DE) in font ec-lmr10!
Missing character: There is no シ (U+30B7) in font ec-lmr10!
Missing character: There is no ン (U+30F3) in font ec-lmr10!
Missing character: There is no 側 (U+5074) in font ec-lmr10!
Missing character: There is no で (U+3067) in font ec-lmr10!
Missing character: There is no コ (U+30B3) in font ec-lmr10!
Missing character: There is no ン (U+30F3) in font ec-lmr10!
Missing character: There is no パ (U+30D1) in font ec-lmr10!
Missing character: There is no イ (U+30A4) in font ec-lmr10!
Missing character: There is no ル (U+30EB) in font ec-lmr10!
Missing character: There is no で (U+3067) in font ec-lmr10!
Missing character: There is no き (U+304D) in font ec-lmr10!
Missing character: There is no る (U+308B) in font ec-lmr10!
Missing character: There is no よ (U+3088) in font ec-lmr10!
Missing character: There is no う (U+3046) in font ec-lmr10!
Missing character: There is no に (U+306B) in font ec-lmr10!
Missing character: There is no 、 (U+3001) in font ec-lmr10!
Missing character: There is no ク (U+30AF) in font ec-lmr10!
Missing character: There is no ロ (U+30ED) in font ec-lmr10!
Missing character: There is no ス (U+30B9) in font ec-lmr10!
Missing character: There is no コ (U+30B3) in font ec-lmr10!
Missing character: There is no ン (U+30F3) in font ec-lmr10!
Missing character: There is no パ (U+30D1) in font ec-lmr10!
Missing character: There is no イ (U+30A4) in font ec-lmr10!
Missing character: There is no ル (U+30EB) in font ec-lmr10!
Missing character: There is no 環 (U+74B0) in font ec-lmr10!
Missing character: There is no 境 (U+5883) in font ec-lmr10!
Missing character: There is no を (U+3092) in font ec-lmr10!
Missing character: There is no 作 (U+4F5C) in font ec-lmr10!
Missing character: There is no り (U+308A) in font ec-lmr10!
Missing character: There is no 直 (U+76F4) in font ec-lmr10!
Missing character: There is no し (U+3057) in font ec-lmr10!
Missing character: There is no て (U+3066) in font ec-lmr10!
Missing character: There is no お (U+304A) in font ec-lmr10!
Missing character: There is no こ (U+3053) in font ec-lmr10!
Missing character: There is no う (U+3046) in font ec-lmr10!
Missing character: There is no 。 (U+3002) in font ec-lmr10!
Missing character: There is no 一 (U+4E00) in font ec-lmr10!
Missing character: There is no 度 (U+5EA6) in font ec-lmr10!
Missing character: There is no ク (U+30AF) in font ec-lmr10!
Missing character: There is no ロ (U+30ED) in font ec-lmr10!
Missing character: There is no ス (U+30B9) in font ec-lmr10!
Missing character: There is no 環 (U+74B0) in font ec-lmr10!
Missing character: There is no 境 (U+5883) in font ec-lmr10!
Missing character: There is no を (U+3092) in font ec-lmr10!
Missing character: There is no 消 (U+6D88) in font ec-lmr10!
Missing character: There is no し (U+3057) in font ec-lmr10!
Missing character: There is no て (U+3066) in font ec-lmr10!
Missing character: There is no 、 (U+3001) in font ec-lmr10!
Missing character: There is no ホ (U+30DB) in font ec-lmr10!
Missing character: There is no ス (U+30B9) in font ec-lmr10!
Missing character: There is no ト (U+30C8) in font ec-lmr10!
Missing character: There is no 環 (U+74B0) in font ec-lmr10!
Missing character: There is no 境 (U+5883) in font ec-lmr10!
Missing character: There is no と (U+3068) in font ec-lmr10!
Missing character: There is no バ (U+30D0) in font ec-lmr10!
Missing character: There is no ー (U+30FC) in font ec-lmr10!
Missing character: There is no ジ (U+30B8) in font ec-lmr10!
Missing character: There is no ョ (U+30E7) in font ec-lmr10!
Missing character: There is no ン (U+30F3) in font ec-lmr10!
Missing character: There is no を (U+3092) in font ec-lmr10!
Missing character: There is no 合 (U+5408) in font ec-lmr10!
Missing character: There is no わ (U+308F) in font ec-lmr10!
Missing character: There is no せ (U+305B) in font ec-lmr10!
Missing character: There is no て (U+3066) in font ec-lmr10!
Missing character: There is no お (U+304A) in font ec-lmr10!
Missing character: There is no く (U+304F) in font ec-lmr10!
Missing character: There is no こ (U+3053) in font ec-lmr10!
Missing character: There is no と (U+3068) in font ec-lmr10!
Missing character: There is no に (U+306B) in font ec-lmr10!
Missing character: There is no す (U+3059) in font ec-lmr10!
Missing character: There is no る (U+308B) in font ec-lmr10!
Missing character: There is no 。 (U+3002) in font ec-lmr10!
Missing character: There is no 一 (U+4E00) in font ec-lmr10!
Missing character: There is no 度 (U+5EA6) in font ec-lmr10!
Missing character: There is no ク (U+30AF) in font ec-lmr10!
Missing character: There is no ロ (U+30ED) in font ec-lmr10!
Missing character: There is no ス (U+30B9) in font ec-lmr10!
Missing character: There is no 環 (U+74B0) in font ec-lmr10!
Missing character: There is no 境 (U+5883) in font ec-lmr10!
Missing character: There is no を (U+3092) in font ec-lmr10!
Missing character: There is no 消 (U+6D88) in font ec-lmr10!
Missing character: There is no し (U+3057) in font ec-lmr10!
Missing character: There is no て (U+3066) in font ec-lmr10!
Missing character: There is no 、 (U+3001) in font ec-lmr10!
Missing character: There is no ホ (U+30DB) in font ec-lmr10!
Missing character: There is no ス (U+30B9) in font ec-lmr10!
Missing character: There is no ト (U+30C8) in font ec-lmr10!
Missing character: There is no 環 (U+74B0) in font ec-lmr10!
Missing character: There is no 境 (U+5883) in font ec-lmr10!
Missing character: There is no と (U+3068) in font ec-lmr10!
Missing character: There is no バ (U+30D0) in font ec-lmr10!
Missing character: There is no ー (U+30FC) in font ec-lmr10!
Missing character: There is no ジ (U+30B8) in font ec-lmr10!
Missing character: There is no ョ (U+30E7) in font ec-lmr10!
Missing character: There is no ン (U+30F3) in font ec-lmr10!
Missing character: There is no を (U+3092) in font ec-lmr10!
Missing character: There is no 合 (U+5408) in font ec-lmr10!
Missing character: There is no わ (U+308F) in font ec-lmr10!
Missing character: There is no せ (U+305B) in font ec-lmr10!
Missing character: There is no て (U+3066) in font ec-lmr10!
Missing character: There is no お (U+304A) in font ec-lmr10!
Missing character: There is no く (U+304F) in font ec-lmr10!
Missing character: There is no こ (U+3053) in font ec-lmr10!
Missing character: There is no と (U+3068) in font ec-lmr10!
Missing character: There is no に (U+306B) in font ec-lmr10!
Missing character: There is no す (U+3059) in font ec-lmr10!
Missing character: There is no る (U+308B) in font ec-lmr10!
Missing character: There is no 。 (U+3002) in font ec-lmr10!
Missing character: There is no を (U+3092) in font ec-lmr10!
Missing character: There is no 検 (U+691C) in font ec-lmr10!
Missing character: There is no 索 (U+7D22) in font ec-lmr10!
Missing character: There is no す (U+3059) in font ec-lmr10!
Missing character: There is no る (U+308B) in font ec-lmr10!
Missing character: There is no 必 (U+5FC5) in font ec-lmr10!
Missing character: There is no 要 (U+8981) in font ec-lmr10!
Missing character: There is no が (U+304C) in font ec-lmr10!
Missing character: There is no あ (U+3042) in font ec-lmr10!
Missing character: There is no る (U+308B) in font ec-lmr10!
Missing character: There is no た (U+305F) in font ec-lmr10!
Missing character: There is no め (U+3081) in font ec-lmr10!
Missing character: There is no 、 (U+3001) in font ec-lmr10!
Missing character: There is no は (U+306F) in font ec-lmr10!
Missing character: There is no よ (U+3088) in font ec-lmr10!
Missing character: There is no り (U+308A) in font ec-lmr10!
Missing character: There is no 新 (U+65B0) in font ec-lmr10!
Missing character: There is no し (U+3057) in font ec-lmr10!
Missing character: There is no い (U+3044) in font ec-lmr10!
Missing character: There is no も (U+3082) in font ec-lmr10!
Missing character: There is no の (U+306E) in font ec-lmr10!
Missing character: There is no に (U+306B) in font ec-lmr10!
Missing character: There is no す (U+3059) in font ec-lmr10!
Missing character: There is no る (U+308B) in font ec-lmr10!
Missing character: There is no 。 (U+3002) in font ec-lmr10!
Missing character: There is no 参 (U+53C2) in font ec-lmr10!
Missing character: There is no 考 (U+8003) in font ec-lmr10!
Missing character: There is no ： (U+FF1A) in font ec-lmr10!
Missing character: There is no を (U+3092) in font ec-lmr10!
Missing character: There is no 検 (U+691C) in font ec-lmr10!
Missing character: There is no 索 (U+7D22) in font ec-lmr10!
Missing character: There is no す (U+3059) in font ec-lmr10!
Missing character: There is no る (U+308B) in font ec-lmr10!
Missing character: There is no 必 (U+5FC5) in font ec-lmr10!
Missing character: There is no 要 (U+8981) in font ec-lmr10!
Missing character: There is no が (U+304C) in font ec-lmr10!
Missing character: There is no あ (U+3042) in font ec-lmr10!
Missing character: There is no る (U+308B) in font ec-lmr10!
Missing character: There is no た (U+305F) in font ec-lmr10!
Missing character: There is no め (U+3081) in font ec-lmr10!
Missing character: There is no 、 (U+3001) in font ec-lmr10!
Missing character: There is no は (U+306F) in font ec-lmr10!
Missing character: There is no よ (U+3088) in font ec-lmr10!
Missing character: There is no り (U+308A) in font ec-lmr10!
Missing character: There is no 新 (U+65B0) in font ec-lmr10!
Missing character: There is no し (U+3057) in font ec-lmr10!
Missing character: There is no い (U+3044) in font ec-lmr10!
Missing character: There is no も (U+3082) in font ec-lmr10!
Missing character: There is no の (U+306E) in font ec-lmr10!
Missing character: There is no に (U+306B) in font ec-lmr10!
Missing character: There is no す (U+3059) in font ec-lmr10!
Missing character: There is no る (U+308B) in font ec-lmr10!
Missing character: There is no 。 (U+3002) in font ec-lmr10!
Missing character: There is no 参 (U+53C2) in font ec-lmr10!
Missing character: There is no 考 (U+8003) in font ec-lmr10!
Missing character: There is no ： (U+FF1A) in font ec-lmr10!
[8
Missing character: There is no 参 (U+53C2) in font ec-lmr10!
Missing character: There is no 考 (U+8003) in font ec-lmr10!
Missing character: There is no ： (U+FF1A) in font ec-lmr10!
Missing character: There is no あ (U+3042) in font ec-lmr10!
Missing character: There is no く (U+304F) in font ec-lmr10!
Missing character: There is no ま (U+307E) in font ec-lmr10!
Missing character: There is no で (U+3067) in font ec-lmr10!
Missing character: There is no 自 (U+81EA) in font ec-lmr10!
Missing character: There is no 分 (U+5206) in font ec-lmr10!
Missing character: There is no の (U+306E) in font ec-lmr10!
Missing character: There is no 環 (U+74B0) in font ec-lmr10!
Missing character: There is no 境 (U+5883) in font ec-lmr10!
Missing character: There is no 用 (U+7528) in font ec-lmr10!
Missing character: There is no の (U+306E) in font ec-lmr10!
Missing character: There is no 設 (U+8A2D) in font ec-lmr10!
Missing character: There is no 定 (U+5B9A) in font ec-lmr10!
Missing character: There is no な (U+306A) in font ec-lmr10!
Missing character: There is no の (U+306E) in font ec-lmr10!
Missing character: There is no で (U+3067) in font ec-lmr10!
Missing character: There is no 、 (U+3001) in font ec-lmr10!
Missing character: There is no 同 (U+540C) in font ec-lmr10!
Missing character: There is no じ (U+3058) in font ec-lmr10!
Missing character: There is no 内 (U+5185) in font ec-lmr10!
Missing character: There is no 容 (U+5BB9) in font ec-lmr10!
Missing character: There is no に (U+306B) in font ec-lmr10!
Missing character: There is no す (U+3059) in font ec-lmr10!
Missing character: There is no る (U+308B) in font ec-lmr10!
Missing character: There is no 必 (U+5FC5) in font ec-lmr10!
Missing character: There is no 要 (U+8981) in font ec-lmr10!
Missing character: There is no は (U+306F) in font ec-lmr10!
Missing character: There is no な (U+306A) in font ec-lmr10!
Missing character: There is no い (U+3044) in font ec-lmr10!
Missing character: There is no 。 (U+3002) in font ec-lmr10!
Missing character: There is no の (U+306E) in font ec-lmr10!
Missing character: There is no デ (U+30C7) in font ec-lmr10!
Missing character: There is no フ (U+30D5) in font ec-lmr10!
Missing character: There is no ォ (U+30A9) in font ec-lmr10!
Missing character: There is no ル (U+30EB) in font ec-lmr10!
Missing character: There is no ト (U+30C8) in font ec-lmr10!
Missing character: There is no は (U+306F) in font ec-lmr10!
Missing character: There is no な (U+306A) in font ec-lmr10!
Missing character: There is no の (U+306E) in font ec-lmr10!
Missing character: There is no で (U+3067) in font ec-lmr10!
Missing character: There is no 、 (U+3001) in font ec-lmr10!
Missing character: There is no き (U+304D) in font ec-lmr10!
Missing character: There is no ち (U+3061) in font ec-lmr10!
Missing character: There is no ん (U+3093) in font ec-lmr10!
Missing character: There is no と (U+3068) in font ec-lmr10!
Missing character: There is no 指 (U+6307) in font ec-lmr10!
Missing character: There is no 定 (U+5B9A) in font ec-lmr10!
Missing character: There is no し (U+3057) in font ec-lmr10!
Missing character: There is no て (U+3066) in font ec-lmr10!
Missing character: There is no お (U+304A) in font ec-lmr10!
Missing character: There is no か (U+304B) in font ec-lmr10!
Missing character: There is no な (U+306A) in font ec-lmr10!
Missing character: There is no い (U+3044) in font ec-lmr10!
Missing character: There is no と (U+3068) in font ec-lmr10!
Missing character: There is no 上 (U+4E0A) in font ec-lmr10!
Missing character: There is no 書 (U+66F8) in font ec-lmr10!
Missing character: There is no き (U+304D) in font ec-lmr10!
Missing character: There is no さ (U+3055) in font ec-lmr10!
Missing character: There is no れ (U+308C) in font ec-lmr10!
Missing character: There is no て (U+3066) in font ec-lmr10!
Missing character: There is no し (U+3057) in font ec-lmr10!
Missing character: There is no ま (U+307E) in font ec-lmr10!
Missing character: There is no う (U+3046) in font ec-lmr10!
Missing character: There is no の (U+306E) in font ec-lmr10!
Missing character: There is no で (U+3067) in font ec-lmr10!
Missing character: There is no 注 (U+6CE8) in font ec-lmr10!
Missing character: There is no 意 (U+610F) in font ec-lmr10!
Missing character: There is no 。 (U+3002) in font ec-lmr10!
Missing character: There is no あ (U+3042) in font ec-lmr10!
Missing character: There is no と (U+3068) in font ec-lmr10!
Missing character: There is no 、 (U+3001) in font ec-lmr10!
Missing character: There is no ク (U+30AF) in font ec-lmr10!
Missing character: There is no ロ (U+30ED) in font ec-lmr10!
Missing character: There is no ス (U+30B9) in font ec-lmr10!
Missing character: There is no コ (U+30B3) in font ec-lmr10!
Missing character: There is no ン (U+30F3) in font ec-lmr10!
Missing character: There is no パ (U+30D1) in font ec-lmr10!
Missing character: There is no イ (U+30A4) in font ec-lmr10!
Missing character: There is no ル (U+30EB) in font ec-lmr10!
Missing character: There is no の (U+306E) in font ec-lmr10!
Missing character: There is no 場 (U+5834) in font ec-lmr10!
Missing character: There is no 合 (U+5408) in font ec-lmr10!
Missing character: There is no は (U+306F) in font ec-lmr10!
Missing character: There is no の (U+306E) in font ec-lmr10!
Missing character: There is no 指 (U+6307) in font ec-lmr10!
Missing character: There is no 定 (U+5B9A) in font ec-lmr10!
Missing character: There is no も (U+3082) in font ec-lmr10!
Missing character: There is no 必 (U+5FC5) in font ec-lmr10!
Missing character: There is no 要 (U+8981) in font ec-lmr10!
Missing character: There is no に (U+306B) in font ec-lmr10!
Missing character: There is no な (U+306A) in font ec-lmr10!
Missing character: There is no る (U+308B) in font ec-lmr10!
Missing character: There is no 。 (U+3002) in font ec-lmr10!
Missing character: There is no 日 (U+65E5) in font ec-lmbx10!
Missing character: There is no 目 (U+76EE) in font ec-lmbx10!
Missing character: There is no の (U+306E) in font ec-lmr10!
Missing character: There is no コ (U+30B3) in font ec-lmr10!
Missing character: There is no ン (U+30F3) in font ec-lmr10!
Missing character: There is no パ (U+30D1) in font ec-lmr10!
Missing character: There is no イ (U+30A4) in font ec-lmr10!
Missing character: There is no ル (U+30EB) in font ec-lmr10!
Missing character: There is no エ (U+30A8) in font ec-lmr10!
Missing character: There is no ラ (U+30E9) in font ec-lmr10!
Missing character: There is no ー (U+30FC) in font ec-lmr10!
Missing character: There is no は (U+306F) in font ec-lmr10!
Missing character: There is no の (U+306E) in font ec-lmr10!
Missing character: There is no 引 (U+5F15) in font ec-lmr10!
Missing character: There is no 数 (U+6570) in font ec-lmr10!
Missing character: There is no が (U+304C) in font ec-lmr10!
Missing character: There is no 指 (U+6307) in font ec-lmr10!
Missing character: There is no 定 (U+5B9A) in font ec-lmr10!
Missing character: There is no さ (U+3055) in font ec-lmr10!
Missing character: There is no れ (U+308C) in font ec-lmr10!
Missing character: There is no て (U+3066) in font ec-lmr10!
Missing character: There is no い (U+3044) in font ec-lmr10!
Missing character: There is no な (U+306A) in font ec-lmr10!
Missing character: There is no か (U+304B) in font ec-lmr10!
Missing character: There is no っ (U+3063) in font ec-lmr10!
Missing character: There is no た (U+305F) in font ec-lmr10!
Missing character: There is no だ (U+3060) in font ec-lmr10!
Missing character: There is no け (U+3051) in font ec-lmr10!
Missing character: There is no だ (U+3060) in font ec-lmr10!
Missing character: There is no っ (U+3063) in font ec-lmr10!
Missing character: There is no た (U+305F) in font ec-lmr10!
Missing character: There is no 野 (U+91CE) in font ec-lmr10!
Missing character: There is no 良 (U+826F) in font ec-lmr10!
Missing character: There is no を (U+3092) in font ec-lmr10!
Missing character: There is no 挟 (U+631F) in font ec-lmr10!
Missing character: There is no ん (U+3093) in font ec-lmr10!
Missing character: There is no で (U+3067) in font ec-lmr10!
Missing character: There is no 解 (U+89E3) in font ec-lmr10!
Missing character: There is no 決 (U+6C7A) in font ec-lmr10!
Missing character: There is no 。 (U+3002) in font ec-lmr10!
Missing character: There is no の (U+306E) in font ec-lmr10!
Missing character: There is no 野 (U+91CE) in font ec-lmr10!
Missing character: There is no 良 (U+826F) in font ec-lmr10!
Missing character: There is no 日 (U+65E5) in font ec-lmbx10!
Missing character: There is no 目 (U+76EE) in font ec-lmbx10!
Missing character: There is no ク (U+30AF) in font ec-lmr10!
Missing character: There is no ロ (U+30ED) in font ec-lmr10!
Missing character: There is no ス (U+30B9) in font ec-lmr10!
Missing character: There is no 環 (U+74B0) in font ec-lmr10!
Missing character: There is no 境 (U+5883) in font ec-lmr10!
Missing character: There is no で (U+3067) in font ec-lmr10!
Missing character: There is no の (U+306E) in font ec-lmr10!
Missing character: There is no が (U+304C) in font ec-lmr10!
Missing character: There is no エ (U+30A8) in font ec-lmr10!
Missing character: There is no ラ (U+30E9) in font ec-lmr10!
Missing character: There is no ー (U+30FC) in font ec-lmr10!
Missing character: There is no で (U+3067) in font ec-lmr10!
Missing character: There is no 出 (U+51FA) in font ec-lmr10!
Missing character: There is no 来 (U+6765) in font ec-lmr10!
Missing character: There is no て (U+3066) in font ec-lmr10!
Missing character: There is no い (U+3044) in font ec-lmr10!
Missing character: There is no な (U+306A) in font ec-lmr10!
Missing character: There is no い (U+3044) in font ec-lmr10!
Missing character: There is no 状 (U+72B6) in font ec-lmr10!
Missing character: There is no 態 (U+614B) in font ec-lmr10!
Missing character: There is no 肝 (U+809D) in font ec-lmr10!
Missing character: There is no 心 (U+5FC3) in font ec-lmr10!
Missing character: There is no の (U+306E) in font ec-lmr10!
Missing character: There is no 本 (U+672C) in font ec-lmr10!
Missing character: There is no 体 (U+4F53) in font ec-lmr10!
Missing character: There is no が (U+304C) in font ec-lmr10!
Missing character: There is no ま (U+307E) in font ec-lmr10!
Missing character: There is no だ (U+3060) in font ec-lmr10!
Missing character: There is no 届 (U+5C4A) in font ec-lmr10!
Missing character: There is no い (U+3044) in font ec-lmr10!
Missing character: There is no て (U+3066) in font ec-lmr10!
Missing character: There is no い (U+3044) in font ec-lmr10!
Missing character: There is no な (U+306A) in font ec-lmr10!
Missing character: There is no い (U+3044) in font ec-lmr10!
Missing character: There is no の (U+306E) in font ec-lmr10!
Missing character: There is no で (U+3067) in font ec-lmr10!
Missing character: There is no 、 (U+3001) in font ec-lmr10!
Missing character: There is no 焦 (U+7126) in font ec-lmr10!
Missing character: There is no ら (U+3089) in font ec-lmr10!
Missing character: There is no ず (U+305A) in font ec-lmr10!
Missing character: There is no ゆ (U+3086) in font ec-lmr10!
Missing character: There is no っ (U+3063) in font ec-lmr10!
Missing character: There is no く (U+304F) in font ec-lmr10!
Missing character: There is no り (U+308A) in font ec-lmr10!
Missing character: There is no 進 (U+9032) in font ec-lmr10!
Missing character: There is no め (U+3081) in font ec-lmr10!
Missing character: There is no る (U+308B) in font ec-lmr10!
Missing character: There is no こ (U+3053) in font ec-lmr10!
Missing character: There is no と (U+3068) in font ec-lmr10!
Missing character: There is no に (U+306B) in font ec-lmr10!
Missing character: There is no す (U+3059) in font ec-lmr10!
Missing character: There is no る (U+308B) in font ec-lmr10!
Missing character: There is no 。 (U+3002) in font ec-lmr10!
Missing character: There is no あ (U+3042) in font ec-lmr10!
Missing character: There is no と (U+3068) in font ec-lmr10!
Missing character: There is no で (U+3067) in font ec-lmr10!
Missing character: There is no を (U+3092) in font ec-lmr10!
Missing character: There is no 使 (U+4F7F) in font ec-lmr10!
Missing character: There is no っ (U+3063) in font ec-lmr10!
Missing character: There is no て (U+3066) in font ec-lmr10!
Missing character: There is no ホ (U+30DB) in font ec-lmr10!
Missing character: There is no ス (U+30B9) in font ec-lmr10!
Missing character: There is no ト (U+30C8) in font ec-lmr10!
Missing character: There is no マ (U+30DE) in font ec-lmr10!
Missing character: There is no シ (U+30B7) in font ec-lmr10!
Missing character: There is no ン (U+30F3) in font ec-lmr10!
Missing character: There is no 側 (U+5074) in font ec-lmr10!
Missing character: There is no で (U+3067) in font ec-lmr10!
Missing character: There is no コ (U+30B3) in font ec-lmr10!
Missing character: There is no ン (U+30F3) in font ec-lmr10!
Missing character: There is no パ (U+30D1) in font ec-lmr10!
Missing character: There is no イ (U+30A4) in font ec-lmr10!
Missing character: There is no ル (U+30EB) in font ec-lmr10!
Missing character: There is no で (U+3067) in font ec-lmr10!
Missing character: There is no き (U+304D) in font ec-lmr10!
Missing character: There is no る (U+308B) in font ec-lmr10!
Missing character: There is no よ (U+3088) in font ec-lmr10!
Missing character: There is no う (U+3046) in font ec-lmr10!
Missing character: There is no に (U+306B) in font ec-lmr10!
Missing character: There is no 、 (U+3001) in font ec-lmr10!
Missing character: There is no ク (U+30AF) in font ec-lmr10!
Missing character: There is no ロ (U+30ED) in font ec-lmr10!
Missing character: There is no ス (U+30B9) in font ec-lmr10!
Missing character: There is no コ (U+30B3) in font ec-lmr10!
Missing character: There is no ン (U+30F3) in font ec-lmr10!
Missing character: There is no パ (U+30D1) in font ec-lmr10!
Missing character: There is no イ (U+30A4) in font ec-lmr10!
Missing character: There is no ル (U+30EB) in font ec-lmr10!
Missing character: There is no 環 (U+74B0) in font ec-lmr10!
Missing character: There is no 境 (U+5883) in font ec-lmr10!
Missing character: There is no を (U+3092) in font ec-lmr10!
Missing character: There is no 作 (U+4F5C) in font ec-lmr10!
Missing character: There is no り (U+308A) in font ec-lmr10!
Missing character: There is no 直 (U+76F4) in font ec-lmr10!
Missing character: There is no し (U+3057) in font ec-lmr10!
Missing character: There is no て (U+3066) in font ec-lmr10!
Missing character: There is no お (U+304A) in font ec-lmr10!
Missing character: There is no こ (U+3053) in font ec-lmr10!
Missing character: There is no う (U+3046) in font ec-lmr10!
Missing character: There is no 。 (U+3002) in font ec-lmr10!
Missing character: There is no 一 (U+4E00) in font ec-lmr10!
Missing character: There is no 度 (U+5EA6) in font ec-lmr10!
Missing character: There is no ク (U+30AF) in font ec-lmr10!
Missing character: There is no ロ (U+30ED) in font ec-lmr10!
Missing character: There is no ス (U+30B9) in font ec-lmr10!
Missing character: There is no 環 (U+74B0) in font ec-lmr10!
Missing character: There is no 境 (U+5883) in font ec-lmr10!
Missing character: There is no を (U+3092) in font ec-lmr10!
Missing character: There is no 消 (U+6D88) in font ec-lmr10!
Missing character: There is no し (U+3057) in font ec-lmr10!
Missing character: There is no て (U+3066) in font ec-lmr10!
Missing character: There is no 、 (U+3001) in font ec-lmr10!
Missing character: There is no ホ (U+30DB) in font ec-lmr10!
Missing character: There is no ス (U+30B9) in font ec-lmr10!
Missing character: There is no ト (U+30C8) in font ec-lmr10!
Missing character: There is no 環 (U+74B0) in font ec-lmr10!
Missing character: There is no 境 (U+5883) in font ec-lmr10!
Missing character: There is no と (U+3068) in font ec-lmr10!
Missing character: There is no バ (U+30D0) in font ec-lmr10!
Missing character: There is no ー (U+30FC) in font ec-lmr10!
Missing character: There is no ジ (U+30B8) in font ec-lmr10!
Missing character: There is no ョ (U+30E7) in font ec-lmr10!
Missing character: There is no ン (U+30F3) in font ec-lmr10!
Missing character: There is no を (U+3092) in font ec-lmr10!
Missing character: There is no 合 (U+5408) in font ec-lmr10!
Missing character: There is no わ (U+308F) in font ec-lmr10!
Missing character: There is no せ (U+305B) in font ec-lmr10!
Missing character: There is no て (U+3066) in font ec-lmr10!
Missing character: There is no お (U+304A) in font ec-lmr10!
Missing character: There is no く (U+304F) in font ec-lmr10!
Missing character: There is no こ (U+3053) in font ec-lmr10!
Missing character: There is no と (U+3068) in font ec-lmr10!
Missing character: There is no に (U+306B) in font ec-lmr10!
Missing character: There is no す (U+3059) in font ec-lmr10!
Missing character: There is no る (U+308B) in font ec-lmr10!
Missing character: There is no 。 (U+3002) in font ec-lmr10!
Missing character: There is no を (U+3092) in font ec-lmr10!
Missing character: There is no 検 (U+691C) in font ec-lmr10!
Missing character: There is no 索 (U+7D22) in font ec-lmr10!
Missing character: There is no す (U+3059) in font ec-lmr10!
Missing character: There is no る (U+308B) in font ec-lmr10!
Missing character: There is no 必 (U+5FC5) in font ec-lmr10!
Missing character: There is no 要 (U+8981) in font ec-lmr10!
Missing character: There is no が (U+304C) in font ec-lmr10!
Missing character: There is no あ (U+3042) in font ec-lmr10!
Missing character: There is no る (U+308B) in font ec-lmr10!
Missing character: There is no た (U+305F) in font ec-lmr10!
Missing character: There is no め (U+3081) in font ec-lmr10!
Missing character: There is no 、 (U+3001) in font ec-lmr10!
Missing character: There is no は (U+306F) in font ec-lmr10!
Missing character: There is no よ (U+3088) in font ec-lmr10!
Missing character: There is no り (U+308A) in font ec-lmr10!
Missing character: There is no 新 (U+65B0) in font ec-lmr10!
Missing character: There is no し (U+3057) in font ec-lmr10!
Missing character: There is no い (U+3044) in font ec-lmr10!
Missing character: There is no も (U+3082) in font ec-lmr10!
Missing character: There is no の (U+306E) in font ec-lmr10!
Missing character: There is no に (U+306B) in font ec-lmr10!
Missing character: There is no す (U+3059) in font ec-lmr10!
Missing character: There is no る (U+308B) in font ec-lmr10!
Missing character: There is no 。 (U+3002) in font ec-lmr10!
Missing character: There is no 参 (U+53C2) in font ec-lmr10!
Missing character: There is no 考 (U+8003) in font ec-lmr10!
Missing character: There is no ： (U+FF1A) in font ec-lmr10!
]
Missing character: There is no 日 (U+65E5) in font ec-lmbx10!
Missing character: There is no 目 (U+76EE) in font ec-lmbx10!
Missing character: There is no 日 (U+65E5) in font ec-lmbx10!
Missing character: There is no 目 (U+76EE) in font ec-lmbx10!
Missing character: There is no ク (U+30AF) in font ec-lmr10!
Missing character: There is no ロ (U+30ED) in font ec-lmr10!
Missing character: There is no ス (U+30B9) in font ec-lmr10!
Missing character: There is no コ (U+30B3) in font ec-lmr10!
Missing character: There is no ン (U+30F3) in font ec-lmr10!
Missing character: There is no パ (U+30D1) in font ec-lmr10!
Missing character: There is no イ (U+30A4) in font ec-lmr10!
Missing character: There is no ル (U+30EB) in font ec-lmr10!
Missing character: There is no 環 (U+74B0) in font ec-lmr10!
Missing character: There is no 境 (U+5883) in font ec-lmr10!
Missing character: There is no で (U+3067) in font ec-lmr10!
Missing character: There is no 用 (U+7528) in font ec-lmr10!
Missing character: There is no の (U+306E) in font ec-lmr10!
Missing character: There is no が (U+304C) in font ec-lmr10!
Missing character: There is no で (U+3067) in font ec-lmr10!
Missing character: There is no き (U+304D) in font ec-lmr10!
Missing character: There is no た (U+305F) in font ec-lmr10!
Missing character: There is no の (U+306E) in font ec-lmr10!
Missing character: There is no で (U+3067) in font ec-lmr10!
Missing character: There is no 動 (U+52D5) in font ec-lmr10!
Missing character: There is no 作 (U+4F5C) in font ec-lmr10!
Missing character: There is no 確 (U+78BA) in font ec-lmr10!
Missing character: There is no 認 (U+8A8D) in font ec-lmr10!
Missing character: There is no を (U+3092) in font ec-lmr10!
Missing character: There is no し (U+3057) in font ec-lmr10!
Missing character: There is no た (U+305F) in font ec-lmr10!
Missing character: There is no ク (U+30AF) in font ec-lmr10!
Missing character: There is no ロ (U+30ED) in font ec-lmr10!
Missing character: There is no ス (U+30B9) in font ec-lmr10!
Missing character: There is no コ (U+30B3) in font ec-lmr10!
Missing character: There is no ン (U+30F3) in font ec-lmr10!
Missing character: There is no パ (U+30D1) in font ec-lmr10!
Missing character: There is no イ (U+30A4) in font ec-lmr10!
Missing character: There is no ル (U+30EB) in font ec-lmr10!
Missing character: There is no 環 (U+74B0) in font ec-lmr10!
Missing character: There is no 境 (U+5883) in font ec-lmr10!
Missing character: There is no で (U+3067) in font ec-lmr10!
Missing character: There is no 用 (U+7528) in font ec-lmr10!
Missing character: There is no の (U+306E) in font ec-lmr10!
Missing character: There is no が (U+304C) in font ec-lmr10!
Missing character: There is no で (U+3067) in font ec-lmr10!
Missing character: There is no き (U+304D) in font ec-lmr10!
Missing character: There is no た (U+305F) in font ec-lmr10!
Missing character: There is no の (U+306E) in font ec-lmr10!
Missing character: There is no で (U+3067) in font ec-lmr10!
Missing character: There is no 動 (U+52D5) in font ec-lmr10!
Missing character: There is no 作 (U+4F5C) in font ec-lmr10!
Missing character: There is no 確 (U+78BA) in font ec-lmr10!
Missing character: There is no 認 (U+8A8D) in font ec-lmr10!
Missing character: There is no を (U+3092) in font ec-lmr10!
Missing character: There is no し (U+3057) in font ec-lmr10!
Missing character: There is no た (U+305F) in font ec-lmr10!
Missing character: There is no ク (U+30AF) in font ec-lmr10!
Missing character: There is no ロ (U+30ED) in font ec-lmr10!
Missing character: There is no ス (U+30B9) in font ec-lmr10!
Missing character: There is no コ (U+30B3) in font ec-lmr10!
Missing character: There is no ン (U+30F3) in font ec-lmr10!
Missing character: There is no パ (U+30D1) in font ec-lmr10!
Missing character: There is no イ (U+30A4) in font ec-lmr10!
Missing character: There is no ル (U+30EB) in font ec-lmr10!
Missing character: There is no 環 (U+74B0) in font ec-lmr10!
Missing character: There is no 境 (U+5883) in font ec-lmr10!
Missing character: There is no で (U+3067) in font ec-lmr10!
Missing character: There is no 用 (U+7528) in font ec-lmr10!
Missing character: There is no の (U+306E) in font ec-lmr10!
Missing character: There is no が (U+304C) in font ec-lmr10!
Missing character: There is no で (U+3067) in font ec-lmr10!
Missing character: There is no き (U+304D) in font ec-lmr10!
Missing character: There is no た (U+305F) in font ec-lmr10!
Missing character: There is no の (U+306E) in font ec-lmr10!
Missing character: There is no で (U+3067) in font ec-lmr10!
Missing character: There is no 動 (U+52D5) in font ec-lmr10!
Missing character: There is no 作 (U+4F5C) in font ec-lmr10!
Missing character: There is no 確 (U+78BA) in font ec-lmr10!
Missing character: There is no 認 (U+8A8D) in font ec-lmr10!
Missing character: There is no を (U+3092) in font ec-lmr10!
Missing character: There is no し (U+3057) in font ec-lmr10!
Missing character: There is no た (U+305F) in font ec-lmr10!
Missing character: There is no ク (U+30AF) in font ec-lmr10!
Missing character: There is no ロ (U+30ED) in font ec-lmr10!
Missing character: There is no ス (U+30B9) in font ec-lmr10!
Missing character: There is no コ (U+30B3) in font ec-lmr10!
Missing character: There is no ン (U+30F3) in font ec-lmr10!
Missing character: There is no パ (U+30D1) in font ec-lmr10!
Missing character: There is no イ (U+30A4) in font ec-lmr10!
Missing character: There is no ル (U+30EB) in font ec-lmr10!
Missing character: There is no 環 (U+74B0) in font ec-lmr10!
Missing character: There is no 境 (U+5883) in font ec-lmr10!
Missing character: There is no で (U+3067) in font ec-lmr10!
Missing character: There is no 用 (U+7528) in font ec-lmr10!
Missing character: There is no の (U+306E) in font ec-lmr10!
Missing character: There is no が (U+304C) in font ec-lmr10!
Missing character: There is no で (U+3067) in font ec-lmr10!
Missing character: There is no き (U+304D) in font ec-lmr10!
Missing character: There is no た (U+305F) in font ec-lmr10!
Missing character: There is no の (U+306E) in font ec-lmr10!
Missing character: There is no で (U+3067) in font ec-lmr10!
Missing character: There is no 動 (U+52D5) in font ec-lmr10!
Missing character: There is no 作 (U+4F5C) in font ec-lmr10!
Missing character: There is no 確 (U+78BA) in font ec-lmr10!
Missing character: There is no 認 (U+8A8D) in font ec-lmr10!
Missing character: There is no を (U+3092) in font ec-lmr10!
Missing character: There is no し (U+3057) in font ec-lmr10!
Missing character: There is no た (U+305F) in font ec-lmr10!
Missing character: There is no と (U+3068) in font ec-lmr10!
Missing character: There is no に (U+306B) in font ec-lmr10!
Missing character: There is no つ (U+3064) in font ec-lmr10!
Missing character: There is no い (U+3044) in font ec-lmr10!
Missing character: There is no て (U+3066) in font ec-lmr10!
Missing character: There is no は (U+306F) in font ec-lmr10!
Missing character: There is no ク (U+30AF) in font ec-lmr10!
Missing character: There is no ロ (U+30ED) in font ec-lmr10!
Missing character: There is no ス (U+30B9) in font ec-lmr10!
Missing character: There is no コ (U+30B3) in font ec-lmr10!
Missing character: There is no ン (U+30F3) in font ec-lmr10!
Missing character: There is no パ (U+30D1) in font ec-lmr10!
Missing character: There is no イ (U+30A4) in font ec-lmr10!
Missing character: There is no ル (U+30EB) in font ec-lmr10!
Missing character: There is no が (U+304C) in font ec-lmr10!
Missing character: There is no う (U+3046) in font ec-lmr10!
Missing character: There is no ま (U+307E) in font ec-lmr10!
Missing character: There is no く (U+304F) in font ec-lmr10!
Missing character: There is no い (U+3044) in font ec-lmr10!
Missing character: There is no か (U+304B) in font ec-lmr10!
Missing character: There is no な (U+306A) in font ec-lmr10!
Missing character: There is no か (U+304B) in font ec-lmr10!
Missing character: There is no っ (U+3063) in font ec-lmr10!
Missing character: There is no た (U+305F) in font ec-lmr10!
Missing character: There is no の (U+306E) in font ec-lmr10!
Missing character: There is no で (U+3067) in font ec-lmr10!
Missing character: There is no 、 (U+3001) in font ec-lmr10!
Missing character: There is no こ (U+3053) in font ec-lmr10!
Missing character: There is no ち (U+3061) in font ec-lmr10!
Missing character: There is no ら (U+3089) in font ec-lmr10!
Missing character: There is no は (U+306F) in font ec-lmr10!
Missing character: There is no 別 (U+5225) in font ec-lmr10!
Missing character: There is no 途 (U+9014) in font ec-lmr10!
Missing character: There is no 自 (U+81EA) in font ec-lmr10!
Missing character: There is no 分 (U+5206) in font ec-lmr10!
Missing character: There is no で (U+3067) in font ec-lmr10!
Missing character: There is no 用 (U+7528) in font ec-lmr10!
Missing character: There is no 意 (U+610F) in font ec-lmr10!
Missing character: There is no す (U+3059) in font ec-lmr10!
Missing character: There is no る (U+308B) in font ec-lmr10!
Missing character: There is no こ (U+3053) in font ec-lmr10!
Missing character: There is no と (U+3068) in font ec-lmr10!
Missing character: There is no に (U+306B) in font ec-lmr10!
Missing character: There is no す (U+3059) in font ec-lmr10!
Missing character: There is no る (U+308B) in font ec-lmr10!
Missing character: There is no 。 (U+3002) in font ec-lmr10!
Missing character: There is no と (U+3068) in font ec-lmr10!
Missing character: There is no に (U+306B) in font ec-lmr10!
Missing character: There is no つ (U+3064) in font ec-lmr10!
Missing character: There is no い (U+3044) in font ec-lmr10!
Missing character: There is no て (U+3066) in font ec-lmr10!
Missing character: There is no は (U+306F) in font ec-lmr10!
Missing character: There is no ク (U+30AF) in font ec-lmr10!
Missing character: There is no ロ (U+30ED) in font ec-lmr10!
Missing character: There is no ス (U+30B9) in font ec-lmr10!
Missing character: There is no コ (U+30B3) in font ec-lmr10!
Missing character: There is no ン (U+30F3) in font ec-lmr10!
Missing character: There is no パ (U+30D1) in font ec-lmr10!
Missing character: There is no イ (U+30A4) in font ec-lmr10!
Missing character: There is no ル (U+30EB) in font ec-lmr10!
Missing character: There is no が (U+304C) in font ec-lmr10!
Missing character: There is no う (U+3046) in font ec-lmr10!
Missing character: There is no ま (U+307E) in font ec-lmr10!
Missing character: There is no く (U+304F) in font ec-lmr10!
Missing character: There is no い (U+3044) in font ec-lmr10!
Missing character: There is no か (U+304B) in font ec-lmr10!
Missing character: There is no な (U+306A) in font ec-lmr10!
Missing character: There is no か (U+304B) in font ec-lmr10!
Missing character: There is no っ (U+3063) in font ec-lmr10!
Missing character: There is no た (U+305F) in font ec-lmr10!
Missing character: There is no の (U+306E) in font ec-lmr10!
Missing character: There is no で (U+3067) in font ec-lmr10!
Missing character: There is no 、 (U+3001) in font ec-lmr10!
Missing character: There is no こ (U+3053) in font ec-lmr10!
Missing character: There is no ち (U+3061) in font ec-lmr10!
Missing character: There is no ら (U+3089) in font ec-lmr10!
Missing character: There is no は (U+306F) in font ec-lmr10!
Missing character: There is no 別 (U+5225) in font ec-lmr10!
Missing character: There is no 途 (U+9014) in font ec-lmr10!
Missing character: There is no 自 (U+81EA) in font ec-lmr10!
Missing character: There is no 分 (U+5206) in font ec-lmr10!
Missing character: There is no で (U+3067) in font ec-lmr10!
Missing character: There is no 用 (U+7528) in font ec-lmr10!
Missing character: There is no 意 (U+610F) in font ec-lmr10!
Missing character: There is no す (U+3059) in font ec-lmr10!
Missing character: There is no る (U+308B) in font ec-lmr10!
Missing character: There is no こ (U+3053) in font ec-lmr10!
Missing character: There is no と (U+3068) in font ec-lmr10!
Missing character: There is no に (U+306B) in font ec-lmr10!
Missing character: There is no す (U+3059) in font ec-lmr10!
Missing character: There is no る (U+308B) in font ec-lmr10!
Missing character: There is no 。 (U+3002) in font ec-lmr10!

Overfull \hbox (6.55026pt too wide) in paragraph at lines 427--429
[][]$\T1/lmtt/m/n/10.95 http://www.gentoo.org/proj/en/base/embedded/handbook/?pa
rt=
 []

Missing character: There is no が (U+304C) in font ec-lmr10!
Missing character: There is no な (U+306A) in font ec-lmr10!
Missing character: There is no か (U+304B) in font ec-lmr10!
Missing character: There is no な (U+306A) in font ec-lmr10!
Missing character: There is no か (U+304B) in font ec-lmr10!
Missing character: There is no 届 (U+5C4A) in font ec-lmr10!
Missing character: There is no か (U+304B) in font ec-lmr10!
Missing character: There is no な (U+306A) in font ec-lmr10!
Missing character: There is no い (U+3044) in font ec-lmr10!
Missing character: There is no の (U+306E) in font ec-lmr10!
Missing character: There is no で (U+3067) in font ec-lmr10!
Missing character: There is no 、 (U+3001) in font ec-lmr10!
Missing character: There is no 待 (U+5F85) in font ec-lmr10!
Missing character: There is no っ (U+3063) in font ec-lmr10!
Missing character: There is no て (U+3066) in font ec-lmr10!
Missing character: There is no い (U+3044) in font ec-lmr10!
Missing character: There is no る (U+308B) in font ec-lmr10!
Missing character: There is no 間 (U+9593) in font ec-lmr10!
Missing character: There is no に (U+306B) in font ec-lmr10!
Missing character: There is no と (U+3068) in font ec-lmr10!
Missing character: There is no ま (U+307E) in font ec-lmr10!
Missing character: There is no わ (U+308F) in font ec-lmr10!
Missing character: There is no り (U+308A) in font ec-lmr10!
Missing character: There is no を (U+3092) in font ec-lmr10!
Missing character: There is no 整 (U+6574) in font ec-lmr10!
Missing character: There is no 理 (U+7406) in font ec-lmr10!
Missing character: There is no し (U+3057) in font ec-lmr10!
Missing character: There is no て (U+3066) in font ec-lmr10!
Missing character: There is no み (U+307F) in font ec-lmr10!
Missing character: There is no た (U+305F) in font ec-lmr10!
Missing character: There is no 。 (U+3002) in font ec-lmr10!
Missing character: There is no が (U+304C) in font ec-lmr10!
Missing character: There is no な (U+306A) in font ec-lmr10!
Missing character: There is no か (U+304B) in font ec-lmr10!
Missing character: There is no な (U+306A) in font ec-lmr10!
Missing character: There is no か (U+304B) in font ec-lmr10!
Missing character: There is no 届 (U+5C4A) in font ec-lmr10!
Missing character: There is no か (U+304B) in font ec-lmr10!
Missing character: There is no な (U+306A) in font ec-lmr10!
Missing character: There is no い (U+3044) in font ec-lmr10!
Missing character: There is no の (U+306E) in font ec-lmr10!
Missing character: There is no で (U+3067) in font ec-lmr10!
Missing character: There is no 、 (U+3001) in font ec-lmr10!
Missing character: There is no 待 (U+5F85) in font ec-lmr10!
Missing character: There is no っ (U+3063) in font ec-lmr10!
Missing character: There is no て (U+3066) in font ec-lmr10!
Missing character: There is no い (U+3044) in font ec-lmr10!
Missing character: There is no る (U+308B) in font ec-lmr10!
Missing character: There is no 間 (U+9593) in font ec-lmr10!
Missing character: There is no に (U+306B) in font ec-lmr10!
Missing character: There is no と (U+3068) in font ec-lmr10!
Missing character: There is no ま (U+307E) in font ec-lmr10!
Missing character: There is no わ (U+308F) in font ec-lmr10!
Missing character: There is no り (U+308A) in font ec-lmr10!
Missing character: There is no を (U+3092) in font ec-lmr10!
Missing character: There is no 整 (U+6574) in font ec-lmr10!
Missing character: There is no 理 (U+7406) in font ec-lmr10!
Missing character: There is no し (U+3057) in font ec-lmr10!
Missing character: There is no て (U+3066) in font ec-lmr10!
Missing character: There is no み (U+307F) in font ec-lmr10!
Missing character: There is no た (U+305F) in font ec-lmr10!
Missing character: There is no 。 (U+3002) in font ec-lmr10!
Missing character: There is no の (U+306E) in font ec-lmr10!
Missing character: There is no 設 (U+8A2D) in font ec-lmr10!
Missing character: There is no 定 (U+5B9A) in font ec-lmr10!
Missing character: There is no を (U+3092) in font ec-lmr10!
Missing character: There is no 助 (U+52A9) in font ec-lmr10!
Missing character: There is no け (U+3051) in font ec-lmr10!
Missing character: There is no て (U+3066) in font ec-lmr10!
Missing character: There is no く (U+304F) in font ec-lmr10!
Missing character: There is no れ (U+308C) in font ec-lmr10!
Missing character: There is no る (U+308B) in font ec-lmr10!
Missing character: There is no ツ (U+30C4) in font ec-lmr10!
Missing character: There is no ー (U+30FC) in font ec-lmr10!
Missing character: There is no ル (U+30EB) in font ec-lmr10!
Missing character: There is no の (U+306E) in font ec-lmr10!
Missing character: There is no よ (U+3088) in font ec-lmr10!
Missing character: There is no う (U+3046) in font ec-lmr10!
Missing character: There is no だ (U+3060) in font ec-lmr10!
Missing character: There is no 。 (U+3002) in font ec-lmr10!
Missing character: There is no と (U+3068) in font ec-lmr10!
Missing character: There is no い (U+3044) in font ec-lmr10!
Missing character: There is no う (U+3046) in font ec-lmr10!
Missing character: There is no も (U+3082) in font ec-lmr10!
Missing character: There is no の (U+306E) in font ec-lmr10!
Missing character: There is no で (U+3067) in font ec-lmr10!
Missing character: There is no 、 (U+3001) in font ec-lmr10!
Missing character: There is no を (U+3092) in font ec-lmr10!
Missing character: There is no 試 (U+8A66) in font ec-lmr10!
Missing character: There is no し (U+3057) in font ec-lmr10!
Missing character: There is no て (U+3066) in font ec-lmr10!
Missing character: There is no み (U+307F) in font ec-lmr10!
Missing character: There is no た (U+305F) in font ec-lmr10!
Missing character: There is no け (U+3051) in font ec-lmr10!
Missing character: There is no れ (U+308C) in font ec-lmr10!
Missing character: There is no ど (U+3069) in font ec-lmr10!
Missing character: There is no 、 (U+3001) in font ec-lmr10!
Missing character: There is no に (U+306B) in font ec-lmr10!
Missing character: There is no は (U+306F) in font ec-lmr10!
Missing character: There is no ま (U+307E) in font ec-lmr10!
Missing character: There is no だ (U+3060) in font ec-lmr10!
Missing character: There is no き (U+304D) in font ec-lmr10!
Missing character: There is no ち (U+3061) in font ec-lmr10!
Missing character: There is no ん (U+3093) in font ec-lmr10!
Missing character: There is no と (U+3068) in font ec-lmr10!
Missing character: There is no 対 (U+5BFE) in font ec-lmr10!
Missing character: There is no 応 (U+5FDC) in font ec-lmr10!
Missing character: There is no し (U+3057) in font ec-lmr10!
Missing character: There is no て (U+3066) in font ec-lmr10!
Missing character: There is no い (U+3044) in font ec-lmr10!
Missing character: There is no な (U+306A) in font ec-lmr10!
Missing character: There is no い (U+3044) in font ec-lmr10!
Missing character: There is no み (U+307F) in font ec-lmr10!
Missing character: There is no た (U+305F) in font ec-lmr10!
Missing character: There is no い (U+3044) in font ec-lmr10!
Missing character: There is no 。 (U+3002) in font ec-lmr10!
Missing character: There is no に (U+306B) in font ec-lmr10!
Missing character: There is no 次 (U+6B21) in font ec-lmr10!
Missing character: There is no の (U+306E) in font ec-lmr10!
Missing character: There is no よ (U+3088) in font ec-lmr10!
Missing character: There is no う (U+3046) in font ec-lmr10!
Missing character: There is no に (U+306B) in font ec-lmr10!
Missing character: There is no 書 (U+66F8) in font ec-lmr10!
Missing character: There is no い (U+3044) in font ec-lmr10!
Missing character: There is no て (U+3066) in font ec-lmr10!
Missing character: There is no お (U+304A) in font ec-lmr10!
Missing character: There is no い (U+3044) in font ec-lmr10!
Missing character: There is no て (U+3066) in font ec-lmr10!
Missing character: There is no と (U+3068) in font ec-lmr10!
Missing character: There is no 打 (U+6253) in font ec-lmr10!
Missing character: There is no つ (U+3064) in font ec-lmr10!
Missing character: There is no だ (U+3060) in font ec-lmr10!
Missing character: There is no け (U+3051) in font ec-lmr10!
Missing character: There is no で (U+3067) in font ec-lmr10!
Missing character: There is no 済 (U+6E08) in font ec-lmr10!
Missing character: There is no む (U+3080) in font ec-lmr10!
Missing character: There is no の (U+306E) in font ec-lmr10!
Missing character: There is no で (U+3067) in font ec-lmr10!
Missing character: There is no 楽 (U+697D) in font ec-lmr10!
Missing character: There is no で (U+3067) in font ec-lmr10!
Missing character: There is no は (U+306F) in font ec-lmr10!
Missing character: There is no あ (U+3042) in font ec-lmr10!
Missing character: There is no る (U+308B) in font ec-lmr10!
Missing character: There is no も (U+3082) in font ec-lmr10!
Missing character: There is no の (U+306E) in font ec-lmr10!
Missing character: There is no の (U+306E) in font ec-lmr10!
Missing character: There is no 、 (U+3001) in font ec-lmr10!
Missing character: There is no の (U+306E) in font ec-lmr10!
Missing character: There is no 設 (U+8A2D) in font ec-lmr10!
Missing character: There is no 定 (U+5B9A) in font ec-lmr10!
Missing character: There is no を (U+3092) in font ec-lmr10!
Missing character: There is no 助 (U+52A9) in font ec-lmr10!
Missing character: There is no け (U+3051) in font ec-lmr10!
Missing character: There is no て (U+3066) in font ec-lmr10!
Missing character: There is no く (U+304F) in font ec-lmr10!
Missing character: There is no れ (U+308C) in font ec-lmr10!
Missing character: There is no る (U+308B) in font ec-lmr10!
Missing character: There is no ツ (U+30C4) in font ec-lmr10!
Missing character: There is no ー (U+30FC) in font ec-lmr10!
Missing character: There is no ル (U+30EB) in font ec-lmr10!
Missing character: There is no の (U+306E) in font ec-lmr10!
Missing character: There is no よ (U+3088) in font ec-lmr10!
Missing character: There is no う (U+3046) in font ec-lmr10!
Missing character: There is no だ (U+3060) in font ec-lmr10!
Missing character: There is no 。 (U+3002) in font ec-lmr10!
Missing character: There is no と (U+3068) in font ec-lmr10!
Missing character: There is no い (U+3044) in font ec-lmr10!
Missing character: There is no う (U+3046) in font ec-lmr10!
Missing character: There is no も (U+3082) in font ec-lmr10!
Missing character: There is no の (U+306E) in font ec-lmr10!
Missing character: There is no で (U+3067) in font ec-lmr10!
Missing character: There is no 、 (U+3001) in font ec-lmr10!
Missing character: There is no を (U+3092) in font ec-lmr10!
Missing character: There is no 試 (U+8A66) in font ec-lmr10!
Missing character: There is no し (U+3057) in font ec-lmr10!
Missing character: There is no て (U+3066) in font ec-lmr10!
Missing character: There is no み (U+307F) in font ec-lmr10!
Missing character: There is no た (U+305F) in font ec-lmr10!
Missing character: There is no け (U+3051) in font ec-lmr10!
Missing character: There is no れ (U+308C) in font ec-lmr10!
Missing character: There is no ど (U+3069) in font ec-lmr10!
Missing character: There is no 、 (U+3001) in font ec-lmr10!
Missing character: There is no に (U+306B) in font ec-lmr10!
Missing character: There is no は (U+306F) in font ec-lmr10!
Missing character: There is no ま (U+307E) in font ec-lmr10!
Missing character: There is no だ (U+3060) in font ec-lmr10!
Missing character: There is no き (U+304D) in font ec-lmr10!
Missing character: There is no ち (U+3061) in font ec-lmr10!
Missing character: There is no ん (U+3093) in font ec-lmr10!
Missing character: There is no と (U+3068) in font ec-lmr10!
Missing character: There is no 対 (U+5BFE) in font ec-lmr10!
Missing character: There is no 応 (U+5FDC) in font ec-lmr10!
Missing character: There is no し (U+3057) in font ec-lmr10!
Missing character: There is no て (U+3066) in font ec-lmr10!
Missing character: There is no い (U+3044) in font ec-lmr10!
Missing character: There is no な (U+306A) in font ec-lmr10!
Missing character: There is no い (U+3044) in font ec-lmr10!
Missing character: There is no み (U+307F) in font ec-lmr10!
Missing character: There is no た (U+305F) in font ec-lmr10!
Missing character: There is no い (U+3044) in font ec-lmr10!
Missing character: There is no 。 (U+3002) in font ec-lmr10!
Missing character: There is no に (U+306B) in font ec-lmr10!
Missing character: There is no 次 (U+6B21) in font ec-lmr10!
Missing character: There is no の (U+306E) in font ec-lmr10!
Missing character: There is no よ (U+3088) in font ec-lmr10!
Missing character: There is no う (U+3046) in font ec-lmr10!
Missing character: There is no に (U+306B) in font ec-lmr10!
Missing character: There is no 書 (U+66F8) in font ec-lmr10!
Missing character: There is no い (U+3044) in font ec-lmr10!
Missing character: There is no て (U+3066) in font ec-lmr10!
Missing character: There is no お (U+304A) in font ec-lmr10!
Missing character: There is no い (U+3044) in font ec-lmr10!
Missing character: There is no て (U+3066) in font ec-lmr10!
Missing character: There is no と (U+3068) in font ec-lmr10!
Missing character: There is no 打 (U+6253) in font ec-lmr10!
Missing character: There is no つ (U+3064) in font ec-lmr10!
Missing character: There is no だ (U+3060) in font ec-lmr10!
Missing character: There is no け (U+3051) in font ec-lmr10!
Missing character: There is no で (U+3067) in font ec-lmr10!
Missing character: There is no 済 (U+6E08) in font ec-lmr10!
Missing character: There is no む (U+3080) in font ec-lmr10!
Missing character: There is no の (U+306E) in font ec-lmr10!
Missing character: There is no で (U+3067) in font ec-lmr10!
Missing character: There is no 楽 (U+697D) in font ec-lmr10!
Missing character: There is no で (U+3067) in font ec-lmr10!
Missing character: There is no は (U+306F) in font ec-lmr10!
Missing character: There is no あ (U+3042) in font ec-lmr10!
Missing character: There is no る (U+308B) in font ec-lmr10!
Missing character: There is no も (U+3082) in font ec-lmr10!
Missing character: There is no の (U+306E) in font ec-lmr10!
Missing character: There is no の (U+306E) in font ec-lmr10!
Missing character: There is no 、 (U+3001) in font ec-lmr10!
Missing character: There is no の (U+306E) in font ec-lmr10!
Missing character: There is no ほ (U+307B) in font ec-lmr10!
Missing character: There is no う (U+3046) in font ec-lmr10!
Missing character: There is no は (U+306F) in font ec-lmr10!
Missing character: There is no 利 (U+5229) in font ec-lmr10!
Missing character: There is no 用 (U+7528) in font ec-lmr10!
Missing character: There is no 側 (U+5074) in font ec-lmr10!
Missing character: There is no の (U+306E) in font ec-lmr10!
Missing character: There is no が (U+304C) in font ec-lmr10!
Missing character: There is no 無 (U+7121) in font ec-lmr10!
Missing character: There is no 理 (U+7406) in font ec-lmr10!
Missing character: There is no や (U+3084) in font ec-lmr10!
Missing character: There is no り (U+308A) in font ec-lmr10!
Missing character: There is no 埋 (U+57CB) in font ec-lmr10!
Missing character: There is no め (U+3081) in font ec-lmr10!
Missing character: There is no 込 (U+8FBC) in font ec-lmr10!
Missing character: There is no ま (U+307E) in font ec-lmr10!
Missing character: There is no れ (U+308C) in font ec-lmr10!
Missing character: There is no て (U+3066) in font ec-lmr10!
Missing character: There is no し (U+3057) in font ec-lmr10!
Missing character: There is no ま (U+307E) in font ec-lmr10!
Missing character: There is no っ (U+3063) in font ec-lmr10!
Missing character: There is no て (U+3066) in font ec-lmr10!
Missing character: There is no い (U+3044) in font ec-lmr10!
Missing character: There is no る (U+308B) in font ec-lmr10!
Missing character: There is no の (U+306E) in font ec-lmr10!
Missing character: There is no で (U+3067) in font ec-lmr10!
Missing character: There is no 、 (U+3001) in font ec-lmr10!
Missing character: There is no 少 (U+5C11) in font ec-lmr10!
Missing character: There is no し (U+3057) in font ec-lmr10!
Missing character: There is no 手 (U+624B) in font ec-lmr10!
Missing character: There is no 直 (U+76F4) in font ec-lmr10!
Missing character: There is no し (U+3057) in font ec-lmr10!
Missing character: There is no が (U+304C) in font ec-lmr10!
Missing character: There is no 必 (U+5FC5) in font ec-lmr10!
Missing character: There is no 要 (U+8981) in font ec-lmr10!
Missing character: There is no に (U+306B) in font ec-lmr10!
Missing character: There is no な (U+306A) in font ec-lmr10!
Missing character: There is no る (U+308B) in font ec-lmr10!
Missing character: There is no 。 (U+3002) in font ec-lmr10!
Missing character: There is no を (U+3092) in font ec-lmr10!
Missing character: There is no 手 (U+624B) in font ec-lmr10!
Missing character: There is no で (U+3067) in font ec-lmr10!
Missing character: There is no 修 (U+4FEE) in font ec-lmr10!
Missing character: There is no 正 (U+6B63) in font ec-lmr10!
Missing character: There is no す (U+3059) in font ec-lmr10!
Missing character: There is no れ (U+308C) in font ec-lmr10!
Missing character: There is no ば (U+3070) in font ec-lmr10!
Missing character: There is no 大 (U+5927) in font ec-lmr10!
Missing character: There is no 丈 (U+4E08) in font ec-lmr10!
Missing character: There is no 夫 (U+592B) in font ec-lmr10!
Missing character: There is no 。 (U+3002) in font ec-lmr10!
Missing character: There is no の (U+306E) in font ec-lmr10!
Missing character: There is no 設 (U+8A2D) in font ec-lmr10!
Missing character: There is no 定 (U+5B9A) in font ec-lmr10!
Missing character: There is no を (U+3092) in font ec-lmr10!
Missing character: There is no 助 (U+52A9) in font ec-lmr10!
Missing character: There is no け (U+3051) in font ec-lmr10!
Missing character: There is no て (U+3066) in font ec-lmr10!
Missing character: There is no く (U+304F) in font ec-lmr10!
Missing character: There is no れ (U+308C) in font ec-lmr10!
Missing character: There is no る (U+308B) in font ec-lmr10!
Missing character: There is no ツ (U+30C4) in font ec-lmr10!
Missing character: There is no ー (U+30FC) in font ec-lmr10!
Missing character: There is no ル (U+30EB) in font ec-lmr10!
Missing character: There is no の (U+306E) in font ec-lmr10!
Missing character: There is no よ (U+3088) in font ec-lmr10!
Missing character: There is no う (U+3046) in font ec-lmr10!
Missing character: There is no だ (U+3060) in font ec-lmr10!
Missing character: There is no 。 (U+3002) in font ec-lmr10!
Missing character: There is no と (U+3068) in font ec-lmr10!
Missing character: There is no い (U+3044) in font ec-lmr10!
Missing character: There is no う (U+3046) in font ec-lmr10!
Missing character: There is no も (U+3082) in font ec-lmr10!
Missing character: There is no の (U+306E) in font ec-lmr10!
Missing character: There is no で (U+3067) in font ec-lmr10!
Missing character: There is no 、 (U+3001) in font ec-lmr10!
Missing character: There is no を (U+3092) in font ec-lmr10!
Missing character: There is no 試 (U+8A66) in font ec-lmr10!
Missing character: There is no し (U+3057) in font ec-lmr10!
Missing character: There is no て (U+3066) in font ec-lmr10!
Missing character: There is no み (U+307F) in font ec-lmr10!
Missing character: There is no た (U+305F) in font ec-lmr10!
Missing character: There is no け (U+3051) in font ec-lmr10!
Missing character: There is no れ (U+308C) in font ec-lmr10!
Missing character: There is no ど (U+3069) in font ec-lmr10!
Missing character: There is no 、 (U+3001) in font ec-lmr10!
Missing character: There is no に (U+306B) in font ec-lmr10!
Missing character: There is no は (U+306F) in font ec-lmr10!
Missing character: There is no ま (U+307E) in font ec-lmr10!
Missing character: There is no だ (U+3060) in font ec-lmr10!
Missing character: There is no き (U+304D) in font ec-lmr10!
Missing character: There is no ち (U+3061) in font ec-lmr10!
Missing character: There is no ん (U+3093) in font ec-lmr10!
Missing character: There is no と (U+3068) in font ec-lmr10!
Missing character: There is no 対 (U+5BFE) in font ec-lmr10!
Missing character: There is no 応 (U+5FDC) in font ec-lmr10!
Missing character: There is no し (U+3057) in font ec-lmr10!
Missing character: There is no て (U+3066) in font ec-lmr10!
Missing character: There is no い (U+3044) in font ec-lmr10!
Missing character: There is no な (U+306A) in font ec-lmr10!
Missing character: There is no い (U+3044) in font ec-lmr10!
Missing character: There is no み (U+307F) in font ec-lmr10!
Missing character: There is no た (U+305F) in font ec-lmr10!
Missing character: There is no い (U+3044) in font ec-lmr10!
Missing character: There is no 。 (U+3002) in font ec-lmr10!
Missing character: There is no に (U+306B) in font ec-lmr10!
Missing character: There is no 次 (U+6B21) in font ec-lmr10!
Missing character: There is no の (U+306E) in font ec-lmr10!
Missing character: There is no よ (U+3088) in font ec-lmr10!
Missing character: There is no う (U+3046) in font ec-lmr10!
Missing character: There is no に (U+306B) in font ec-lmr10!
Missing character: There is no 書 (U+66F8) in font ec-lmr10!
Missing character: There is no い (U+3044) in font ec-lmr10!
Missing character: There is no て (U+3066) in font ec-lmr10!
Missing character: There is no お (U+304A) in font ec-lmr10!
Missing character: There is no い (U+3044) in font ec-lmr10!
Missing character: There is no て (U+3066) in font ec-lmr10!
Missing character: There is no と (U+3068) in font ec-lmr10!
Missing character: There is no 打 (U+6253) in font ec-lmr10!
Missing character: There is no つ (U+3064) in font ec-lmr10!
Missing character: There is no だ (U+3060) in font ec-lmr10!
Missing character: There is no け (U+3051) in font ec-lmr10!
Missing character: There is no で (U+3067) in font ec-lmr10!
Missing character: There is no 済 (U+6E08) in font ec-lmr10!
Missing character: There is no む (U+3080) in font ec-lmr10!
Missing character: There is no の (U+306E) in font ec-lmr10!
Missing character: There is no で (U+3067) in font ec-lmr10!
Missing character: There is no 楽 (U+697D) in font ec-lmr10!
Missing character: There is no で (U+3067) in font ec-lmr10!
Missing character: There is no は (U+306F) in font ec-lmr10!
Missing character: There is no あ (U+3042) in font ec-lmr10!
Missing character: There is no る (U+308B) in font ec-lmr10!
Missing character: There is no も (U+3082) in font ec-lmr10!
Missing character: There is no の (U+306E) in font ec-lmr10!
Missing character: There is no の (U+306E) in font ec-lmr10!
Missing character: There is no 、 (U+3001) in font ec-lmr10!
Missing character: There is no の (U+306E) in font ec-lmr10!
Missing character: There is no ほ (U+307B) in font ec-lmr10!
Missing character: There is no う (U+3046) in font ec-lmr10!
Missing character: There is no は (U+306F) in font ec-lmr10!
Missing character: There is no 利 (U+5229) in font ec-lmr10!
Missing character: There is no 用 (U+7528) in font ec-lmr10!
Missing character: There is no 側 (U+5074) in font ec-lmr10!
Missing character: There is no の (U+306E) in font ec-lmr10!
Missing character: There is no が (U+304C) in font ec-lmr10!
Missing character: There is no 無 (U+7121) in font ec-lmr10!
Missing character: There is no 理 (U+7406) in font ec-lmr10!
Missing character: There is no や (U+3084) in font ec-lmr10!
Missing character: There is no り (U+308A) in font ec-lmr10!
Missing character: There is no 埋 (U+57CB) in font ec-lmr10!
Missing character: There is no め (U+3081) in font ec-lmr10!
Missing character: There is no 込 (U+8FBC) in font ec-lmr10!
Missing character: There is no ま (U+307E) in font ec-lmr10!
Missing character: There is no れ (U+308C) in font ec-lmr10!
Missing character: There is no て (U+3066) in font ec-lmr10!
Missing character: There is no し (U+3057) in font ec-lmr10!
Missing character: There is no ま (U+307E) in font ec-lmr10!
Missing character: There is no っ (U+3063) in font ec-lmr10!
Missing character: There is no て (U+3066) in font ec-lmr10!
Missing character: There is no い (U+3044) in font ec-lmr10!
Missing character: There is no る (U+308B) in font ec-lmr10!
Missing character: There is no の (U+306E) in font ec-lmr10!
Missing character: There is no で (U+3067) in font ec-lmr10!
Missing character: There is no 、 (U+3001) in font ec-lmr10!
Missing character: There is no 少 (U+5C11) in font ec-lmr10!
Missing character: There is no し (U+3057) in font ec-lmr10!
Missing character: There is no 手 (U+624B) in font ec-lmr10!
Missing character: There is no 直 (U+76F4) in font ec-lmr10!
Missing character: There is no し (U+3057) in font ec-lmr10!
Missing character: There is no が (U+304C) in font ec-lmr10!
Missing character: There is no 必 (U+5FC5) in font ec-lmr10!
Missing character: There is no 要 (U+8981) in font ec-lmr10!
Missing character: There is no に (U+306B) in font ec-lmr10!
Missing character: There is no な (U+306A) in font ec-lmr10!
Missing character: There is no る (U+308B) in font ec-lmr10!
Missing character: There is no 。 (U+3002) in font ec-lmr10!
Missing character: There is no を (U+3092) in font ec-lmr10!
Missing character: There is no 手 (U+624B) in font ec-lmr10!
Missing character: There is no で (U+3067) in font ec-lmr10!
Missing character: There is no 修 (U+4FEE) in font ec-lmr10!
Missing character: There is no 正 (U+6B63) in font ec-lmr10!
Missing character: There is no す (U+3059) in font ec-lmr10!
Missing character: There is no れ (U+308C) in font ec-lmr10!
Missing character: There is no ば (U+3070) in font ec-lmr10!
Missing character: There is no 大 (U+5927) in font ec-lmr10!
Missing character: There is no 丈 (U+4E08) in font ec-lmr10!
Missing character: There is no 夫 (U+592B) in font ec-lmr10!
Missing character: There is no 。 (U+3002) in font ec-lmr10!

Overfull \hbox (65.40628pt too wide) in paragraph at lines 460--460
[]    \T1/lmtt/m/n/10.95 params += crypt_root=/dev/sdc2 root_keydev=/dev/sde1 ro
ot_key=/keyfile[] 
 []

[9
Missing character: There is no 日 (U+65E5) in font ec-lmbx10!
Missing character: There is no 目 (U+76EE) in font ec-lmbx10!
Missing character: There is no ク (U+30AF) in font ec-lmr10!
Missing character: There is no ロ (U+30ED) in font ec-lmr10!
Missing character: There is no ス (U+30B9) in font ec-lmr10!
Missing character: There is no コ (U+30B3) in font ec-lmr10!
Missing character: There is no ン (U+30F3) in font ec-lmr10!
Missing character: There is no パ (U+30D1) in font ec-lmr10!
Missing character: There is no イ (U+30A4) in font ec-lmr10!
Missing character: There is no ル (U+30EB) in font ec-lmr10!
Missing character: There is no 環 (U+74B0) in font ec-lmr10!
Missing character: There is no 境 (U+5883) in font ec-lmr10!
Missing character: There is no で (U+3067) in font ec-lmr10!
Missing character: There is no 用 (U+7528) in font ec-lmr10!
Missing character: There is no の (U+306E) in font ec-lmr10!
Missing character: There is no が (U+304C) in font ec-lmr10!
Missing character: There is no で (U+3067) in font ec-lmr10!
Missing character: There is no き (U+304D) in font ec-lmr10!
Missing character: There is no た (U+305F) in font ec-lmr10!
Missing character: There is no の (U+306E) in font ec-lmr10!
Missing character: There is no で (U+3067) in font ec-lmr10!
Missing character: There is no 動 (U+52D5) in font ec-lmr10!
Missing character: There is no 作 (U+4F5C) in font ec-lmr10!
Missing character: There is no 確 (U+78BA) in font ec-lmr10!
Missing character: There is no 認 (U+8A8D) in font ec-lmr10!
Missing character: There is no を (U+3092) in font ec-lmr10!
Missing character: There is no し (U+3057) in font ec-lmr10!
Missing character: There is no た (U+305F) in font ec-lmr10!
Missing character: There is no ク (U+30AF) in font ec-lmr10!
Missing character: There is no ロ (U+30ED) in font ec-lmr10!
Missing character: There is no ス (U+30B9) in font ec-lmr10!
Missing character: There is no コ (U+30B3) in font ec-lmr10!
Missing character: There is no ン (U+30F3) in font ec-lmr10!
Missing character: There is no パ (U+30D1) in font ec-lmr10!
Missing character: There is no イ (U+30A4) in font ec-lmr10!
Missing character: There is no ル (U+30EB) in font ec-lmr10!
Missing character: There is no 環 (U+74B0) in font ec-lmr10!
Missing character: There is no 境 (U+5883) in font ec-lmr10!
Missing character: There is no で (U+3067) in font ec-lmr10!
Missing character: There is no 用 (U+7528) in font ec-lmr10!
Missing character: There is no の (U+306E) in font ec-lmr10!
Missing character: There is no が (U+304C) in font ec-lmr10!
Missing character: There is no で (U+3067) in font ec-lmr10!
Missing character: There is no き (U+304D) in font ec-lmr10!
Missing character: There is no た (U+305F) in font ec-lmr10!
Missing character: There is no の (U+306E) in font ec-lmr10!
Missing character: There is no で (U+3067) in font ec-lmr10!
Missing character: There is no 動 (U+52D5) in font ec-lmr10!
Missing character: There is no 作 (U+4F5C) in font ec-lmr10!
Missing character: There is no 確 (U+78BA) in font ec-lmr10!
Missing character: There is no 認 (U+8A8D) in font ec-lmr10!
Missing character: There is no を (U+3092) in font ec-lmr10!
Missing character: There is no し (U+3057) in font ec-lmr10!
Missing character: There is no た (U+305F) in font ec-lmr10!
Missing character: There is no と (U+3068) in font ec-lmr10!
Missing character: There is no に (U+306B) in font ec-lmr10!
Missing character: There is no つ (U+3064) in font ec-lmr10!
Missing character: There is no い (U+3044) in font ec-lmr10!
Missing character: There is no て (U+3066) in font ec-lmr10!
Missing character: There is no は (U+306F) in font ec-lmr10!
Missing character: There is no ク (U+30AF) in font ec-lmr10!
Missing character: There is no ロ (U+30ED) in font ec-lmr10!
Missing character: There is no ス (U+30B9) in font ec-lmr10!
Missing character: There is no コ (U+30B3) in font ec-lmr10!
Missing character: There is no ン (U+30F3) in font ec-lmr10!
Missing character: There is no パ (U+30D1) in font ec-lmr10!
Missing character: There is no イ (U+30A4) in font ec-lmr10!
Missing character: There is no ル (U+30EB) in font ec-lmr10!
Missing character: There is no が (U+304C) in font ec-lmr10!
Missing character: There is no う (U+3046) in font ec-lmr10!
Missing character: There is no ま (U+307E) in font ec-lmr10!
Missing character: There is no く (U+304F) in font ec-lmr10!
Missing character: There is no い (U+3044) in font ec-lmr10!
Missing character: There is no か (U+304B) in font ec-lmr10!
Missing character: There is no な (U+306A) in font ec-lmr10!
Missing character: There is no か (U+304B) in font ec-lmr10!
Missing character: There is no っ (U+3063) in font ec-lmr10!
Missing character: There is no た (U+305F) in font ec-lmr10!
Missing character: There is no の (U+306E) in font ec-lmr10!
Missing character: There is no で (U+3067) in font ec-lmr10!
Missing character: There is no 、 (U+3001) in font ec-lmr10!
Missing character: There is no こ (U+3053) in font ec-lmr10!
Missing character: There is no ち (U+3061) in font ec-lmr10!
Missing character: There is no ら (U+3089) in font ec-lmr10!
Missing character: There is no は (U+306F) in font ec-lmr10!
Missing character: There is no 別 (U+5225) in font ec-lmr10!
Missing character: There is no 途 (U+9014) in font ec-lmr10!
Missing character: There is no 自 (U+81EA) in font ec-lmr10!
Missing character: There is no 分 (U+5206) in font ec-lmr10!
Missing character: There is no で (U+3067) in font ec-lmr10!
Missing character: There is no 用 (U+7528) in font ec-lmr10!
Missing character: There is no 意 (U+610F) in font ec-lmr10!
Missing character: There is no す (U+3059) in font ec-lmr10!
Missing character: There is no る (U+308B) in font ec-lmr10!
Missing character: There is no こ (U+3053) in font ec-lmr10!
Missing character: There is no と (U+3068) in font ec-lmr10!
Missing character: There is no に (U+306B) in font ec-lmr10!
Missing character: There is no す (U+3059) in font ec-lmr10!
Missing character: There is no る (U+308B) in font ec-lmr10!
Missing character: There is no 。 (U+3002) in font ec-lmr10!
Missing character: There is no が (U+304C) in font ec-lmr10!
Missing character: There is no な (U+306A) in font ec-lmr10!
Missing character: There is no か (U+304B) in font ec-lmr10!
Missing character: There is no な (U+306A) in font ec-lmr10!
Missing character: There is no か (U+304B) in font ec-lmr10!
Missing character: There is no 届 (U+5C4A) in font ec-lmr10!
Missing character: There is no か (U+304B) in font ec-lmr10!
Missing character: There is no な (U+306A) in font ec-lmr10!
Missing character: There is no い (U+3044) in font ec-lmr10!
Missing character: There is no の (U+306E) in font ec-lmr10!
Missing character: There is no で (U+3067) in font ec-lmr10!
Missing character: There is no 、 (U+3001) in font ec-lmr10!
Missing character: There is no 待 (U+5F85) in font ec-lmr10!
Missing character: There is no っ (U+3063) in font ec-lmr10!
Missing character: There is no て (U+3066) in font ec-lmr10!
Missing character: There is no い (U+3044) in font ec-lmr10!
Missing character: There is no る (U+308B) in font ec-lmr10!
Missing character: There is no 間 (U+9593) in font ec-lmr10!
Missing character: There is no に (U+306B) in font ec-lmr10!
Missing character: There is no と (U+3068) in font ec-lmr10!
Missing character: There is no ま (U+307E) in font ec-lmr10!
Missing character: There is no わ (U+308F) in font ec-lmr10!
Missing character: There is no り (U+308A) in font ec-lmr10!
Missing character: There is no を (U+3092) in font ec-lmr10!
Missing character: There is no 整 (U+6574) in font ec-lmr10!
Missing character: There is no 理 (U+7406) in font ec-lmr10!
Missing character: There is no し (U+3057) in font ec-lmr10!
Missing character: There is no て (U+3066) in font ec-lmr10!
Missing character: There is no み (U+307F) in font ec-lmr10!
Missing character: There is no た (U+305F) in font ec-lmr10!
Missing character: There is no 。 (U+3002) in font ec-lmr10!
Missing character: There is no の (U+306E) in font ec-lmr10!
Missing character: There is no 設 (U+8A2D) in font ec-lmr10!
Missing character: There is no 定 (U+5B9A) in font ec-lmr10!
Missing character: There is no を (U+3092) in font ec-lmr10!
Missing character: There is no 助 (U+52A9) in font ec-lmr10!
Missing character: There is no け (U+3051) in font ec-lmr10!
Missing character: There is no て (U+3066) in font ec-lmr10!
Missing character: There is no く (U+304F) in font ec-lmr10!
Missing character: There is no れ (U+308C) in font ec-lmr10!
Missing character: There is no る (U+308B) in font ec-lmr10!
Missing character: There is no ツ (U+30C4) in font ec-lmr10!
Missing character: There is no ー (U+30FC) in font ec-lmr10!
Missing character: There is no ル (U+30EB) in font ec-lmr10!
Missing character: There is no の (U+306E) in font ec-lmr10!
Missing character: There is no よ (U+3088) in font ec-lmr10!
Missing character: There is no う (U+3046) in font ec-lmr10!
Missing character: There is no だ (U+3060) in font ec-lmr10!
Missing character: There is no 。 (U+3002) in font ec-lmr10!
Missing character: There is no と (U+3068) in font ec-lmr10!
Missing character: There is no い (U+3044) in font ec-lmr10!
Missing character: There is no う (U+3046) in font ec-lmr10!
Missing character: There is no も (U+3082) in font ec-lmr10!
Missing character: There is no の (U+306E) in font ec-lmr10!
Missing character: There is no で (U+3067) in font ec-lmr10!
Missing character: There is no 、 (U+3001) in font ec-lmr10!
Missing character: There is no を (U+3092) in font ec-lmr10!
Missing character: There is no 試 (U+8A66) in font ec-lmr10!
Missing character: There is no し (U+3057) in font ec-lmr10!
Missing character: There is no て (U+3066) in font ec-lmr10!
Missing character: There is no み (U+307F) in font ec-lmr10!
Missing character: There is no た (U+305F) in font ec-lmr10!
Missing character: There is no け (U+3051) in font ec-lmr10!
Missing character: There is no れ (U+308C) in font ec-lmr10!
Missing character: There is no ど (U+3069) in font ec-lmr10!
Missing character: There is no 、 (U+3001) in font ec-lmr10!
Missing character: There is no に (U+306B) in font ec-lmr10!
Missing character: There is no は (U+306F) in font ec-lmr10!
Missing character: There is no ま (U+307E) in font ec-lmr10!
Missing character: There is no だ (U+3060) in font ec-lmr10!
Missing character: There is no き (U+304D) in font ec-lmr10!
Missing character: There is no ち (U+3061) in font ec-lmr10!
Missing character: There is no ん (U+3093) in font ec-lmr10!
Missing character: There is no と (U+3068) in font ec-lmr10!
Missing character: There is no 対 (U+5BFE) in font ec-lmr10!
Missing character: There is no 応 (U+5FDC) in font ec-lmr10!
Missing character: There is no し (U+3057) in font ec-lmr10!
Missing character: There is no て (U+3066) in font ec-lmr10!
Missing character: There is no い (U+3044) in font ec-lmr10!
Missing character: There is no な (U+306A) in font ec-lmr10!
Missing character: There is no い (U+3044) in font ec-lmr10!
Missing character: There is no み (U+307F) in font ec-lmr10!
Missing character: There is no た (U+305F) in font ec-lmr10!
Missing character: There is no い (U+3044) in font ec-lmr10!
Missing character: There is no 。 (U+3002) in font ec-lmr10!
Missing character: There is no に (U+306B) in font ec-lmr10!
Missing character: There is no 次 (U+6B21) in font ec-lmr10!
Missing character: There is no の (U+306E) in font ec-lmr10!
Missing character: There is no よ (U+3088) in font ec-lmr10!
Missing character: There is no う (U+3046) in font ec-lmr10!
Missing character: There is no に (U+306B) in font ec-lmr10!
Missing character: There is no 書 (U+66F8) in font ec-lmr10!
Missing character: There is no い (U+3044) in font ec-lmr10!
Missing character: There is no て (U+3066) in font ec-lmr10!
Missing character: There is no お (U+304A) in font ec-lmr10!
Missing character: There is no い (U+3044) in font ec-lmr10!
Missing character: There is no て (U+3066) in font ec-lmr10!
Missing character: There is no と (U+3068) in font ec-lmr10!
Missing character: There is no 打 (U+6253) in font ec-lmr10!
Missing character: There is no つ (U+3064) in font ec-lmr10!
Missing character: There is no だ (U+3060) in font ec-lmr10!
Missing character: There is no け (U+3051) in font ec-lmr10!
Missing character: There is no で (U+3067) in font ec-lmr10!
Missing character: There is no 済 (U+6E08) in font ec-lmr10!
Missing character: There is no む (U+3080) in font ec-lmr10!
Missing character: There is no の (U+306E) in font ec-lmr10!
Missing character: There is no で (U+3067) in font ec-lmr10!
Missing character: There is no 楽 (U+697D) in font ec-lmr10!
Missing character: There is no で (U+3067) in font ec-lmr10!
Missing character: There is no は (U+306F) in font ec-lmr10!
Missing character: There is no あ (U+3042) in font ec-lmr10!
Missing character: There is no る (U+308B) in font ec-lmr10!
Missing character: There is no も (U+3082) in font ec-lmr10!
Missing character: There is no の (U+306E) in font ec-lmr10!
Missing character: There is no の (U+306E) in font ec-lmr10!
Missing character: There is no 、 (U+3001) in font ec-lmr10!
Missing character: There is no の (U+306E) in font ec-lmr10!
Missing character: There is no ほ (U+307B) in font ec-lmr10!
Missing character: There is no う (U+3046) in font ec-lmr10!
Missing character: There is no は (U+306F) in font ec-lmr10!
Missing character: There is no 利 (U+5229) in font ec-lmr10!
Missing character: There is no 用 (U+7528) in font ec-lmr10!
Missing character: There is no 側 (U+5074) in font ec-lmr10!
Missing character: There is no の (U+306E) in font ec-lmr10!
Missing character: There is no が (U+304C) in font ec-lmr10!
Missing character: There is no 無 (U+7121) in font ec-lmr10!
Missing character: There is no 理 (U+7406) in font ec-lmr10!
Missing character: There is no や (U+3084) in font ec-lmr10!
Missing character: There is no り (U+308A) in font ec-lmr10!
Missing character: There is no 埋 (U+57CB) in font ec-lmr10!
Missing character: There is no め (U+3081) in font ec-lmr10!
Missing character: There is no 込 (U+8FBC) in font ec-lmr10!
Missing character: There is no ま (U+307E) in font ec-lmr10!
Missing character: There is no れ (U+308C) in font ec-lmr10!
Missing character: There is no て (U+3066) in font ec-lmr10!
Missing character: There is no し (U+3057) in font ec-lmr10!
Missing character: There is no ま (U+307E) in font ec-lmr10!
Missing character: There is no っ (U+3063) in font ec-lmr10!
Missing character: There is no て (U+3066) in font ec-lmr10!
Missing character: There is no い (U+3044) in font ec-lmr10!
Missing character: There is no る (U+308B) in font ec-lmr10!
Missing character: There is no の (U+306E) in font ec-lmr10!
Missing character: There is no で (U+3067) in font ec-lmr10!
Missing character: There is no 、 (U+3001) in font ec-lmr10!
Missing character: There is no 少 (U+5C11) in font ec-lmr10!
Missing character: There is no し (U+3057) in font ec-lmr10!
Missing character: There is no 手 (U+624B) in font ec-lmr10!
Missing character: There is no 直 (U+76F4) in font ec-lmr10!
Missing character: There is no し (U+3057) in font ec-lmr10!
Missing character: There is no が (U+304C) in font ec-lmr10!
Missing character: There is no 必 (U+5FC5) in font ec-lmr10!
Missing character: There is no 要 (U+8981) in font ec-lmr10!
Missing character: There is no に (U+306B) in font ec-lmr10!
Missing character: There is no な (U+306A) in font ec-lmr10!
Missing character: There is no る (U+308B) in font ec-lmr10!
Missing character: There is no 。 (U+3002) in font ec-lmr10!
Missing character: There is no を (U+3092) in font ec-lmr10!
Missing character: There is no 手 (U+624B) in font ec-lmr10!
Missing character: There is no で (U+3067) in font ec-lmr10!
Missing character: There is no 修 (U+4FEE) in font ec-lmr10!
Missing character: There is no 正 (U+6B63) in font ec-lmr10!
Missing character: There is no す (U+3059) in font ec-lmr10!
Missing character: There is no れ (U+308C) in font ec-lmr10!
Missing character: There is no ば (U+3070) in font ec-lmr10!
Missing character: There is no 大 (U+5927) in font ec-lmr10!
Missing character: There is no 丈 (U+4E08) in font ec-lmr10!
Missing character: There is no 夫 (U+592B) in font ec-lmr10!
Missing character: There is no 。 (U+3002) in font ec-lmr10!
]
Missing character: There is no し (U+3057) in font ec-lmr10!
Missing character: There is no ば (U+3070) in font ec-lmr10!
Missing character: There is no ら (U+3089) in font ec-lmr10!
Missing character: There is no く (U+304F) in font ec-lmr10!
Missing character: There is no 放 (U+653E) in font ec-lmr10!
Missing character: There is no 置 (U+7F6E) in font ec-lmr10!
Missing character: There is no し (U+3057) in font ec-lmr10!
Missing character: There is no て (U+3066) in font ec-lmr10!
Missing character: There is no い (U+3044) in font ec-lmr10!
Missing character: There is no た (U+305F) in font ec-lmr10!
Missing character: There is no の (U+306E) in font ec-lmr10!
Missing character: There is no で (U+3067) in font ec-lmr10!
Missing character: There is no 、 (U+3001) in font ec-lmr10!
Missing character: There is no そ (U+305D) in font ec-lmr10!
Missing character: There is no ろ (U+308D) in font ec-lmr10!
Missing character: There is no そ (U+305D) in font ec-lmr10!
Missing character: There is no ろ (U+308D) in font ec-lmr10!
Missing character: There is no と (U+3068) in font ec-lmr10!
Missing character: There is no 思 (U+601D) in font ec-lmr10!
Missing character: There is no い (U+3044) in font ec-lmr10!
Missing character: There is no 試 (U+8A66) in font ec-lmr10!
Missing character: There is no し (U+3057) in font ec-lmr10!
Missing character: There is no て (U+3066) in font ec-lmr10!
Missing character: There is no み (U+307F) in font ec-lmr10!
Missing character: There is no る (U+308B) in font ec-lmr10!
Missing character: There is no こ (U+3053) in font ec-lmr10!
Missing character: There is no と (U+3068) in font ec-lmr10!
Missing character: There is no に (U+306B) in font ec-lmr10!
Missing character: There is no し (U+3057) in font ec-lmr10!
Missing character: There is no た (U+305F) in font ec-lmr10!
Missing character: There is no 。 (U+3002) in font ec-lmr10!
Missing character: There is no し (U+3057) in font ec-lmr10!
Missing character: There is no ば (U+3070) in font ec-lmr10!
Missing character: There is no ら (U+3089) in font ec-lmr10!
Missing character: There is no く (U+304F) in font ec-lmr10!
Missing character: There is no 放 (U+653E) in font ec-lmr10!
Missing character: There is no 置 (U+7F6E) in font ec-lmr10!
Missing character: There is no し (U+3057) in font ec-lmr10!
Missing character: There is no て (U+3066) in font ec-lmr10!
Missing character: There is no い (U+3044) in font ec-lmr10!
Missing character: There is no た (U+305F) in font ec-lmr10!
Missing character: There is no の (U+306E) in font ec-lmr10!
Missing character: There is no で (U+3067) in font ec-lmr10!
Missing character: There is no 、 (U+3001) in font ec-lmr10!
Missing character: There is no そ (U+305D) in font ec-lmr10!
Missing character: There is no ろ (U+308D) in font ec-lmr10!
Missing character: There is no そ (U+305D) in font ec-lmr10!
Missing character: There is no ろ (U+308D) in font ec-lmr10!
Missing character: There is no と (U+3068) in font ec-lmr10!
Missing character: There is no 思 (U+601D) in font ec-lmr10!
Missing character: There is no い (U+3044) in font ec-lmr10!
Missing character: There is no 試 (U+8A66) in font ec-lmr10!
Missing character: There is no し (U+3057) in font ec-lmr10!
Missing character: There is no て (U+3066) in font ec-lmr10!
Missing character: There is no み (U+307F) in font ec-lmr10!
Missing character: There is no る (U+308B) in font ec-lmr10!
Missing character: There is no こ (U+3053) in font ec-lmr10!
Missing character: There is no と (U+3068) in font ec-lmr10!
Missing character: There is no に (U+306B) in font ec-lmr10!
Missing character: There is no し (U+3057) in font ec-lmr10!
Missing character: There is no た (U+305F) in font ec-lmr10!
Missing character: There is no 。 (U+3002) in font ec-lmr10!
Missing character: There is no を (U+3092) in font ec-lmr10!
Missing character: There is no 外 (U+5916) in font ec-lmr10!
Missing character: There is no す (U+3059) in font ec-lmr10!
Missing character: There is no を (U+3092) in font ec-lmr10!
Missing character: There is no 外 (U+5916) in font ec-lmr10!
Missing character: There is no す (U+3059) in font ec-lmr10!

Overfull \hbox (0.80153pt too wide) in paragraph at lines 470--470
 []\T1/lmtt/m/n/10.95 echo 'x11-base/xorg-server' >> /etc/portage/package.unmask
[] 
 []


Overfull \hbox (87.03253pt too wide) in paragraph at lines 470--470
 []\T1/lmtt/m/n/10.95 echo 'x11-base/xorg-server * ~* **' >> /etc/portage/packag
e.keywords/x11-
 []

Missing character: There is no で (U+3067) in font ec-lmr10!
Missing character: There is no し (U+3057) in font ec-lmr10!
Missing character: There is no て (U+3066) in font ec-lmr10!
Missing character: There is no み (U+307F) in font ec-lmr10!
Missing character: There is no た (U+305F) in font ec-lmr10!
Missing character: There is no と (U+3068) in font ec-lmr10!
Missing character: There is no こ (U+3053) in font ec-lmr10!
Missing character: There is no ろ (U+308D) in font ec-lmr10!
Missing character: There is no 、 (U+3001) in font ec-lmr10!
Missing character: There is no キ (U+30AD) in font ec-lmr10!
Missing character: There is no ー (U+30FC) in font ec-lmr10!
Missing character: There is no ボ (U+30DC) in font ec-lmr10!
Missing character: There is no ー (U+30FC) in font ec-lmr10!
Missing character: There is no ド (U+30C9) in font ec-lmr10!
Missing character: There is no と (U+3068) in font ec-lmr10!
Missing character: There is no マ (U+30DE) in font ec-lmr10!
Missing character: There is no ウ (U+30A6) in font ec-lmr10!
Missing character: There is no ス (U+30B9) in font ec-lmr10!
Missing character: There is no が (U+304C) in font ec-lmr10!
Missing character: There is no 認 (U+8A8D) in font ec-lmr10!
Missing character: There is no 識 (U+8B58) in font ec-lmr10!
Missing character: There is no さ (U+3055) in font ec-lmr10!
Missing character: There is no れ (U+308C) in font ec-lmr10!
Missing character: There is no な (U+306A) in font ec-lmr10!
Missing character: There is no く (U+304F) in font ec-lmr10!
Missing character: There is no な (U+306A) in font ec-lmr10!
Missing character: There is no っ (U+3063) in font ec-lmr10!
Missing character: There is no て (U+3066) in font ec-lmr10!
Missing character: There is no し (U+3057) in font ec-lmr10!
Missing character: There is no ま (U+307E) in font ec-lmr10!
Missing character: There is no っ (U+3063) in font ec-lmr10!
Missing character: There is no た (U+305F) in font ec-lmr10!
Missing character: There is no 。 (U+3002) in font ec-lmr10!
Missing character: There is no あ (U+3042) in font ec-lmr10!
Missing character: There is no る (U+308B) in font ec-lmr10!
Missing character: There is no 程 (U+7A0B) in font ec-lmr10!
Missing character: There is no 度 (U+5EA6) in font ec-lmr10!
Missing character: There is no 予 (U+4E88) in font ec-lmr10!
Missing character: There is no 想 (U+60F3) in font ec-lmr10!
Missing character: There is no は (U+306F) in font ec-lmr10!
Missing character: There is no し (U+3057) in font ec-lmr10!
Missing character: There is no て (U+3066) in font ec-lmr10!
Missing character: There is no い (U+3044) in font ec-lmr10!
Missing character: There is no た (U+305F) in font ec-lmr10!
Missing character: There is no の (U+306E) in font ec-lmr10!
Missing character: There is no で (U+3067) in font ec-lmr10!
Missing character: There is no 、 (U+3001) in font ec-lmr10!
Missing character: There is no を (U+3092) in font ec-lmr10!
Missing character: There is no 立 (U+7ACB) in font ec-lmr10!
Missing character: There is no ち (U+3061) in font ec-lmr10!
Missing character: There is no 上 (U+4E0A) in font ec-lmr10!
Missing character: There is no げ (U+3052) in font ec-lmr10!
Missing character: There is no て (U+3066) in font ec-lmr10!
Missing character: There is no お (U+304A) in font ec-lmr10!
Missing character: There is no い (U+3044) in font ec-lmr10!
Missing character: There is no て (U+3066) in font ec-lmr10!
Missing character: There is no 、 (U+3001) in font ec-lmr10!
Missing character: There is no 別 (U+5225) in font ec-lmr10!
Missing character: There is no 端 (U+7AEF) in font ec-lmr10!
Missing character: There is no 末 (U+672B) in font ec-lmr10!
Missing character: There is no か (U+304B) in font ec-lmr10!
Missing character: There is no ら (U+3089) in font ec-lmr10!
Missing character: There is no し (U+3057) in font ec-lmr10!
Missing character: There is no て (U+3066) in font ec-lmr10!
Missing character: There is no 対 (U+5BFE) in font ec-lmr10!
Missing character: There is no 処 (U+51E6) in font ec-lmr10!
Missing character: There is no し (U+3057) in font ec-lmr10!
Missing character: There is no た (U+305F) in font ec-lmr10!
Missing character: There is no 。 (U+3002) in font ec-lmr10!
Missing character: There is no で (U+3067) in font ec-lmr10!
Missing character: There is no し (U+3057) in font ec-lmr10!
Missing character: There is no て (U+3066) in font ec-lmr10!
Missing character: There is no み (U+307F) in font ec-lmr10!
Missing character: There is no た (U+305F) in font ec-lmr10!
Missing character: There is no と (U+3068) in font ec-lmr10!
Missing character: There is no こ (U+3053) in font ec-lmr10!
Missing character: There is no ろ (U+308D) in font ec-lmr10!
Missing character: There is no 、 (U+3001) in font ec-lmr10!
Missing character: There is no キ (U+30AD) in font ec-lmr10!
Missing character: There is no ー (U+30FC) in font ec-lmr10!
Missing character: There is no ボ (U+30DC) in font ec-lmr10!
Missing character: There is no ー (U+30FC) in font ec-lmr10!
Missing character: There is no ド (U+30C9) in font ec-lmr10!
Missing character: There is no と (U+3068) in font ec-lmr10!
Missing character: There is no マ (U+30DE) in font ec-lmr10!
Missing character: There is no ウ (U+30A6) in font ec-lmr10!
Missing character: There is no ス (U+30B9) in font ec-lmr10!
Missing character: There is no が (U+304C) in font ec-lmr10!
Missing character: There is no 認 (U+8A8D) in font ec-lmr10!
Missing character: There is no 識 (U+8B58) in font ec-lmr10!
Missing character: There is no さ (U+3055) in font ec-lmr10!
Missing character: There is no れ (U+308C) in font ec-lmr10!
Missing character: There is no な (U+306A) in font ec-lmr10!
Missing character: There is no く (U+304F) in font ec-lmr10!
Missing character: There is no な (U+306A) in font ec-lmr10!
Missing character: There is no っ (U+3063) in font ec-lmr10!
Missing character: There is no て (U+3066) in font ec-lmr10!
Missing character: There is no し (U+3057) in font ec-lmr10!
Missing character: There is no ま (U+307E) in font ec-lmr10!
Missing character: There is no っ (U+3063) in font ec-lmr10!
Missing character: There is no た (U+305F) in font ec-lmr10!
Missing character: There is no 。 (U+3002) in font ec-lmr10!
Missing character: There is no あ (U+3042) in font ec-lmr10!
Missing character: There is no る (U+308B) in font ec-lmr10!
Missing character: There is no 程 (U+7A0B) in font ec-lmr10!
Missing character: There is no 度 (U+5EA6) in font ec-lmr10!
Missing character: There is no 予 (U+4E88) in font ec-lmr10!
Missing character: There is no 想 (U+60F3) in font ec-lmr10!
Missing character: There is no は (U+306F) in font ec-lmr10!
Missing character: There is no し (U+3057) in font ec-lmr10!
Missing character: There is no て (U+3066) in font ec-lmr10!
Missing character: There is no い (U+3044) in font ec-lmr10!
Missing character: There is no た (U+305F) in font ec-lmr10!
Missing character: There is no の (U+306E) in font ec-lmr10!
Missing character: There is no で (U+3067) in font ec-lmr10!
Missing character: There is no 、 (U+3001) in font ec-lmr10!
Missing character: There is no を (U+3092) in font ec-lmr10!
Missing character: There is no 立 (U+7ACB) in font ec-lmr10!
Missing character: There is no ち (U+3061) in font ec-lmr10!
Missing character: There is no 上 (U+4E0A) in font ec-lmr10!
Missing character: There is no げ (U+3052) in font ec-lmr10!
Missing character: There is no て (U+3066) in font ec-lmr10!
Missing character: There is no お (U+304A) in font ec-lmr10!
Missing character: There is no い (U+3044) in font ec-lmr10!
Missing character: There is no て (U+3066) in font ec-lmr10!
Missing character: There is no 、 (U+3001) in font ec-lmr10!
Missing character: There is no 別 (U+5225) in font ec-lmr10!
Missing character: There is no 端 (U+7AEF) in font ec-lmr10!
Missing character: There is no 末 (U+672B) in font ec-lmr10!
Missing character: There is no か (U+304B) in font ec-lmr10!
Missing character: There is no ら (U+3089) in font ec-lmr10!
Missing character: There is no し (U+3057) in font ec-lmr10!
Missing character: There is no て (U+3066) in font ec-lmr10!
Missing character: There is no 対 (U+5BFE) in font ec-lmr10!
Missing character: There is no 処 (U+51E6) in font ec-lmr10!
Missing character: There is no し (U+3057) in font ec-lmr10!
Missing character: There is no た (U+305F) in font ec-lmr10!
Missing character: There is no 。 (U+3002) in font ec-lmr10!
Missing character: There is no 参 (U+53C2) in font ec-lmr10!
Missing character: There is no 考 (U+8003) in font ec-lmr10!
Missing character: There is no ： (U+FF1A) in font ec-lmr10!
Missing character: There is no こ (U+3053) in font ec-lmr10!
Missing character: There is no ち (U+3061) in font ec-lmr10!
Missing character: There is no ら (U+3089) in font ec-lmr10!
Missing character: There is no の (U+306E) in font ec-lmr10!
Missing character: There is no 記 (U+8A18) in font ec-lmr10!
Missing character: There is no 事 (U+4E8B) in font ec-lmr10!
Missing character: There is no 参 (U+53C2) in font ec-lmr10!
Missing character: There is no 考 (U+8003) in font ec-lmr10!
Missing character: There is no ： (U+FF1A) in font ec-lmr10!
Missing character: There is no こ (U+3053) in font ec-lmr10!
Missing character: There is no ち (U+3061) in font ec-lmr10!
Missing character: There is no ら (U+3089) in font ec-lmr10!
Missing character: There is no の (U+306E) in font ec-lmr10!
Missing character: There is no 記 (U+8A18) in font ec-lmr10!
Missing character: There is no 事 (U+4E8B) in font ec-lmr10!
Missing character: There is no を (U+3092) in font ec-lmr10!
Missing character: There is no 外 (U+5916) in font ec-lmr10!
Missing character: There is no し (U+3057) in font ec-lmr10!
Missing character: There is no て (U+3066) in font ec-lmr10!
Missing character: There is no 、 (U+3001) in font ec-lmr10!
Missing character: There is no を (U+3092) in font ec-lmr10!
Missing character: There is no ア (U+30A2) in font ec-lmr10!
Missing character: There is no ッ (U+30C3) in font ec-lmr10!
Missing character: There is no プ (U+30D7) in font ec-lmr10!
Missing character: There is no デ (U+30C7) in font ec-lmr10!
Missing character: There is no ー (U+30FC) in font ec-lmr10!
Missing character: There is no ト (U+30C8) in font ec-lmr10!
Missing character: There is no す (U+3059) in font ec-lmr10!
Missing character: There is no る (U+308B) in font ec-lmr10!
Missing character: There is no 。 (U+3002) in font ec-lmr10!
Missing character: There is no を (U+3092) in font ec-lmr10!
Missing character: There is no 外 (U+5916) in font ec-lmr10!
Missing character: There is no し (U+3057) in font ec-lmr10!
Missing character: There is no て (U+3066) in font ec-lmr10!
Missing character: There is no 、 (U+3001) in font ec-lmr10!
Missing character: There is no を (U+3092) in font ec-lmr10!
Missing character: There is no ア (U+30A2) in font ec-lmr10!
Missing character: There is no ッ (U+30C3) in font ec-lmr10!
Missing character: There is no プ (U+30D7) in font ec-lmr10!
Missing character: There is no デ (U+30C7) in font ec-lmr10!
Missing character: There is no ー (U+30FC) in font ec-lmr10!
Missing character: There is no ト (U+30C8) in font ec-lmr10!
Missing character: There is no す (U+3059) in font ec-lmr10!
Missing character: There is no る (U+308B) in font ec-lmr10!
Missing character: There is no 。 (U+3002) in font ec-lmr10!

Overfull \hbox (7.91895pt too wide) in paragraph at lines 485--485
[]\T1/lmtt/m/n/10.95 echo 'sys-fs/udev * ~* **' >> /etc/portage/package.keywords
/sys-
 []

Missing character: There is no ル (U+30EB) in font ec-lmbx10!
Missing character: There is no ー (U+30FC) in font ec-lmbx10!
Missing character: There is no ル (U+30EB) in font ec-lmbx10!
Missing character: There is no の (U+306E) in font ec-lmbx10!
Missing character: There is no 追 (U+8FFD) in font ec-lmbx10!
Missing character: There is no 加 (U+52A0) in font ec-lmbx10!
Missing character: There is no ル (U+30EB) in font ec-lmbx10!
Missing character: There is no ー (U+30FC) in font ec-lmbx10!
Missing character: There is no ル (U+30EB) in font ec-lmbx10!
Missing character: There is no の (U+306E) in font ec-lmbx10!
Missing character: There is no 追 (U+8FFD) in font ec-lmbx10!
Missing character: There is no 加 (U+52A0) in font ec-lmbx10!
Missing character: There is no が (U+304C) in font ec-lmr10!
Missing character: There is no シ (U+30B7) in font ec-lmr10!
Missing character: There is no ス (U+30B9) in font ec-lmr10!
Missing character: There is no テ (U+30C6) in font ec-lmr10!
Missing character: There is no ム (U+30E0) in font ec-lmr10!
Missing character: There is no 設 (U+8A2D) in font ec-lmr10!
Missing character: There is no 定 (U+5B9A) in font ec-lmr10!
Missing character: There is no に (U+306B) in font ec-lmr10!
Missing character: There is no な (U+306A) in font ec-lmr10!
Missing character: There is no っ (U+3063) in font ec-lmr10!
Missing character: There is no て (U+3066) in font ec-lmr10!
Missing character: There is no い (U+3044) in font ec-lmr10!
Missing character: There is no る (U+308B) in font ec-lmr10!
Missing character: There is no の (U+306E) in font ec-lmr10!
Missing character: There is no で (U+3067) in font ec-lmr10!
Missing character: There is no 、 (U+3001) in font ec-lmr10!
Missing character: There is no 側 (U+5074) in font ec-lmr10!
Missing character: There is no に (U+306B) in font ec-lmr10!
Missing character: There is no キ (U+30AD) in font ec-lmr10!
Missing character: There is no ー (U+30FC) in font ec-lmr10!
Missing character: There is no ボ (U+30DC) in font ec-lmr10!
Missing character: There is no ー (U+30FC) in font ec-lmr10!
Missing character: There is no ド (U+30C9) in font ec-lmr10!
Missing character: There is no と (U+3068) in font ec-lmr10!
Missing character: There is no マ (U+30DE) in font ec-lmr10!
Missing character: There is no ウ (U+30A6) in font ec-lmr10!
Missing character: There is no ス (U+30B9) in font ec-lmr10!
Missing character: There is no の (U+306E) in font ec-lmr10!
Missing character: There is no 設 (U+8A2D) in font ec-lmr10!
Missing character: There is no 定 (U+5B9A) in font ec-lmr10!
Missing character: There is no を (U+3092) in font ec-lmr10!
Missing character: There is no 追 (U+8FFD) in font ec-lmr10!
Missing character: There is no 加 (U+52A0) in font ec-lmr10!
Missing character: There is no し (U+3057) in font ec-lmr10!
Missing character: There is no て (U+3066) in font ec-lmr10!
Missing character: There is no お (U+304A) in font ec-lmr10!
Missing character: There is no く (U+304F) in font ec-lmr10!
Missing character: There is no 。 (U+3002) in font ec-lmr10!
Missing character: There is no が (U+304C) in font ec-lmr10!
Missing character: There is no シ (U+30B7) in font ec-lmr10!
Missing character: There is no ス (U+30B9) in font ec-lmr10!
Missing character: There is no テ (U+30C6) in font ec-lmr10!
Missing character: There is no ム (U+30E0) in font ec-lmr10!
Missing character: There is no 設 (U+8A2D) in font ec-lmr10!
Missing character: There is no 定 (U+5B9A) in font ec-lmr10!
Missing character: There is no に (U+306B) in font ec-lmr10!
Missing character: There is no な (U+306A) in font ec-lmr10!
Missing character: There is no っ (U+3063) in font ec-lmr10!
Missing character: There is no て (U+3066) in font ec-lmr10!
Missing character: There is no い (U+3044) in font ec-lmr10!
Missing character: There is no る (U+308B) in font ec-lmr10!
Missing character: There is no の (U+306E) in font ec-lmr10!
Missing character: There is no で (U+3067) in font ec-lmr10!
Missing character: There is no 、 (U+3001) in font ec-lmr10!
Missing character: There is no 側 (U+5074) in font ec-lmr10!
Missing character: There is no に (U+306B) in font ec-lmr10!
Missing character: There is no キ (U+30AD) in font ec-lmr10!
Missing character: There is no ー (U+30FC) in font ec-lmr10!
Missing character: There is no ボ (U+30DC) in font ec-lmr10!
Missing character: There is no ー (U+30FC) in font ec-lmr10!
Missing character: There is no ド (U+30C9) in font ec-lmr10!
Missing character: There is no と (U+3068) in font ec-lmr10!
Missing character: There is no マ (U+30DE) in font ec-lmr10!
Missing character: There is no ウ (U+30A6) in font ec-lmr10!
Missing character: There is no ス (U+30B9) in font ec-lmr10!
Missing character: There is no の (U+306E) in font ec-lmr10!
Missing character: There is no 設 (U+8A2D) in font ec-lmr10!
Missing character: There is no 定 (U+5B9A) in font ec-lmr10!
Missing character: There is no を (U+3092) in font ec-lmr10!
Missing character: There is no 追 (U+8FFD) in font ec-lmr10!
Missing character: There is no 加 (U+52A0) in font ec-lmr10!
Missing character: There is no し (U+3057) in font ec-lmr10!
Missing character: There is no て (U+3066) in font ec-lmr10!
Missing character: There is no お (U+304A) in font ec-lmr10!
Missing character: There is no く (U+304F) in font ec-lmr10!
Missing character: There is no 。 (U+3002) in font ec-lmr10!
Missing character: There is no こ (U+3053) in font ec-lmr10!
Missing character: There is no れ (U+308C) in font ec-lmr10!
Missing character: There is no で (U+3067) in font ec-lmr10!
Missing character: There is no 無 (U+7121) in font ec-lmr10!
Missing character: There is no 事 (U+4E8B) in font ec-lmr10!
Missing character: There is no 解 (U+89E3) in font ec-lmr10!
Missing character: There is no 決 (U+6C7A) in font ec-lmr10!
Missing character: There is no 。 (U+3002) in font ec-lmr10!
Missing character: There is no こ (U+3053) in font ec-lmr10!
Missing character: There is no れ (U+308C) in font ec-lmr10!
Missing character: There is no で (U+3067) in font ec-lmr10!
Missing character: There is no 無 (U+7121) in font ec-lmr10!
Missing character: There is no 事 (U+4E8B) in font ec-lmr10!
Missing character: There is no 解 (U+89E3) in font ec-lmr10!
Missing character: There is no 決 (U+6C7A) in font ec-lmr10!
Missing character: There is no 。 (U+3002) in font ec-lmr10!
[10
Missing character: There is no し (U+3057) in font ec-lmr10!
Missing character: There is no ば (U+3070) in font ec-lmr10!
Missing character: There is no ら (U+3089) in font ec-lmr10!
Missing character: There is no く (U+304F) in font ec-lmr10!
Missing character: There is no 放 (U+653E) in font ec-lmr10!
Missing character: There is no 置 (U+7F6E) in font ec-lmr10!
Missing character: There is no し (U+3057) in font ec-lmr10!
Missing character: There is no て (U+3066) in font ec-lmr10!
Missing character: There is no い (U+3044) in font ec-lmr10!
Missing character: There is no た (U+305F) in font ec-lmr10!
Missing character: There is no の (U+306E) in font ec-lmr10!
Missing character: There is no で (U+3067) in font ec-lmr10!
Missing character: There is no 、 (U+3001) in font ec-lmr10!
Missing character: There is no そ (U+305D) in font ec-lmr10!
Missing character: There is no ろ (U+308D) in font ec-lmr10!
Missing character: There is no そ (U+305D) in font ec-lmr10!
Missing character: There is no ろ (U+308D) in font ec-lmr10!
Missing character: There is no と (U+3068) in font ec-lmr10!
Missing character: There is no 思 (U+601D) in font ec-lmr10!
Missing character: There is no い (U+3044) in font ec-lmr10!
Missing character: There is no 試 (U+8A66) in font ec-lmr10!
Missing character: There is no し (U+3057) in font ec-lmr10!
Missing character: There is no て (U+3066) in font ec-lmr10!
Missing character: There is no み (U+307F) in font ec-lmr10!
Missing character: There is no る (U+308B) in font ec-lmr10!
Missing character: There is no こ (U+3053) in font ec-lmr10!
Missing character: There is no と (U+3068) in font ec-lmr10!
Missing character: There is no に (U+306B) in font ec-lmr10!
Missing character: There is no し (U+3057) in font ec-lmr10!
Missing character: There is no た (U+305F) in font ec-lmr10!
Missing character: There is no 。 (U+3002) in font ec-lmr10!
Missing character: There is no を (U+3092) in font ec-lmr10!
Missing character: There is no 外 (U+5916) in font ec-lmr10!
Missing character: There is no す (U+3059) in font ec-lmr10!
Missing character: There is no で (U+3067) in font ec-lmr10!
Missing character: There is no し (U+3057) in font ec-lmr10!
Missing character: There is no て (U+3066) in font ec-lmr10!
Missing character: There is no み (U+307F) in font ec-lmr10!
Missing character: There is no た (U+305F) in font ec-lmr10!
Missing character: There is no と (U+3068) in font ec-lmr10!
Missing character: There is no こ (U+3053) in font ec-lmr10!
Missing character: There is no ろ (U+308D) in font ec-lmr10!
Missing character: There is no 、 (U+3001) in font ec-lmr10!
Missing character: There is no キ (U+30AD) in font ec-lmr10!
Missing character: There is no ー (U+30FC) in font ec-lmr10!
Missing character: There is no ボ (U+30DC) in font ec-lmr10!
Missing character: There is no ー (U+30FC) in font ec-lmr10!
Missing character: There is no ド (U+30C9) in font ec-lmr10!
Missing character: There is no と (U+3068) in font ec-lmr10!
Missing character: There is no マ (U+30DE) in font ec-lmr10!
Missing character: There is no ウ (U+30A6) in font ec-lmr10!
Missing character: There is no ス (U+30B9) in font ec-lmr10!
Missing character: There is no が (U+304C) in font ec-lmr10!
Missing character: There is no 認 (U+8A8D) in font ec-lmr10!
Missing character: There is no 識 (U+8B58) in font ec-lmr10!
Missing character: There is no さ (U+3055) in font ec-lmr10!
Missing character: There is no れ (U+308C) in font ec-lmr10!
Missing character: There is no な (U+306A) in font ec-lmr10!
Missing character: There is no く (U+304F) in font ec-lmr10!
Missing character: There is no な (U+306A) in font ec-lmr10!
Missing character: There is no っ (U+3063) in font ec-lmr10!
Missing character: There is no て (U+3066) in font ec-lmr10!
Missing character: There is no し (U+3057) in font ec-lmr10!
Missing character: There is no ま (U+307E) in font ec-lmr10!
Missing character: There is no っ (U+3063) in font ec-lmr10!
Missing character: There is no た (U+305F) in font ec-lmr10!
Missing character: There is no 。 (U+3002) in font ec-lmr10!
Missing character: There is no あ (U+3042) in font ec-lmr10!
Missing character: There is no る (U+308B) in font ec-lmr10!
Missing character: There is no 程 (U+7A0B) in font ec-lmr10!
Missing character: There is no 度 (U+5EA6) in font ec-lmr10!
Missing character: There is no 予 (U+4E88) in font ec-lmr10!
Missing character: There is no 想 (U+60F3) in font ec-lmr10!
Missing character: There is no は (U+306F) in font ec-lmr10!
Missing character: There is no し (U+3057) in font ec-lmr10!
Missing character: There is no て (U+3066) in font ec-lmr10!
Missing character: There is no い (U+3044) in font ec-lmr10!
Missing character: There is no た (U+305F) in font ec-lmr10!
Missing character: There is no の (U+306E) in font ec-lmr10!
Missing character: There is no で (U+3067) in font ec-lmr10!
Missing character: There is no 、 (U+3001) in font ec-lmr10!
Missing character: There is no を (U+3092) in font ec-lmr10!
Missing character: There is no 立 (U+7ACB) in font ec-lmr10!
Missing character: There is no ち (U+3061) in font ec-lmr10!
Missing character: There is no 上 (U+4E0A) in font ec-lmr10!
Missing character: There is no げ (U+3052) in font ec-lmr10!
Missing character: There is no て (U+3066) in font ec-lmr10!
Missing character: There is no お (U+304A) in font ec-lmr10!
Missing character: There is no い (U+3044) in font ec-lmr10!
Missing character: There is no て (U+3066) in font ec-lmr10!
Missing character: There is no 、 (U+3001) in font ec-lmr10!
Missing character: There is no 別 (U+5225) in font ec-lmr10!
Missing character: There is no 端 (U+7AEF) in font ec-lmr10!
Missing character: There is no 末 (U+672B) in font ec-lmr10!
Missing character: There is no か (U+304B) in font ec-lmr10!
Missing character: There is no ら (U+3089) in font ec-lmr10!
Missing character: There is no し (U+3057) in font ec-lmr10!
Missing character: There is no て (U+3066) in font ec-lmr10!
Missing character: There is no 対 (U+5BFE) in font ec-lmr10!
Missing character: There is no 処 (U+51E6) in font ec-lmr10!
Missing character: There is no し (U+3057) in font ec-lmr10!
Missing character: There is no た (U+305F) in font ec-lmr10!
Missing character: There is no 。 (U+3002) in font ec-lmr10!
Missing character: There is no 参 (U+53C2) in font ec-lmr10!
Missing character: There is no 考 (U+8003) in font ec-lmr10!
Missing character: There is no ： (U+FF1A) in font ec-lmr10!
Missing character: There is no こ (U+3053) in font ec-lmr10!
Missing character: There is no ち (U+3061) in font ec-lmr10!
Missing character: There is no ら (U+3089) in font ec-lmr10!
Missing character: There is no の (U+306E) in font ec-lmr10!
Missing character: There is no 記 (U+8A18) in font ec-lmr10!
Missing character: There is no 事 (U+4E8B) in font ec-lmr10!
Missing character: There is no を (U+3092) in font ec-lmr10!
Missing character: There is no 外 (U+5916) in font ec-lmr10!
Missing character: There is no し (U+3057) in font ec-lmr10!
Missing character: There is no て (U+3066) in font ec-lmr10!
Missing character: There is no 、 (U+3001) in font ec-lmr10!
Missing character: There is no を (U+3092) in font ec-lmr10!
Missing character: There is no ア (U+30A2) in font ec-lmr10!
Missing character: There is no ッ (U+30C3) in font ec-lmr10!
Missing character: There is no プ (U+30D7) in font ec-lmr10!
Missing character: There is no デ (U+30C7) in font ec-lmr10!
Missing character: There is no ー (U+30FC) in font ec-lmr10!
Missing character: There is no ト (U+30C8) in font ec-lmr10!
Missing character: There is no す (U+3059) in font ec-lmr10!
Missing character: There is no る (U+308B) in font ec-lmr10!
Missing character: There is no 。 (U+3002) in font ec-lmr10!
Missing character: There is no ル (U+30EB) in font ec-lmbx10!
Missing character: There is no ー (U+30FC) in font ec-lmbx10!
Missing character: There is no ル (U+30EB) in font ec-lmbx10!
Missing character: There is no の (U+306E) in font ec-lmbx10!
Missing character: There is no 追 (U+8FFD) in font ec-lmbx10!
Missing character: There is no 加 (U+52A0) in font ec-lmbx10!
Missing character: There is no が (U+304C) in font ec-lmr10!
Missing character: There is no シ (U+30B7) in font ec-lmr10!
Missing character: There is no ス (U+30B9) in font ec-lmr10!
Missing character: There is no テ (U+30C6) in font ec-lmr10!
Missing character: There is no ム (U+30E0) in font ec-lmr10!
Missing character: There is no 設 (U+8A2D) in font ec-lmr10!
Missing character: There is no 定 (U+5B9A) in font ec-lmr10!
Missing character: There is no に (U+306B) in font ec-lmr10!
Missing character: There is no な (U+306A) in font ec-lmr10!
Missing character: There is no っ (U+3063) in font ec-lmr10!
Missing character: There is no て (U+3066) in font ec-lmr10!
Missing character: There is no い (U+3044) in font ec-lmr10!
Missing character: There is no る (U+308B) in font ec-lmr10!
Missing character: There is no の (U+306E) in font ec-lmr10!
Missing character: There is no で (U+3067) in font ec-lmr10!
Missing character: There is no 、 (U+3001) in font ec-lmr10!
Missing character: There is no 側 (U+5074) in font ec-lmr10!
Missing character: There is no に (U+306B) in font ec-lmr10!
Missing character: There is no キ (U+30AD) in font ec-lmr10!
Missing character: There is no ー (U+30FC) in font ec-lmr10!
Missing character: There is no ボ (U+30DC) in font ec-lmr10!
Missing character: There is no ー (U+30FC) in font ec-lmr10!
Missing character: There is no ド (U+30C9) in font ec-lmr10!
Missing character: There is no と (U+3068) in font ec-lmr10!
Missing character: There is no マ (U+30DE) in font ec-lmr10!
Missing character: There is no ウ (U+30A6) in font ec-lmr10!
Missing character: There is no ス (U+30B9) in font ec-lmr10!
Missing character: There is no の (U+306E) in font ec-lmr10!
Missing character: There is no 設 (U+8A2D) in font ec-lmr10!
Missing character: There is no 定 (U+5B9A) in font ec-lmr10!
Missing character: There is no を (U+3092) in font ec-lmr10!
Missing character: There is no 追 (U+8FFD) in font ec-lmr10!
Missing character: There is no 加 (U+52A0) in font ec-lmr10!
Missing character: There is no し (U+3057) in font ec-lmr10!
Missing character: There is no て (U+3066) in font ec-lmr10!
Missing character: There is no お (U+304A) in font ec-lmr10!
Missing character: There is no く (U+304F) in font ec-lmr10!
Missing character: There is no 。 (U+3002) in font ec-lmr10!
Missing character: There is no こ (U+3053) in font ec-lmr10!
Missing character: There is no れ (U+308C) in font ec-lmr10!
Missing character: There is no で (U+3067) in font ec-lmr10!
Missing character: There is no 無 (U+7121) in font ec-lmr10!
Missing character: There is no 事 (U+4E8B) in font ec-lmr10!
Missing character: There is no 解 (U+89E3) in font ec-lmr10!
Missing character: There is no 決 (U+6C7A) in font ec-lmr10!
Missing character: There is no 。 (U+3002) in font ec-lmr10!
]
Missing character: There is no 出 (U+51FA) in font ec-lmr10!
Missing character: There is no 遅 (U+9045) in font ec-lmr10!
Missing character: There is no れ (U+308C) in font ec-lmr10!
Missing character: There is no て (U+3066) in font ec-lmr10!
Missing character: There is no し (U+3057) in font ec-lmr10!
Missing character: There is no ま (U+307E) in font ec-lmr10!
Missing character: There is no っ (U+3063) in font ec-lmr10!
Missing character: There is no た (U+305F) in font ec-lmr10!
Missing character: There is no 感 (U+611F) in font ec-lmr10!
Missing character: There is no は (U+306F) in font ec-lmr10!
Missing character: There is no 否 (U+5426) in font ec-lmr10!
Missing character: There is no め (U+3081) in font ec-lmr10!
Missing character: There is no な (U+306A) in font ec-lmr10!
Missing character: There is no い (U+3044) in font ec-lmr10!
Missing character: There is no け (U+3051) in font ec-lmr10!
Missing character: There is no れ (U+308C) in font ec-lmr10!
Missing character: There is no ど (U+3069) in font ec-lmr10!
Missing character: There is no （ (U+FF08) in font ec-lmr10!
Missing character: There is no ま (U+307E) in font ec-lmr10!
Missing character: There is no ぁ (U+3041) in font ec-lmr10!
Missing character: There is no 人 (U+4EBA) in font ec-lmr10!
Missing character: There is no 柱 (U+67F1) in font ec-lmr10!
Missing character: There is no に (U+306B) in font ec-lmr10!
Missing character: There is no な (U+306A) in font ec-lmr10!
Missing character: There is no っ (U+3063) in font ec-lmr10!
Missing character: There is no て (U+3066) in font ec-lmr10!
Missing character: There is no く (U+304F) in font ec-lmr10!
Missing character: There is no れ (U+308C) in font ec-lmr10!
Missing character: There is no た (U+305F) in font ec-lmr10!
Missing character: There is no 人 (U+4EBA) in font ec-lmr10!
Missing character: There is no が (U+304C) in font ec-lmr10!
Missing character: There is no た (U+305F) in font ec-lmr10!
Missing character: There is no く (U+304F) in font ec-lmr10!
Missing character: There is no さ (U+3055) in font ec-lmr10!
Missing character: There is no ん (U+3093) in font ec-lmr10!
Missing character: There is no い (U+3044) in font ec-lmr10!
Missing character: There is no た (U+305F) in font ec-lmr10!
Missing character: There is no の (U+306E) in font ec-lmr10!
Missing character: There is no で (U+3067) in font ec-lmr10!
Missing character: There is no 、 (U+3001) in font ec-lmr10!
Missing character: There is no そ (U+305D) in font ec-lmr10!
Missing character: There is no の (U+306E) in font ec-lmr10!
Missing character: There is no 点 (U+70B9) in font ec-lmr10!
Missing character: There is no は (U+306F) in font ec-lmr10!
Missing character: There is no 心 (U+5FC3) in font ec-lmr10!
Missing character: There is no 強 (U+5F37) in font ec-lmr10!
Missing character: There is no か (U+304B) in font ec-lmr10!
Missing character: There is no っ (U+3063) in font ec-lmr10!
Missing character: There is no た (U+305F) in font ec-lmr10!
Missing character: There is no ） (U+FF09) in font ec-lmr10!
Missing character: There is no 、 (U+3001) in font ec-lmr10!
Missing character: There is no や (U+3084) in font ec-lmr10!
Missing character: There is no っ (U+3063) in font ec-lmr10!
Missing character: There is no と (U+3068) in font ec-lmr10!
Missing character: There is no が (U+304C) in font ec-lmr10!
Missing character: There is no 届 (U+5C4A) in font ec-lmr10!
Missing character: There is no い (U+3044) in font ec-lmr10!
Missing character: There is no た (U+305F) in font ec-lmr10!
Missing character: There is no 。 (U+3002) in font ec-lmr10!
Missing character: There is no 出 (U+51FA) in font ec-lmr10!
Missing character: There is no 遅 (U+9045) in font ec-lmr10!
Missing character: There is no れ (U+308C) in font ec-lmr10!
Missing character: There is no て (U+3066) in font ec-lmr10!
Missing character: There is no し (U+3057) in font ec-lmr10!
Missing character: There is no ま (U+307E) in font ec-lmr10!
Missing character: There is no っ (U+3063) in font ec-lmr10!
Missing character: There is no た (U+305F) in font ec-lmr10!
Missing character: There is no 感 (U+611F) in font ec-lmr10!
Missing character: There is no は (U+306F) in font ec-lmr10!
Missing character: There is no 否 (U+5426) in font ec-lmr10!
Missing character: There is no め (U+3081) in font ec-lmr10!
Missing character: There is no な (U+306A) in font ec-lmr10!
Missing character: There is no い (U+3044) in font ec-lmr10!
Missing character: There is no け (U+3051) in font ec-lmr10!
Missing character: There is no れ (U+308C) in font ec-lmr10!
Missing character: There is no ど (U+3069) in font ec-lmr10!
Missing character: There is no （ (U+FF08) in font ec-lmr10!
Missing character: There is no ま (U+307E) in font ec-lmr10!
Missing character: There is no ぁ (U+3041) in font ec-lmr10!
Missing character: There is no 人 (U+4EBA) in font ec-lmr10!
Missing character: There is no 柱 (U+67F1) in font ec-lmr10!
Missing character: There is no に (U+306B) in font ec-lmr10!
Missing character: There is no な (U+306A) in font ec-lmr10!
Missing character: There is no っ (U+3063) in font ec-lmr10!
Missing character: There is no て (U+3066) in font ec-lmr10!
Missing character: There is no く (U+304F) in font ec-lmr10!
Missing character: There is no れ (U+308C) in font ec-lmr10!
Missing character: There is no た (U+305F) in font ec-lmr10!
Missing character: There is no 人 (U+4EBA) in font ec-lmr10!
Missing character: There is no が (U+304C) in font ec-lmr10!
Missing character: There is no た (U+305F) in font ec-lmr10!
Missing character: There is no く (U+304F) in font ec-lmr10!
Missing character: There is no さ (U+3055) in font ec-lmr10!
Missing character: There is no ん (U+3093) in font ec-lmr10!
Missing character: There is no い (U+3044) in font ec-lmr10!
Missing character: There is no た (U+305F) in font ec-lmr10!
Missing character: There is no の (U+306E) in font ec-lmr10!
Missing character: There is no で (U+3067) in font ec-lmr10!
Missing character: There is no 、 (U+3001) in font ec-lmr10!
Missing character: There is no そ (U+305D) in font ec-lmr10!
Missing character: There is no の (U+306E) in font ec-lmr10!
Missing character: There is no 点 (U+70B9) in font ec-lmr10!
Missing character: There is no は (U+306F) in font ec-lmr10!
Missing character: There is no 心 (U+5FC3) in font ec-lmr10!
Missing character: There is no 強 (U+5F37) in font ec-lmr10!
Missing character: There is no か (U+304B) in font ec-lmr10!
Missing character: There is no っ (U+3063) in font ec-lmr10!
Missing character: There is no た (U+305F) in font ec-lmr10!
Missing character: There is no ） (U+FF09) in font ec-lmr10!
Missing character: There is no 、 (U+3001) in font ec-lmr10!
Missing character: There is no や (U+3084) in font ec-lmr10!
Missing character: There is no っ (U+3063) in font ec-lmr10!
Missing character: There is no と (U+3068) in font ec-lmr10!
Missing character: There is no が (U+304C) in font ec-lmr10!
Missing character: There is no 届 (U+5C4A) in font ec-lmr10!
Missing character: There is no い (U+3044) in font ec-lmr10!
Missing character: There is no た (U+305F) in font ec-lmr10!
Missing character: There is no 。 (U+3002) in font ec-lmr10!
Missing character: There is no も (U+3082) in font ec-lmr10!
Missing character: There is no し (U+3057) in font ec-lmr10!
Missing character: There is no か (U+304B) in font ec-lmr10!
Missing character: There is no す (U+3059) in font ec-lmr10!
Missing character: There is no る (U+308B) in font ec-lmr10!
Missing character: There is no と (U+3068) in font ec-lmr10!
Missing character: There is no の (U+306E) in font ec-lmr10!
Missing character: There is no 注 (U+6CE8) in font ec-lmr10!
Missing character: There is no 文 (U+6587) in font ec-lmr10!
Missing character: There is no と (U+3068) in font ec-lmr10!
Missing character: There is no 間 (U+9593) in font ec-lmr10!
Missing character: There is no 違 (U+9055) in font ec-lmr10!
Missing character: There is no わ (U+308F) in font ec-lmr10!
Missing character: There is no れ (U+308C) in font ec-lmr10!
Missing character: There is no て (U+3066) in font ec-lmr10!
Missing character: There is no い (U+3044) in font ec-lmr10!
Missing character: There is no た (U+305F) in font ec-lmr10!
Missing character: There is no の (U+306E) in font ec-lmr10!
Missing character: There is no か (U+304B) in font ec-lmr10!
Missing character: There is no も (U+3082) in font ec-lmr10!
Missing character: There is no し (U+3057) in font ec-lmr10!
Missing character: There is no れ (U+308C) in font ec-lmr10!
Missing character: There is no な (U+306A) in font ec-lmr10!
Missing character: There is no い (U+3044) in font ec-lmr10!
Missing character: There is no 。 (U+3002) in font ec-lmr10!
Missing character: There is no 一 (U+4E00) in font ec-lmr10!
Missing character: There is no 昨 (U+6628) in font ec-lmr10!
Missing character: There is no 日 (U+65E5) in font ec-lmr10!
Missing character: There is no 社 (U+793E) in font ec-lmr10!
Missing character: There is no に (U+306B) in font ec-lmr10!
Missing character: There is no 「 (U+300C) in font ec-lmr10!
Missing character: There is no ま (U+307E) in font ec-lmr10!
Missing character: There is no だ (U+3060) in font ec-lmr10!
Missing character: There is no 発 (U+767A) in font ec-lmr10!
Missing character: There is no 送 (U+9001) in font ec-lmr10!
Missing character: There is no さ (U+3055) in font ec-lmr10!
Missing character: There is no れ (U+308C) in font ec-lmr10!
Missing character: There is no な (U+306A) in font ec-lmr10!
Missing character: There is no い (U+3044) in font ec-lmr10!
Missing character: There is no ん (U+3093) in font ec-lmr10!
Missing character: There is no で (U+3067) in font ec-lmr10!
Missing character: There is no す (U+3059) in font ec-lmr10!
Missing character: There is no か (U+304B) in font ec-lmr10!
Missing character: There is no ？ (U+FF1F) in font ec-lmr10!
Missing character: There is no 」 (U+300D) in font ec-lmr10!
Missing character: There is no と (U+3068) in font ec-lmr10!
Missing character: There is no い (U+3044) in font ec-lmr10!
Missing character: There is no う (U+3046) in font ec-lmr10!
Missing character: There is no メ (U+30E1) in font ec-lmr10!
Missing character: There is no ー (U+30FC) in font ec-lmr10!
Missing character: There is no ル (U+30EB) in font ec-lmr10!
Missing character: There is no を (U+3092) in font ec-lmr10!
Missing character: There is no 送 (U+9001) in font ec-lmr10!
Missing character: There is no っ (U+3063) in font ec-lmr10!
Missing character: There is no た (U+305F) in font ec-lmr10!
Missing character: There is no 際 (U+969B) in font ec-lmr10!
Missing character: There is no 、 (U+3001) in font ec-lmr10!
Missing character: There is no 「 (U+300C) in font ec-lmr10!
Missing character: There is no 自 (U+81EA) in font ec-lmr10!
Missing character: There is no 分 (U+5206) in font ec-lmr10!
Missing character: There is no が (U+304C) in font ec-lmr10!
Missing character: There is no 頼 (U+983C) in font ec-lmr10!
Missing character: There is no ん (U+3093) in font ec-lmr10!
Missing character: There is no だ (U+3060) in font ec-lmr10!
Missing character: There is no の (U+306E) in font ec-lmr10!
Missing character: There is no は (U+306F) in font ec-lmr10!
Missing character: There is no じ (U+3058) in font ec-lmr10!
Missing character: There is no ゃ (U+3083) in font ec-lmr10!
Missing character: There is no な (U+306A) in font ec-lmr10!
Missing character: There is no い (U+3044) in font ec-lmr10!
Missing character: There is no で (U+3067) in font ec-lmr10!
Missing character: There is no す (U+3059) in font ec-lmr10!
Missing character: There is no よ (U+3088) in font ec-lmr10!
Missing character: There is no 」 (U+300D) in font ec-lmr10!
Missing character: There is no と (U+3068) in font ec-lmr10!
Missing character: There is no 付 (U+4ED8) in font ec-lmr10!
Missing character: There is no け (U+3051) in font ec-lmr10!
Missing character: There is no 加 (U+52A0) in font ec-lmr10!
Missing character: There is no え (U+3048) in font ec-lmr10!
Missing character: There is no た (U+305F) in font ec-lmr10!
Missing character: There is no と (U+3068) in font ec-lmr10!
Missing character: There is no こ (U+3053) in font ec-lmr10!
Missing character: There is no ろ (U+308D) in font ec-lmr10!
Missing character: There is no 、 (U+3001) in font ec-lmr10!
Missing character: There is no 翌 (U+7FCC) in font ec-lmr10!
Missing character: There is no 日 (U+65E5) in font ec-lmr10!
Missing character: There is no に (U+306B) in font ec-lmr10!
Missing character: There is no は (U+306F) in font ec-lmr10!
Missing character: There is no 「 (U+300C) in font ec-lmr10!
Missing character: There is no 明 (U+660E) in font ec-lmr10!
Missing character: There is no 日 (U+65E5) in font ec-lmr10!
Missing character: There is no 発 (U+767A) in font ec-lmr10!
Missing character: There is no 送 (U+9001) in font ec-lmr10!
Missing character: There is no し (U+3057) in font ec-lmr10!
Missing character: There is no ま (U+307E) in font ec-lmr10!
Missing character: There is no す (U+3059) in font ec-lmr10!
Missing character: There is no 」 (U+300D) in font ec-lmr10!
Missing character: There is no と (U+3068) in font ec-lmr10!
Missing character: There is no い (U+3044) in font ec-lmr10!
Missing character: There is no う (U+3046) in font ec-lmr10!
Missing character: There is no 返 (U+8FD4) in font ec-lmr10!
Missing character: There is no 信 (U+4FE1) in font ec-lmr10!
Missing character: There is no が (U+304C) in font ec-lmr10!
Missing character: There is no 届 (U+5C4A) in font ec-lmr10!
Missing character: There is no い (U+3044) in font ec-lmr10!
Missing character: There is no た (U+305F) in font ec-lmr10!
Missing character: There is no 。 (U+3002) in font ec-lmr10!
Missing character: There is no も (U+3082) in font ec-lmr10!
Missing character: There is no し (U+3057) in font ec-lmr10!
Missing character: There is no か (U+304B) in font ec-lmr10!
Missing character: There is no す (U+3059) in font ec-lmr10!
Missing character: There is no る (U+308B) in font ec-lmr10!
Missing character: There is no と (U+3068) in font ec-lmr10!
Missing character: There is no の (U+306E) in font ec-lmr10!
Missing character: There is no 注 (U+6CE8) in font ec-lmr10!
Missing character: There is no 文 (U+6587) in font ec-lmr10!
Missing character: There is no と (U+3068) in font ec-lmr10!
Missing character: There is no 間 (U+9593) in font ec-lmr10!
Missing character: There is no 違 (U+9055) in font ec-lmr10!
Missing character: There is no わ (U+308F) in font ec-lmr10!
Missing character: There is no れ (U+308C) in font ec-lmr10!
Missing character: There is no て (U+3066) in font ec-lmr10!
Missing character: There is no い (U+3044) in font ec-lmr10!
Missing character: There is no た (U+305F) in font ec-lmr10!
Missing character: There is no の (U+306E) in font ec-lmr10!
Missing character: There is no か (U+304B) in font ec-lmr10!
Missing character: There is no も (U+3082) in font ec-lmr10!
Missing character: There is no し (U+3057) in font ec-lmr10!
Missing character: There is no れ (U+308C) in font ec-lmr10!
Missing character: There is no な (U+306A) in font ec-lmr10!
Missing character: There is no い (U+3044) in font ec-lmr10!
Missing character: There is no 。 (U+3002) in font ec-lmr10!
Missing character: There is no 一 (U+4E00) in font ec-lmr10!
Missing character: There is no 昨 (U+6628) in font ec-lmr10!
Missing character: There is no 日 (U+65E5) in font ec-lmr10!
Missing character: There is no 社 (U+793E) in font ec-lmr10!
Missing character: There is no に (U+306B) in font ec-lmr10!
Missing character: There is no 「 (U+300C) in font ec-lmr10!
Missing character: There is no ま (U+307E) in font ec-lmr10!
Missing character: There is no だ (U+3060) in font ec-lmr10!
Missing character: There is no 発 (U+767A) in font ec-lmr10!
Missing character: There is no 送 (U+9001) in font ec-lmr10!
Missing character: There is no さ (U+3055) in font ec-lmr10!
Missing character: There is no れ (U+308C) in font ec-lmr10!
Missing character: There is no な (U+306A) in font ec-lmr10!
Missing character: There is no い (U+3044) in font ec-lmr10!
Missing character: There is no ん (U+3093) in font ec-lmr10!
Missing character: There is no で (U+3067) in font ec-lmr10!
Missing character: There is no す (U+3059) in font ec-lmr10!
Missing character: There is no か (U+304B) in font ec-lmr10!
Missing character: There is no ？ (U+FF1F) in font ec-lmr10!
Missing character: There is no 」 (U+300D) in font ec-lmr10!
Missing character: There is no と (U+3068) in font ec-lmr10!
Missing character: There is no い (U+3044) in font ec-lmr10!
Missing character: There is no う (U+3046) in font ec-lmr10!
Missing character: There is no メ (U+30E1) in font ec-lmr10!
Missing character: There is no ー (U+30FC) in font ec-lmr10!
Missing character: There is no ル (U+30EB) in font ec-lmr10!
Missing character: There is no を (U+3092) in font ec-lmr10!
Missing character: There is no 送 (U+9001) in font ec-lmr10!
Missing character: There is no っ (U+3063) in font ec-lmr10!
Missing character: There is no た (U+305F) in font ec-lmr10!
Missing character: There is no 際 (U+969B) in font ec-lmr10!
Missing character: There is no 、 (U+3001) in font ec-lmr10!
Missing character: There is no 「 (U+300C) in font ec-lmr10!
Missing character: There is no 自 (U+81EA) in font ec-lmr10!
Missing character: There is no 分 (U+5206) in font ec-lmr10!
Missing character: There is no が (U+304C) in font ec-lmr10!
Missing character: There is no 頼 (U+983C) in font ec-lmr10!
Missing character: There is no ん (U+3093) in font ec-lmr10!
Missing character: There is no だ (U+3060) in font ec-lmr10!
Missing character: There is no の (U+306E) in font ec-lmr10!
Missing character: There is no は (U+306F) in font ec-lmr10!
Missing character: There is no じ (U+3058) in font ec-lmr10!
Missing character: There is no ゃ (U+3083) in font ec-lmr10!
Missing character: There is no な (U+306A) in font ec-lmr10!
Missing character: There is no い (U+3044) in font ec-lmr10!
Missing character: There is no で (U+3067) in font ec-lmr10!
Missing character: There is no す (U+3059) in font ec-lmr10!
Missing character: There is no よ (U+3088) in font ec-lmr10!
Missing character: There is no 」 (U+300D) in font ec-lmr10!
Missing character: There is no と (U+3068) in font ec-lmr10!
Missing character: There is no 付 (U+4ED8) in font ec-lmr10!
Missing character: There is no け (U+3051) in font ec-lmr10!
Missing character: There is no 加 (U+52A0) in font ec-lmr10!
Missing character: There is no え (U+3048) in font ec-lmr10!
Missing character: There is no た (U+305F) in font ec-lmr10!
Missing character: There is no と (U+3068) in font ec-lmr10!
Missing character: There is no こ (U+3053) in font ec-lmr10!
Missing character: There is no ろ (U+308D) in font ec-lmr10!
Missing character: There is no 、 (U+3001) in font ec-lmr10!
Missing character: There is no 翌 (U+7FCC) in font ec-lmr10!
Missing character: There is no 日 (U+65E5) in font ec-lmr10!
Missing character: There is no に (U+306B) in font ec-lmr10!
Missing character: There is no は (U+306F) in font ec-lmr10!
Missing character: There is no 「 (U+300C) in font ec-lmr10!
Missing character: There is no 明 (U+660E) in font ec-lmr10!
Missing character: There is no 日 (U+65E5) in font ec-lmr10!
Missing character: There is no 発 (U+767A) in font ec-lmr10!
Missing character: There is no 送 (U+9001) in font ec-lmr10!
Missing character: There is no し (U+3057) in font ec-lmr10!
Missing character: There is no ま (U+307E) in font ec-lmr10!
Missing character: There is no す (U+3059) in font ec-lmr10!
Missing character: There is no 」 (U+300D) in font ec-lmr10!
Missing character: There is no と (U+3068) in font ec-lmr10!
Missing character: There is no い (U+3044) in font ec-lmr10!
Missing character: There is no う (U+3046) in font ec-lmr10!
Missing character: There is no 返 (U+8FD4) in font ec-lmr10!
Missing character: There is no 信 (U+4FE1) in font ec-lmr10!
Missing character: There is no が (U+304C) in font ec-lmr10!
Missing character: There is no 届 (U+5C4A) in font ec-lmr10!
Missing character: There is no い (U+3044) in font ec-lmr10!
Missing character: There is no た (U+305F) in font ec-lmr10!
Missing character: There is no 。 (U+3002) in font ec-lmr10!
Missing character: There is no 熱 (U+71B1) in font ec-lmr10!
Missing character: There is no く (U+304F) in font ec-lmr10!
Missing character: There is no な (U+306A) in font ec-lmr10!
Missing character: There is no り (U+308A) in font ec-lmr10!
Missing character: There is no や (U+3084) in font ec-lmr10!
Missing character: There is no す (U+3059) in font ec-lmr10!
Missing character: There is no い (U+3044) in font ec-lmr10!
Missing character: There is no の (U+306E) in font ec-lmr10!
Missing character: There is no は (U+306F) in font ec-lmr10!
Missing character: There is no と (U+3068) in font ec-lmr10!
Missing character: There is no 同 (U+540C) in font ec-lmr10!
Missing character: There is no じ (U+3058) in font ec-lmr10!
Missing character: There is no か (U+304B) in font ec-lmr10!
Missing character: There is no も (U+3082) in font ec-lmr10!
Missing character: There is no し (U+3057) in font ec-lmr10!
Missing character: There is no れ (U+308C) in font ec-lmr10!
Missing character: There is no な (U+306A) in font ec-lmr10!
Missing character: There is no い (U+3044) in font ec-lmr10!
Missing character: There is no 。 (U+3002) in font ec-lmr10!
Missing character: There is no ど (U+3069) in font ec-lmr10!
Missing character: There is no こ (U+3053) in font ec-lmr10!
Missing character: There is no ま (U+307E) in font ec-lmr10!
Missing character: There is no で (U+3067) in font ec-lmr10!
Missing character: There is no 熱 (U+71B1) in font ec-lmr10!
Missing character: There is no く (U+304F) in font ec-lmr10!
Missing character: There is no な (U+306A) in font ec-lmr10!
Missing character: There is no る (U+308B) in font ec-lmr10!
Missing character: There is no か (U+304B) in font ec-lmr10!
Missing character: There is no は (U+306F) in font ec-lmr10!
Missing character: There is no ま (U+307E) in font ec-lmr10!
Missing character: There is no た (U+305F) in font ec-lmr10!
Missing character: There is no 次 (U+6B21) in font ec-lmr10!
Missing character: There is no 回 (U+56DE) in font ec-lmr10!
Missing character: There is no 試 (U+8A66) in font ec-lmr10!
Missing character: There is no し (U+3057) in font ec-lmr10!
Missing character: There is no て (U+3066) in font ec-lmr10!
Missing character: There is no み (U+307F) in font ec-lmr10!
Missing character: There is no よ (U+3088) in font ec-lmr10!
Missing character: There is no う (U+3046) in font ec-lmr10!
Missing character: There is no と (U+3068) in font ec-lmr10!
Missing character: There is no 思 (U+601D) in font ec-lmr10!
Missing character: There is no う (U+3046) in font ec-lmr10!
Missing character: There is no （ (U+FF08) in font ec-lmr10!
Missing character: There is no 週 (U+9031) in font ec-lmr10!
Missing character: There is no 末 (U+672B) in font ec-lmr10!
Missing character: There is no に (U+306B) in font ec-lmr10!
Missing character: There is no で (U+3067) in font ec-lmr10!
Missing character: There is no も (U+3082) in font ec-lmr10!
Missing character: There is no 。 (U+3002) in font ec-lmr10!
Missing character: There is no で (U+3067) in font ec-lmr10!
Missing character: There is no も (U+3082) in font ec-lmr10!
Missing character: There is no 、 (U+3001) in font ec-lmr10!
Missing character: There is no 何 (U+4F55) in font ec-lmr10!
Missing character: There is no か (U+304B) in font ec-lmr10!
Missing character: There is no イ (U+30A4) in font ec-lmr10!
Missing character: There is no ベ (U+30D9) in font ec-lmr10!
Missing character: There is no ン (U+30F3) in font ec-lmr10!
Missing character: There is no ト (U+30C8) in font ec-lmr10!
Missing character: There is no が (U+304C) in font ec-lmr10!
Missing character: There is no あ (U+3042) in font ec-lmr10!
Missing character: There is no っ (U+3063) in font ec-lmr10!
Missing character: There is no た (U+305F) in font ec-lmr10!
Missing character: There is no よ (U+3088) in font ec-lmr10!
Missing character: There is no う (U+3046) in font ec-lmr10!
Missing character: There is no な (U+306A) in font ec-lmr10!
Missing character: There is no 気 (U+6C17) in font ec-lmr10!
Missing character: There is no も (U+3082) in font ec-lmr10!
Missing character: There is no す (U+3059) in font ec-lmr10!
Missing character: There is no る (U+308B) in font ec-lmr10!
Missing character: There is no け (U+3051) in font ec-lmr10!
Missing character: There is no ど (U+3069) in font ec-lmr10!
Missing character: There is no … (U+2026) in font ec-lmr10!
Missing character: There is no … (U+2026) in font ec-lmr10!
Missing character: There is no ） (U+FF09) in font ec-lmr10!
Missing character: There is no 。 (U+3002) in font ec-lmr10!
Missing character: There is no 熱 (U+71B1) in font ec-lmr10!
Missing character: There is no く (U+304F) in font ec-lmr10!
Missing character: There is no な (U+306A) in font ec-lmr10!
Missing character: There is no り (U+308A) in font ec-lmr10!
Missing character: There is no や (U+3084) in font ec-lmr10!
Missing character: There is no す (U+3059) in font ec-lmr10!
Missing character: There is no い (U+3044) in font ec-lmr10!
Missing character: There is no の (U+306E) in font ec-lmr10!
Missing character: There is no は (U+306F) in font ec-lmr10!
Missing character: There is no と (U+3068) in font ec-lmr10!
Missing character: There is no 同 (U+540C) in font ec-lmr10!
Missing character: There is no じ (U+3058) in font ec-lmr10!
Missing character: There is no か (U+304B) in font ec-lmr10!
Missing character: There is no も (U+3082) in font ec-lmr10!
Missing character: There is no し (U+3057) in font ec-lmr10!
Missing character: There is no れ (U+308C) in font ec-lmr10!
Missing character: There is no な (U+306A) in font ec-lmr10!
Missing character: There is no い (U+3044) in font ec-lmr10!
Missing character: There is no 。 (U+3002) in font ec-lmr10!
Missing character: There is no ど (U+3069) in font ec-lmr10!
Missing character: There is no こ (U+3053) in font ec-lmr10!
Missing character: There is no ま (U+307E) in font ec-lmr10!
Missing character: There is no で (U+3067) in font ec-lmr10!
Missing character: There is no 熱 (U+71B1) in font ec-lmr10!
Missing character: There is no く (U+304F) in font ec-lmr10!
Missing character: There is no な (U+306A) in font ec-lmr10!
Missing character: There is no る (U+308B) in font ec-lmr10!
Missing character: There is no か (U+304B) in font ec-lmr10!
Missing character: There is no は (U+306F) in font ec-lmr10!
Missing character: There is no ま (U+307E) in font ec-lmr10!
Missing character: There is no た (U+305F) in font ec-lmr10!
Missing character: There is no 次 (U+6B21) in font ec-lmr10!
Missing character: There is no 回 (U+56DE) in font ec-lmr10!
Missing character: There is no 試 (U+8A66) in font ec-lmr10!
Missing character: There is no し (U+3057) in font ec-lmr10!
Missing character: There is no て (U+3066) in font ec-lmr10!
Missing character: There is no み (U+307F) in font ec-lmr10!
Missing character: There is no よ (U+3088) in font ec-lmr10!
Missing character: There is no う (U+3046) in font ec-lmr10!
Missing character: There is no と (U+3068) in font ec-lmr10!
Missing character: There is no 思 (U+601D) in font ec-lmr10!
Missing character: There is no う (U+3046) in font ec-lmr10!
Missing character: There is no （ (U+FF08) in font ec-lmr10!
Missing character: There is no 週 (U+9031) in font ec-lmr10!
Missing character: There is no 末 (U+672B) in font ec-lmr10!
Missing character: There is no に (U+306B) in font ec-lmr10!
Missing character: There is no で (U+3067) in font ec-lmr10!
Missing character: There is no も (U+3082) in font ec-lmr10!
Missing character: There is no 。 (U+3002) in font ec-lmr10!
Missing character: There is no で (U+3067) in font ec-lmr10!
Missing character: There is no も (U+3082) in font ec-lmr10!
Missing character: There is no 、 (U+3001) in font ec-lmr10!
Missing character: There is no 何 (U+4F55) in font ec-lmr10!
Missing character: There is no か (U+304B) in font ec-lmr10!
Missing character: There is no イ (U+30A4) in font ec-lmr10!
Missing character: There is no ベ (U+30D9) in font ec-lmr10!
Missing character: There is no ン (U+30F3) in font ec-lmr10!
Missing character: There is no ト (U+30C8) in font ec-lmr10!
Missing character: There is no が (U+304C) in font ec-lmr10!
Missing character: There is no あ (U+3042) in font ec-lmr10!
Missing character: There is no っ (U+3063) in font ec-lmr10!
Missing character: There is no た (U+305F) in font ec-lmr10!
Missing character: There is no よ (U+3088) in font ec-lmr10!
Missing character: There is no う (U+3046) in font ec-lmr10!
Missing character: There is no な (U+306A) in font ec-lmr10!
Missing character: There is no 気 (U+6C17) in font ec-lmr10!
Missing character: There is no も (U+3082) in font ec-lmr10!
Missing character: There is no す (U+3059) in font ec-lmr10!
Missing character: There is no る (U+308B) in font ec-lmr10!
Missing character: There is no け (U+3051) in font ec-lmr10!
Missing character: There is no ど (U+3069) in font ec-lmr10!
Missing character: There is no … (U+2026) in font ec-lmr10!
Missing character: There is no … (U+2026) in font ec-lmr10!
Missing character: There is no ） (U+FF09) in font ec-lmr10!
Missing character: There is no 。 (U+3002) in font ec-lmr10!
Missing character: There is no お (U+304A) in font ec-lmbx10!
Missing character: There is no き (U+304D) in font ec-lmbx10!
Missing character: There is no ま (U+307E) in font ec-lmbx10!
Missing character: There is no り (U+308A) in font ec-lmbx10!
Missing character: There is no の (U+306E) in font ec-lmbx10!
Missing character: There is no と (U+3068) in font ec-lmbx10!
Missing character: There is no い (U+3044) in font ec-lmbx10!
Missing character: There is no う (U+3046) in font ec-lmbx10!
Missing character: There is no こ (U+3053) in font ec-lmbx10!
Missing character: There is no と (U+3068) in font ec-lmbx10!
Missing character: There is no で (U+3067) in font ec-lmbx10!
Missing character: There is no 、 (U+3001) in font ec-lmbx10!
Missing character: There is no お (U+304A) in font ec-lmbx10!
Missing character: There is no 写 (U+5199) in font ec-lmbx10!
Missing character: There is no 真 (U+771F) in font ec-lmbx10!
Missing character: There is no を (U+3092) in font ec-lmbx10!
Missing character: There is no お (U+304A) in font ec-lmbx10!
Missing character: There is no き (U+304D) in font ec-lmbx10!
Missing character: There is no ま (U+307E) in font ec-lmbx10!
Missing character: There is no り (U+308A) in font ec-lmbx10!
Missing character: There is no の (U+306E) in font ec-lmbx10!
Missing character: There is no と (U+3068) in font ec-lmbx10!
Missing character: There is no い (U+3044) in font ec-lmbx10!
Missing character: There is no う (U+3046) in font ec-lmbx10!
Missing character: There is no こ (U+3053) in font ec-lmbx10!
Missing character: There is no と (U+3068) in font ec-lmbx10!
Missing character: There is no で (U+3067) in font ec-lmbx10!
Missing character: There is no 、 (U+3001) in font ec-lmbx10!
Missing character: There is no お (U+304A) in font ec-lmbx10!
Missing character: There is no 写 (U+5199) in font ec-lmbx10!
Missing character: There is no 真 (U+771F) in font ec-lmbx10!
Missing character: There is no を (U+3092) in font ec-lmbx10!
Missing character: There is no 以 (U+4EE5) in font ec-lmr10!
Missing character: There is no 前 (U+524D) in font ec-lmr10!
Missing character: There is no の (U+306E) in font ec-lmr10!
Missing character: There is no ブ (U+30D6) in font ec-lmr10!
Missing character: There is no ロ (U+30ED) in font ec-lmr10!
Missing character: There is no グ (U+30B0) in font ec-lmr10!
Missing character: There is no サ (U+30B5) in font ec-lmr10!
Missing character: There is no イ (U+30A4) in font ec-lmr10!
Missing character: There is no ト (U+30C8) in font ec-lmr10!
Missing character: There is no に (U+306B) in font ec-lmr10!
Missing character: There is no ア (U+30A2) in font ec-lmr10!
Missing character: There is no ッ (U+30C3) in font ec-lmr10!
Missing character: There is no プ (U+30D7) in font ec-lmr10!
Missing character: There is no ロ (U+30ED) in font ec-lmr10!
Missing character: There is no ー (U+30FC) in font ec-lmr10!
Missing character: There is no ド (U+30C9) in font ec-lmr10!
Missing character: There is no し (U+3057) in font ec-lmr10!
Missing character: There is no て (U+3066) in font ec-lmr10!
Missing character: There is no い (U+3044) in font ec-lmr10!
Missing character: There is no た (U+305F) in font ec-lmr10!
Missing character: There is no 画 (U+753B) in font ec-lmr10!
Missing character: There is no 像 (U+50CF) in font ec-lmr10!
Missing character: There is no な (U+306A) in font ec-lmr10!
Missing character: There is no の (U+306E) in font ec-lmr10!
Missing character: There is no で (U+3067) in font ec-lmr10!
Missing character: There is no 、 (U+3001) in font ec-lmr10!
Missing character: There is no こ (U+3053) in font ec-lmr10!
Missing character: There is no ち (U+3061) in font ec-lmr10!
Missing character: There is no ら (U+3089) in font ec-lmr10!
Missing character: There is no に (U+306B) in font ec-lmr10!
Missing character: There is no は (U+306F) in font ec-lmr10!
Missing character: There is no 残 (U+6B8B) in font ec-lmr10!
Missing character: There is no っ (U+3063) in font ec-lmr10!
Missing character: There is no て (U+3066) in font ec-lmr10!
Missing character: There is no い (U+3044) in font ec-lmr10!
Missing character: There is no な (U+306A) in font ec-lmr10!
Missing character: There is no い (U+3044) in font ec-lmr10!
Missing character: There is no （ (U+FF08) in font ec-lmr10!
Missing character: There is no ） (U+FF09) in font ec-lmr10!
Missing character: There is no 以 (U+4EE5) in font ec-lmr10!
Missing character: There is no 前 (U+524D) in font ec-lmr10!
Missing character: There is no の (U+306E) in font ec-lmr10!
Missing character: There is no ブ (U+30D6) in font ec-lmr10!
Missing character: There is no ロ (U+30ED) in font ec-lmr10!
Missing character: There is no グ (U+30B0) in font ec-lmr10!
Missing character: There is no サ (U+30B5) in font ec-lmr10!
Missing character: There is no イ (U+30A4) in font ec-lmr10!
Missing character: There is no ト (U+30C8) in font ec-lmr10!
Missing character: There is no に (U+306B) in font ec-lmr10!
Missing character: There is no ア (U+30A2) in font ec-lmr10!
Missing character: There is no ッ (U+30C3) in font ec-lmr10!
Missing character: There is no プ (U+30D7) in font ec-lmr10!
Missing character: There is no ロ (U+30ED) in font ec-lmr10!
Missing character: There is no ー (U+30FC) in font ec-lmr10!
Missing character: There is no ド (U+30C9) in font ec-lmr10!
Missing character: There is no し (U+3057) in font ec-lmr10!
Missing character: There is no て (U+3066) in font ec-lmr10!
Missing character: There is no い (U+3044) in font ec-lmr10!
Missing character: There is no た (U+305F) in font ec-lmr10!
Missing character: There is no 画 (U+753B) in font ec-lmr10!
Missing character: There is no 像 (U+50CF) in font ec-lmr10!
Missing character: There is no な (U+306A) in font ec-lmr10!
Missing character: There is no の (U+306E) in font ec-lmr10!
Missing character: There is no で (U+3067) in font ec-lmr10!
Missing character: There is no 、 (U+3001) in font ec-lmr10!
Missing character: There is no こ (U+3053) in font ec-lmr10!
Missing character: There is no ち (U+3061) in font ec-lmr10!
Missing character: There is no ら (U+3089) in font ec-lmr10!
Missing character: There is no に (U+306B) in font ec-lmr10!
Missing character: There is no は (U+306F) in font ec-lmr10!
Missing character: There is no 残 (U+6B8B) in font ec-lmr10!
Missing character: There is no っ (U+3063) in font ec-lmr10!
Missing character: There is no て (U+3066) in font ec-lmr10!
Missing character: There is no い (U+3044) in font ec-lmr10!
Missing character: There is no な (U+306A) in font ec-lmr10!
Missing character: There is no い (U+3044) in font ec-lmr10!
Missing character: There is no （ (U+FF08) in font ec-lmr10!
Missing character: There is no ） (U+FF09) in font ec-lmr10!
Missing character: There is no の (U+306E) in font ec-lmr9!
Missing character: There is no エ (U+30A8) in font ec-lmr9!
Missing character: There is no デ (U+30C7) in font ec-lmr9!
Missing character: There is no ィ (U+30A3) in font ec-lmr9!
Missing character: There is no タ (U+30BF) in font ec-lmr9!
Missing character: There is no 機 (U+6A5F) in font ec-lmr9!
Missing character: There is no 能 (U+80FD) in font ec-lmr9!
Missing character: There is no は (U+306F) in font ec-lmr9!
Missing character: There is no 大 (U+5927) in font ec-lmr9!
Missing character: There is no 量 (U+91CF) in font ec-lmr9!
Missing character: There is no の (U+306E) in font ec-lmr9!
Missing character: There is no で (U+3067) in font ec-lmr9!
Missing character: There is no 作 (U+4F5C) in font ec-lmr9!
Missing character: There is no ら (U+3089) in font ec-lmr9!
Missing character: There is no れ (U+308C) in font ec-lmr9!
Missing character: There is no て (U+3066) in font ec-lmr9!
Missing character: There is no い (U+3044) in font ec-lmr9!
Missing character: There is no る (U+308B) in font ec-lmr9!
Missing character: There is no た (U+305F) in font ec-lmr9!
Missing character: There is no め (U+3081) in font ec-lmr9!
Missing character: There is no 処 (U+51E6) in font ec-lmr9!
Missing character: There is no 理 (U+7406) in font ec-lmr9!
Missing character: There is no 速 (U+901F) in font ec-lmr9!
Missing character: There is no 度 (U+5EA6) in font ec-lmr9!
Missing character: There is no は (U+306F) in font ec-lmr9!
Missing character: There is no 遅 (U+9045) in font ec-lmr9!
Missing character: There is no く (U+304F) in font ec-lmr9!
Missing character: There is no 重 (U+91CD) in font ec-lmr9!
Missing character: There is no た (U+305F) in font ec-lmr9!
Missing character: There is no い (U+3044) in font ec-lmr9!
Missing character: There is no 。 (U+3002) in font ec-lmr9!
Missing character: There is no ネ (U+30CD) in font ec-lmr9!
Missing character: There is no イ (U+30A4) in font ec-lmr9!
Missing character: There is no テ (U+30C6) in font ec-lmr9!
Missing character: There is no ィ (U+30A3) in font ec-lmr9!
Missing character: There is no ブ (U+30D6) in font ec-lmr9!
Missing character: There is no コ (U+30B3) in font ec-lmr9!
Missing character: There is no ー (U+30FC) in font ec-lmr9!
Missing character: There is no ド (U+30C9) in font ec-lmr9!
Missing character: There is no と (U+3068) in font ec-lmr9!
Missing character: There is no は (U+306F) in font ec-lmr9!
Missing character: There is no 実 (U+5B9F) in font ec-lmr9!
Missing character: There is no 行 (U+884C) in font ec-lmr9!
Missing character: There is no す (U+3059) in font ec-lmr9!
Missing character: There is no る (U+308B) in font ec-lmr9!
Missing character: There is no 都 (U+90FD) in font ec-lmr9!
Missing character: There is no 度 (U+5EA6) in font ec-lmr9!
Missing character: There is no 読 (U+8AAD) in font ec-lmr9!
Missing character: There is no ん (U+3093) in font ec-lmr9!
Missing character: There is no で (U+3067) in font ec-lmr9!
Missing character: There is no 解 (U+89E3) in font ec-lmr9!
Missing character: There is no 釈 (U+91C8) in font ec-lmr9!
Missing character: There is no し (U+3057) in font ec-lmr9!
Missing character: There is no て (U+3066) in font ec-lmr9!
Missing character: There is no い (U+3044) in font ec-lmr9!
Missing character: There is no た (U+305F) in font ec-lmr9!
Missing character: There is no コ (U+30B3) in font ec-lmr9!
Missing character: There is no ー (U+30FC) in font ec-lmr9!
Missing character: There is no ド (U+30C9) in font ec-lmr9!
Missing character: There is no を (U+3092) in font ec-lmr9!
Missing character: There is no バ (U+30D0) in font ec-lmr9!
Missing character: There is no イ (U+30A4) in font ec-lmr9!
Missing character: There is no ナ (U+30CA) in font ec-lmr9!
Missing character: There is no リ (U+30EA) in font ec-lmr9!
Missing character: There is no コ (U+30B3) in font ec-lmr9!
Missing character: There is no ー (U+30FC) in font ec-lmr9!
Missing character: There is no ド (U+30C9) in font ec-lmr9!
Missing character: There is no に (U+306B) in font ec-lmr9!
Missing character: There is no バ (U+30D0) in font ec-lmr9!
Missing character: There is no ッ (U+30C3) in font ec-lmr9!
Missing character: There is no ク (U+30AF) in font ec-lmr9!
Missing character: There is no グ (U+30B0) in font ec-lmr9!
Missing character: There is no ラ (U+30E9) in font ec-lmr9!
Missing character: There is no ウ (U+30A6) in font ec-lmr9!
Missing character: There is no ン (U+30F3) in font ec-lmr9!
Missing character: There is no ド (U+30C9) in font ec-lmr9!
Missing character: There is no で (U+3067) in font ec-lmr9!
Missing character: There is no 自 (U+81EA) in font ec-lmr9!
Missing character: There is no 動 (U+52D5) in font ec-lmr9!
Missing character: There is no 的 (U+7684) in font ec-lmr9!
Missing character: There is no に (U+306B) in font ec-lmr9!
Missing character: There is no コ (U+30B3) in font ec-lmr9!
Missing character: There is no ン (U+30F3) in font ec-lmr9!
Missing character: There is no パ (U+30D1) in font ec-lmr9!
Missing character: There is no イ (U+30A4) in font ec-lmr9!
Missing character: There is no ル (U+30EB) in font ec-lmr9!
Missing character: There is no す (U+3059) in font ec-lmr9!
Missing character: There is no る (U+308B) in font ec-lmr9!
Missing character: There is no 機 (U+6A5F) in font ec-lmr9!
Missing character: There is no 能 (U+80FD) in font ec-lmr9!
Missing character: There is no で (U+3067) in font ec-lmr9!
Missing character: There is no 、 (U+3001) in font ec-lmr9!
Missing character: There is no 次 (U+6B21) in font ec-lmr9!
Missing character: There is no 回 (U+56DE) in font ec-lmr9!
Missing character: There is no か (U+304B) in font ec-lmr9!
Missing character: There is no ら (U+3089) in font ec-lmr9!
Missing character: There is no 最 (U+6700) in font ec-lmr9!
Missing character: There is no 速 (U+901F) in font ec-lmr9!
Missing character: There is no で (U+3067) in font ec-lmr9!
Missing character: There is no 動 (U+52D5) in font ec-lmr9!
Missing character: There is no 作 (U+4F5C) in font ec-lmr9!
Missing character: There is no す (U+3059) in font ec-lmr9!
Missing character: There is no る (U+308B) in font ec-lmr9!
Missing character: There is no こ (U+3053) in font ec-lmr9!
Missing character: There is no と (U+3068) in font ec-lmr9!
Missing character: There is no が (U+304C) in font ec-lmr9!
Missing character: There is no 期 (U+671F) in font ec-lmr9!
Missing character: There is no 待 (U+5F85) in font ec-lmr9!
Missing character: There is no さ (U+3055) in font ec-lmr9!
Missing character: There is no れ (U+308C) in font ec-lmr9!
Missing character: There is no る (U+308B) in font ec-lmr9!
Missing character: There is no 。 (U+3002) in font ec-lmr9!
Missing character: There is no の (U+306E) in font ec-lmr9!
Missing character: There is no エ (U+30A8) in font ec-lmr9!
Missing character: There is no デ (U+30C7) in font ec-lmr9!
Missing character: There is no ィ (U+30A3) in font ec-lmr9!
Missing character: There is no タ (U+30BF) in font ec-lmr9!
Missing character: There is no 機 (U+6A5F) in font ec-lmr9!
Missing character: There is no 能 (U+80FD) in font ec-lmr9!
Missing character: There is no は (U+306F) in font ec-lmr9!
Missing character: There is no 大 (U+5927) in font ec-lmr9!
Missing character: There is no 量 (U+91CF) in font ec-lmr9!
Missing character: There is no の (U+306E) in font ec-lmr9!
Missing character: There is no で (U+3067) in font ec-lmr9!
Missing character: There is no 作 (U+4F5C) in font ec-lmr9!
Missing character: There is no ら (U+3089) in font ec-lmr9!
Missing character: There is no れ (U+308C) in font ec-lmr9!
Missing character: There is no て (U+3066) in font ec-lmr9!
Missing character: There is no い (U+3044) in font ec-lmr9!
Missing character: There is no る (U+308B) in font ec-lmr9!
Missing character: There is no た (U+305F) in font ec-lmr9!
Missing character: There is no め (U+3081) in font ec-lmr9!
Missing character: There is no 処 (U+51E6) in font ec-lmr9!
Missing character: There is no 理 (U+7406) in font ec-lmr9!
Missing character: There is no 速 (U+901F) in font ec-lmr9!
Missing character: There is no 度 (U+5EA6) in font ec-lmr9!
Missing character: There is no は (U+306F) in font ec-lmr9!
Missing character: There is no 遅 (U+9045) in font ec-lmr9!
Missing character: There is no く (U+304F) in font ec-lmr9!
Missing character: There is no 重 (U+91CD) in font ec-lmr9!
Missing character: There is no た (U+305F) in font ec-lmr9!
Missing character: There is no い (U+3044) in font ec-lmr9!
Missing character: There is no 。 (U+3002) in font ec-lmr9!
Missing character: There is no ネ (U+30CD) in font ec-lmr9!
Missing character: There is no イ (U+30A4) in font ec-lmr9!
Missing character: There is no テ (U+30C6) in font ec-lmr9!
Missing character: There is no ィ (U+30A3) in font ec-lmr9!
Missing character: There is no ブ (U+30D6) in font ec-lmr9!
Missing character: There is no コ (U+30B3) in font ec-lmr9!
Missing character: There is no ー (U+30FC) in font ec-lmr9!
Missing character: There is no ド (U+30C9) in font ec-lmr9!
Missing character: There is no と (U+3068) in font ec-lmr9!
Missing character: There is no は (U+306F) in font ec-lmr9!
Missing character: There is no 実 (U+5B9F) in font ec-lmr9!
Missing character: There is no 行 (U+884C) in font ec-lmr9!
Missing character: There is no す (U+3059) in font ec-lmr9!
Missing character: There is no る (U+308B) in font ec-lmr9!
Missing character: There is no 都 (U+90FD) in font ec-lmr9!
Missing character: There is no 度 (U+5EA6) in font ec-lmr9!
Missing character: There is no 読 (U+8AAD) in font ec-lmr9!
Missing character: There is no ん (U+3093) in font ec-lmr9!
Missing character: There is no で (U+3067) in font ec-lmr9!
Missing character: There is no 解 (U+89E3) in font ec-lmr9!
Missing character: There is no 釈 (U+91C8) in font ec-lmr9!
Missing character: There is no し (U+3057) in font ec-lmr9!
Missing character: There is no て (U+3066) in font ec-lmr9!
Missing character: There is no い (U+3044) in font ec-lmr9!
Missing character: There is no た (U+305F) in font ec-lmr9!
Missing character: There is no コ (U+30B3) in font ec-lmr9!
Missing character: There is no ー (U+30FC) in font ec-lmr9!
Missing character: There is no ド (U+30C9) in font ec-lmr9!
Missing character: There is no を (U+3092) in font ec-lmr9!
Missing character: There is no バ (U+30D0) in font ec-lmr9!
Missing character: There is no イ (U+30A4) in font ec-lmr9!
Missing character: There is no ナ (U+30CA) in font ec-lmr9!
Missing character: There is no リ (U+30EA) in font ec-lmr9!
Missing character: There is no コ (U+30B3) in font ec-lmr9!
Missing character: There is no ー (U+30FC) in font ec-lmr9!
Missing character: There is no ド (U+30C9) in font ec-lmr9!
Missing character: There is no に (U+306B) in font ec-lmr9!
Missing character: There is no バ (U+30D0) in font ec-lmr9!
Missing character: There is no ッ (U+30C3) in font ec-lmr9!
Missing character: There is no ク (U+30AF) in font ec-lmr9!
Missing character: There is no グ (U+30B0) in font ec-lmr9!
Missing character: There is no ラ (U+30E9) in font ec-lmr9!
Missing character: There is no ウ (U+30A6) in font ec-lmr9!
Missing character: There is no ン (U+30F3) in font ec-lmr9!
Missing character: There is no ド (U+30C9) in font ec-lmr9!
Missing character: There is no で (U+3067) in font ec-lmr9!
Missing character: There is no 自 (U+81EA) in font ec-lmr9!
Missing character: There is no 動 (U+52D5) in font ec-lmr9!
Missing character: There is no 的 (U+7684) in font ec-lmr9!
Missing character: There is no に (U+306B) in font ec-lmr9!
Missing character: There is no コ (U+30B3) in font ec-lmr9!
Missing character: There is no ン (U+30F3) in font ec-lmr9!
Missing character: There is no パ (U+30D1) in font ec-lmr9!
Missing character: There is no イ (U+30A4) in font ec-lmr9!
Missing character: There is no ル (U+30EB) in font ec-lmr9!
Missing character: There is no す (U+3059) in font ec-lmr9!
Missing character: There is no る (U+308B) in font ec-lmr9!
Missing character: There is no 機 (U+6A5F) in font ec-lmr9!
Missing character: There is no 能 (U+80FD) in font ec-lmr9!
Missing character: There is no で (U+3067) in font ec-lmr9!
Missing character: There is no 、 (U+3001) in font ec-lmr9!
Missing character: There is no 次 (U+6B21) in font ec-lmr9!
Missing character: There is no 回 (U+56DE) in font ec-lmr9!
Missing character: There is no か (U+304B) in font ec-lmr9!
Missing character: There is no ら (U+3089) in font ec-lmr9!
Missing character: There is no 最 (U+6700) in font ec-lmr9!
Missing character: There is no 速 (U+901F) in font ec-lmr9!
Missing character: There is no で (U+3067) in font ec-lmr9!
Missing character: There is no 動 (U+52D5) in font ec-lmr9!
Missing character: There is no 作 (U+4F5C) in font ec-lmr9!
Missing character: There is no す (U+3059) in font ec-lmr9!
Missing character: There is no る (U+308B) in font ec-lmr9!
Missing character: There is no こ (U+3053) in font ec-lmr9!
Missing character: There is no と (U+3068) in font ec-lmr9!
Missing character: There is no が (U+304C) in font ec-lmr9!
Missing character: There is no 期 (U+671F) in font ec-lmr9!
Missing character: There is no 待 (U+5F85) in font ec-lmr9!
Missing character: There is no さ (U+3055) in font ec-lmr9!
Missing character: There is no れ (U+308C) in font ec-lmr9!
Missing character: There is no る (U+308B) in font ec-lmr9!
Missing character: There is no 。 (U+3002) in font ec-lmr9!
Missing character: There is no ボ (U+30DC) in font ec-lmbx10!
Missing character: There is no ー (U+30FC) in font ec-lmbx10!
Missing character: There is no ド (U+30C9) in font ec-lmbx10!
Missing character: There is no を (U+3092) in font ec-lmbx10!
Missing character: There is no 繋 (U+7E4B) in font ec-lmbx10!
Missing character: There is no ぎ (U+304E) in font ec-lmbx10!
Missing character: There is no 、 (U+3001) in font ec-lmbx10!
Missing character: There is no シ (U+30B7) in font ec-lmbx10!
Missing character: There is no リ (U+30EA) in font ec-lmbx10!
Missing character: There is no ア (U+30A2) in font ec-lmbx10!
Missing character: There is no ル (U+30EB) in font ec-lmbx10!
Missing character: There is no デ (U+30C7) in font ec-lmbx10!
Missing character: There is no バ (U+30D0) in font ec-lmbx10!
Missing character: There is no イ (U+30A4) in font ec-lmbx10!
Missing character: There is no ス (U+30B9) in font ec-lmbx10!
Missing character: There is no 例 (U+4F8B) in font ec-lmbx10!
Missing character: There is no で (U+3067) in font ec-lmbx10!
Missing character: There is no は (U+306F) in font ec-lmbx10!
Missing character: There is no を (U+3092) in font ec-lmbx10!
Missing character: There is no 確 (U+78BA) in font ec-lmbx10!
Missing character: There is no 認 (U+8A8D) in font ec-lmbx10!
Missing character: There is no し (U+3057) in font ec-lmbx10!
Missing character: There is no た (U+305F) in font ec-lmbx10!
Missing character: There is no ら (U+3089) in font ec-lmbx10!
Missing character: There is no ボ (U+30DC) in font ec-lmbx10!
Missing character: There is no ー (U+30FC) in font ec-lmbx10!
Missing character: There is no ド (U+30C9) in font ec-lmbx10!
Missing character: There is no を (U+3092) in font ec-lmbx10!
Missing character: There is no 繋 (U+7E4B) in font ec-lmbx10!
Missing character: There is no ぎ (U+304E) in font ec-lmbx10!
Missing character: There is no 、 (U+3001) in font ec-lmbx10!
Missing character: There is no シ (U+30B7) in font ec-lmbx10!
Missing character: There is no リ (U+30EA) in font ec-lmbx10!
Missing character: There is no ア (U+30A2) in font ec-lmbx10!
Missing character: There is no ル (U+30EB) in font ec-lmbx10!
Missing character: There is no デ (U+30C7) in font ec-lmbx10!
Missing character: There is no バ (U+30D0) in font ec-lmbx10!
Missing character: There is no イ (U+30A4) in font ec-lmbx10!
Missing character: There is no ス (U+30B9) in font ec-lmbx10!
Missing character: There is no 例 (U+4F8B) in font ec-lmbx10!
Missing character: There is no で (U+3067) in font ec-lmbx10!
Missing character: There is no は (U+306F) in font ec-lmbx10!
Missing character: There is no を (U+3092) in font ec-lmbx10!
Missing character: There is no 確 (U+78BA) in font ec-lmbx10!
Missing character: There is no 認 (U+8A8D) in font ec-lmbx10!
Missing character: There is no し (U+3057) in font ec-lmbx10!
Missing character: There is no た (U+305F) in font ec-lmbx10!
Missing character: There is no ら (U+3089) in font ec-lmbx10!

Overfull \hbox (13.66768pt too wide) in paragraph at lines 532--532
[]\T1/lmtt/m/n/10.95 usb 2-2: FTDI USB Serial Device converter now attached to 
ttyUSB0[] 
 []

Missing character: There is no と (U+3068) in font ec-lmr10!
Missing character: There is no し (U+3057) in font ec-lmr10!
Missing character: There is no て (U+3066) in font ec-lmr10!
Missing character: There is no コ (U+30B3) in font ec-lmr10!
Missing character: There is no マ (U+30DE) in font ec-lmr10!
Missing character: There is no ン (U+30F3) in font ec-lmr10!
Missing character: There is no ド (U+30C9) in font ec-lmr10!
Missing character: There is no で (U+3067) in font ec-lmr10!
Missing character: There is no タ (U+30BF) in font ec-lmr10!
Missing character: There is no ー (U+30FC) in font ec-lmr10!
Missing character: There is no ミ (U+30DF) in font ec-lmr10!
Missing character: There is no ナ (U+30CA) in font ec-lmr10!
Missing character: There is no ル (U+30EB) in font ec-lmr10!
Missing character: There is no を (U+3092) in font ec-lmr10!
Missing character: There is no 立 (U+7ACB) in font ec-lmr10!
Missing character: There is no ち (U+3061) in font ec-lmr10!
Missing character: There is no 上 (U+4E0A) in font ec-lmr10!
Missing character: There is no げ (U+3052) in font ec-lmr10!
Missing character: There is no て (U+3066) in font ec-lmr10!
Missing character: There is no お (U+304A) in font ec-lmr10!
Missing character: There is no く (U+304F) in font ec-lmr10!
Missing character: There is no 。 (U+3002) in font ec-lmr10!
Missing character: There is no と (U+3068) in font ec-lmr10!
Missing character: There is no し (U+3057) in font ec-lmr10!
Missing character: There is no て (U+3066) in font ec-lmr10!
Missing character: There is no コ (U+30B3) in font ec-lmr10!
Missing character: There is no マ (U+30DE) in font ec-lmr10!
Missing character: There is no ン (U+30F3) in font ec-lmr10!
Missing character: There is no ド (U+30C9) in font ec-lmr10!
Missing character: There is no で (U+3067) in font ec-lmr10!
Missing character: There is no タ (U+30BF) in font ec-lmr10!
Missing character: There is no ー (U+30FC) in font ec-lmr10!
Missing character: There is no ミ (U+30DF) in font ec-lmr10!
Missing character: There is no ナ (U+30CA) in font ec-lmr10!
Missing character: There is no ル (U+30EB) in font ec-lmr10!
Missing character: There is no を (U+3092) in font ec-lmr10!
Missing character: There is no 立 (U+7ACB) in font ec-lmr10!
Missing character: There is no ち (U+3061) in font ec-lmr10!
Missing character: There is no 上 (U+4E0A) in font ec-lmr10!
Missing character: There is no げ (U+3052) in font ec-lmr10!
Missing character: There is no て (U+3066) in font ec-lmr10!
Missing character: There is no お (U+304A) in font ec-lmr10!
Missing character: There is no く (U+304F) in font ec-lmr10!
Missing character: There is no 。 (U+3002) in font ec-lmr10!
Missing character: There is no が (U+304C) in font ec-lmbx10!
Missing character: There is no 届 (U+5C4A) in font ec-lmbx10!
Missing character: There is no い (U+3044) in font ec-lmbx10!
Missing character: There is no て (U+3066) in font ec-lmbx10!
Missing character: There is no か (U+304B) in font ec-lmbx10!
Missing character: There is no ら (U+3089) in font ec-lmbx10!
Missing character: There is no 遊 (U+904A) in font ec-lmbx10!
Missing character: There is no ん (U+3093) in font ec-lmbx10!
Missing character: There is no だ (U+3060) in font ec-lmbx10!
Missing character: There is no こ (U+3053) in font ec-lmbx10!
Missing character: There is no と (U+3068) in font ec-lmbx10!
Missing character: There is no が (U+304C) in font ec-lmbx10!
Missing character: There is no 届 (U+5C4A) in font ec-lmbx10!
Missing character: There is no い (U+3044) in font ec-lmbx10!
Missing character: There is no て (U+3066) in font ec-lmbx10!
Missing character: There is no か (U+304B) in font ec-lmbx10!
Missing character: There is no ら (U+3089) in font ec-lmbx10!
Missing character: There is no 遊 (U+904A) in font ec-lmbx10!
Missing character: There is no ん (U+3093) in font ec-lmbx10!
Missing character: There is no だ (U+3060) in font ec-lmbx10!
Missing character: There is no こ (U+3053) in font ec-lmbx10!
Missing character: There is no と (U+3068) in font ec-lmbx10!
Missing character: There is no の (U+306E) in font ec-lmr10!
Missing character: There is no ア (U+30A2) in font ec-lmr10!
Missing character: There is no ッ (U+30C3) in font ec-lmr10!
Missing character: There is no プ (U+30D7) in font ec-lmr10!
Missing character: There is no デ (U+30C7) in font ec-lmr10!
Missing character: There is no ー (U+30FC) in font ec-lmr10!
Missing character: There is no ト (U+30C8) in font ec-lmr10!
Missing character: There is no の (U+306E) in font ec-lmr10!
Missing character: There is no ア (U+30A2) in font ec-lmr10!
Missing character: There is no ッ (U+30C3) in font ec-lmr10!
Missing character: There is no プ (U+30D7) in font ec-lmr10!
Missing character: There is no デ (U+30C7) in font ec-lmr10!
Missing character: There is no ー (U+30FC) in font ec-lmr10!
Missing character: There is no ト (U+30C8) in font ec-lmr10!
[11
Missing character: There is no 出 (U+51FA) in font ec-lmr10!
Missing character: There is no 遅 (U+9045) in font ec-lmr10!
Missing character: There is no れ (U+308C) in font ec-lmr10!
Missing character: There is no て (U+3066) in font ec-lmr10!
Missing character: There is no し (U+3057) in font ec-lmr10!
Missing character: There is no ま (U+307E) in font ec-lmr10!
Missing character: There is no っ (U+3063) in font ec-lmr10!
Missing character: There is no た (U+305F) in font ec-lmr10!
Missing character: There is no 感 (U+611F) in font ec-lmr10!
Missing character: There is no は (U+306F) in font ec-lmr10!
Missing character: There is no 否 (U+5426) in font ec-lmr10!
Missing character: There is no め (U+3081) in font ec-lmr10!
Missing character: There is no な (U+306A) in font ec-lmr10!
Missing character: There is no い (U+3044) in font ec-lmr10!
Missing character: There is no け (U+3051) in font ec-lmr10!
Missing character: There is no れ (U+308C) in font ec-lmr10!
Missing character: There is no ど (U+3069) in font ec-lmr10!
Missing character: There is no （ (U+FF08) in font ec-lmr10!
Missing character: There is no ま (U+307E) in font ec-lmr10!
Missing character: There is no ぁ (U+3041) in font ec-lmr10!
Missing character: There is no 人 (U+4EBA) in font ec-lmr10!
Missing character: There is no 柱 (U+67F1) in font ec-lmr10!
Missing character: There is no に (U+306B) in font ec-lmr10!
Missing character: There is no な (U+306A) in font ec-lmr10!
Missing character: There is no っ (U+3063) in font ec-lmr10!
Missing character: There is no て (U+3066) in font ec-lmr10!
Missing character: There is no く (U+304F) in font ec-lmr10!
Missing character: There is no れ (U+308C) in font ec-lmr10!
Missing character: There is no た (U+305F) in font ec-lmr10!
Missing character: There is no 人 (U+4EBA) in font ec-lmr10!
Missing character: There is no が (U+304C) in font ec-lmr10!
Missing character: There is no た (U+305F) in font ec-lmr10!
Missing character: There is no く (U+304F) in font ec-lmr10!
Missing character: There is no さ (U+3055) in font ec-lmr10!
Missing character: There is no ん (U+3093) in font ec-lmr10!
Missing character: There is no い (U+3044) in font ec-lmr10!
Missing character: There is no た (U+305F) in font ec-lmr10!
Missing character: There is no の (U+306E) in font ec-lmr10!
Missing character: There is no で (U+3067) in font ec-lmr10!
Missing character: There is no 、 (U+3001) in font ec-lmr10!
Missing character: There is no そ (U+305D) in font ec-lmr10!
Missing character: There is no の (U+306E) in font ec-lmr10!
Missing character: There is no 点 (U+70B9) in font ec-lmr10!
Missing character: There is no は (U+306F) in font ec-lmr10!
Missing character: There is no 心 (U+5FC3) in font ec-lmr10!
Missing character: There is no 強 (U+5F37) in font ec-lmr10!
Missing character: There is no か (U+304B) in font ec-lmr10!
Missing character: There is no っ (U+3063) in font ec-lmr10!
Missing character: There is no た (U+305F) in font ec-lmr10!
Missing character: There is no ） (U+FF09) in font ec-lmr10!
Missing character: There is no 、 (U+3001) in font ec-lmr10!
Missing character: There is no や (U+3084) in font ec-lmr10!
Missing character: There is no っ (U+3063) in font ec-lmr10!
Missing character: There is no と (U+3068) in font ec-lmr10!
Missing character: There is no が (U+304C) in font ec-lmr10!
Missing character: There is no 届 (U+5C4A) in font ec-lmr10!
Missing character: There is no い (U+3044) in font ec-lmr10!
Missing character: There is no た (U+305F) in font ec-lmr10!
Missing character: There is no 。 (U+3002) in font ec-lmr10!
Missing character: There is no も (U+3082) in font ec-lmr10!
Missing character: There is no し (U+3057) in font ec-lmr10!
Missing character: There is no か (U+304B) in font ec-lmr10!
Missing character: There is no す (U+3059) in font ec-lmr10!
Missing character: There is no る (U+308B) in font ec-lmr10!
Missing character: There is no と (U+3068) in font ec-lmr10!
Missing character: There is no の (U+306E) in font ec-lmr10!
Missing character: There is no 注 (U+6CE8) in font ec-lmr10!
Missing character: There is no 文 (U+6587) in font ec-lmr10!
Missing character: There is no と (U+3068) in font ec-lmr10!
Missing character: There is no 間 (U+9593) in font ec-lmr10!
Missing character: There is no 違 (U+9055) in font ec-lmr10!
Missing character: There is no わ (U+308F) in font ec-lmr10!
Missing character: There is no れ (U+308C) in font ec-lmr10!
Missing character: There is no て (U+3066) in font ec-lmr10!
Missing character: There is no い (U+3044) in font ec-lmr10!
Missing character: There is no た (U+305F) in font ec-lmr10!
Missing character: There is no の (U+306E) in font ec-lmr10!
Missing character: There is no か (U+304B) in font ec-lmr10!
Missing character: There is no も (U+3082) in font ec-lmr10!
Missing character: There is no し (U+3057) in font ec-lmr10!
Missing character: There is no れ (U+308C) in font ec-lmr10!
Missing character: There is no な (U+306A) in font ec-lmr10!
Missing character: There is no い (U+3044) in font ec-lmr10!
Missing character: There is no 。 (U+3002) in font ec-lmr10!
Missing character: There is no 一 (U+4E00) in font ec-lmr10!
Missing character: There is no 昨 (U+6628) in font ec-lmr10!
Missing character: There is no 日 (U+65E5) in font ec-lmr10!
Missing character: There is no 社 (U+793E) in font ec-lmr10!
Missing character: There is no に (U+306B) in font ec-lmr10!
Missing character: There is no 「 (U+300C) in font ec-lmr10!
Missing character: There is no ま (U+307E) in font ec-lmr10!
Missing character: There is no だ (U+3060) in font ec-lmr10!
Missing character: There is no 発 (U+767A) in font ec-lmr10!
Missing character: There is no 送 (U+9001) in font ec-lmr10!
Missing character: There is no さ (U+3055) in font ec-lmr10!
Missing character: There is no れ (U+308C) in font ec-lmr10!
Missing character: There is no な (U+306A) in font ec-lmr10!
Missing character: There is no い (U+3044) in font ec-lmr10!
Missing character: There is no ん (U+3093) in font ec-lmr10!
Missing character: There is no で (U+3067) in font ec-lmr10!
Missing character: There is no す (U+3059) in font ec-lmr10!
Missing character: There is no か (U+304B) in font ec-lmr10!
Missing character: There is no ？ (U+FF1F) in font ec-lmr10!
Missing character: There is no 」 (U+300D) in font ec-lmr10!
Missing character: There is no と (U+3068) in font ec-lmr10!
Missing character: There is no い (U+3044) in font ec-lmr10!
Missing character: There is no う (U+3046) in font ec-lmr10!
Missing character: There is no メ (U+30E1) in font ec-lmr10!
Missing character: There is no ー (U+30FC) in font ec-lmr10!
Missing character: There is no ル (U+30EB) in font ec-lmr10!
Missing character: There is no を (U+3092) in font ec-lmr10!
Missing character: There is no 送 (U+9001) in font ec-lmr10!
Missing character: There is no っ (U+3063) in font ec-lmr10!
Missing character: There is no た (U+305F) in font ec-lmr10!
Missing character: There is no 際 (U+969B) in font ec-lmr10!
Missing character: There is no 、 (U+3001) in font ec-lmr10!
Missing character: There is no 「 (U+300C) in font ec-lmr10!
Missing character: There is no 自 (U+81EA) in font ec-lmr10!
Missing character: There is no 分 (U+5206) in font ec-lmr10!
Missing character: There is no が (U+304C) in font ec-lmr10!
Missing character: There is no 頼 (U+983C) in font ec-lmr10!
Missing character: There is no ん (U+3093) in font ec-lmr10!
Missing character: There is no だ (U+3060) in font ec-lmr10!
Missing character: There is no の (U+306E) in font ec-lmr10!
Missing character: There is no は (U+306F) in font ec-lmr10!
Missing character: There is no じ (U+3058) in font ec-lmr10!
Missing character: There is no ゃ (U+3083) in font ec-lmr10!
Missing character: There is no な (U+306A) in font ec-lmr10!
Missing character: There is no い (U+3044) in font ec-lmr10!
Missing character: There is no で (U+3067) in font ec-lmr10!
Missing character: There is no す (U+3059) in font ec-lmr10!
Missing character: There is no よ (U+3088) in font ec-lmr10!
Missing character: There is no 」 (U+300D) in font ec-lmr10!
Missing character: There is no と (U+3068) in font ec-lmr10!
Missing character: There is no 付 (U+4ED8) in font ec-lmr10!
Missing character: There is no け (U+3051) in font ec-lmr10!
Missing character: There is no 加 (U+52A0) in font ec-lmr10!
Missing character: There is no え (U+3048) in font ec-lmr10!
Missing character: There is no た (U+305F) in font ec-lmr10!
Missing character: There is no と (U+3068) in font ec-lmr10!
Missing character: There is no こ (U+3053) in font ec-lmr10!
Missing character: There is no ろ (U+308D) in font ec-lmr10!
Missing character: There is no 、 (U+3001) in font ec-lmr10!
Missing character: There is no 翌 (U+7FCC) in font ec-lmr10!
Missing character: There is no 日 (U+65E5) in font ec-lmr10!
Missing character: There is no に (U+306B) in font ec-lmr10!
Missing character: There is no は (U+306F) in font ec-lmr10!
Missing character: There is no 「 (U+300C) in font ec-lmr10!
Missing character: There is no 明 (U+660E) in font ec-lmr10!
Missing character: There is no 日 (U+65E5) in font ec-lmr10!
Missing character: There is no 発 (U+767A) in font ec-lmr10!
Missing character: There is no 送 (U+9001) in font ec-lmr10!
Missing character: There is no し (U+3057) in font ec-lmr10!
Missing character: There is no ま (U+307E) in font ec-lmr10!
Missing character: There is no す (U+3059) in font ec-lmr10!
Missing character: There is no 」 (U+300D) in font ec-lmr10!
Missing character: There is no と (U+3068) in font ec-lmr10!
Missing character: There is no い (U+3044) in font ec-lmr10!
Missing character: There is no う (U+3046) in font ec-lmr10!
Missing character: There is no 返 (U+8FD4) in font ec-lmr10!
Missing character: There is no 信 (U+4FE1) in font ec-lmr10!
Missing character: There is no が (U+304C) in font ec-lmr10!
Missing character: There is no 届 (U+5C4A) in font ec-lmr10!
Missing character: There is no い (U+3044) in font ec-lmr10!
Missing character: There is no た (U+305F) in font ec-lmr10!
Missing character: There is no 。 (U+3002) in font ec-lmr10!
Missing character: There is no 熱 (U+71B1) in font ec-lmr10!
Missing character: There is no く (U+304F) in font ec-lmr10!
Missing character: There is no な (U+306A) in font ec-lmr10!
Missing character: There is no り (U+308A) in font ec-lmr10!
Missing character: There is no や (U+3084) in font ec-lmr10!
Missing character: There is no す (U+3059) in font ec-lmr10!
Missing character: There is no い (U+3044) in font ec-lmr10!
Missing character: There is no の (U+306E) in font ec-lmr10!
Missing character: There is no は (U+306F) in font ec-lmr10!
Missing character: There is no と (U+3068) in font ec-lmr10!
Missing character: There is no 同 (U+540C) in font ec-lmr10!
Missing character: There is no じ (U+3058) in font ec-lmr10!
Missing character: There is no か (U+304B) in font ec-lmr10!
Missing character: There is no も (U+3082) in font ec-lmr10!
Missing character: There is no し (U+3057) in font ec-lmr10!
Missing character: There is no れ (U+308C) in font ec-lmr10!
Missing character: There is no な (U+306A) in font ec-lmr10!
Missing character: There is no い (U+3044) in font ec-lmr10!
Missing character: There is no 。 (U+3002) in font ec-lmr10!
Missing character: There is no ど (U+3069) in font ec-lmr10!
Missing character: There is no こ (U+3053) in font ec-lmr10!
Missing character: There is no ま (U+307E) in font ec-lmr10!
Missing character: There is no で (U+3067) in font ec-lmr10!
Missing character: There is no 熱 (U+71B1) in font ec-lmr10!
Missing character: There is no く (U+304F) in font ec-lmr10!
Missing character: There is no な (U+306A) in font ec-lmr10!
Missing character: There is no る (U+308B) in font ec-lmr10!
Missing character: There is no か (U+304B) in font ec-lmr10!
Missing character: There is no は (U+306F) in font ec-lmr10!
Missing character: There is no ま (U+307E) in font ec-lmr10!
Missing character: There is no た (U+305F) in font ec-lmr10!
Missing character: There is no 次 (U+6B21) in font ec-lmr10!
Missing character: There is no 回 (U+56DE) in font ec-lmr10!
Missing character: There is no 試 (U+8A66) in font ec-lmr10!
Missing character: There is no し (U+3057) in font ec-lmr10!
Missing character: There is no て (U+3066) in font ec-lmr10!
Missing character: There is no み (U+307F) in font ec-lmr10!
Missing character: There is no よ (U+3088) in font ec-lmr10!
Missing character: There is no う (U+3046) in font ec-lmr10!
Missing character: There is no と (U+3068) in font ec-lmr10!
Missing character: There is no 思 (U+601D) in font ec-lmr10!
Missing character: There is no う (U+3046) in font ec-lmr10!
Missing character: There is no （ (U+FF08) in font ec-lmr10!
Missing character: There is no 週 (U+9031) in font ec-lmr10!
Missing character: There is no 末 (U+672B) in font ec-lmr10!
Missing character: There is no に (U+306B) in font ec-lmr10!
Missing character: There is no で (U+3067) in font ec-lmr10!
Missing character: There is no も (U+3082) in font ec-lmr10!
Missing character: There is no 。 (U+3002) in font ec-lmr10!
Missing character: There is no で (U+3067) in font ec-lmr10!
Missing character: There is no も (U+3082) in font ec-lmr10!
Missing character: There is no 、 (U+3001) in font ec-lmr10!
Missing character: There is no 何 (U+4F55) in font ec-lmr10!
Missing character: There is no か (U+304B) in font ec-lmr10!
Missing character: There is no イ (U+30A4) in font ec-lmr10!
Missing character: There is no ベ (U+30D9) in font ec-lmr10!
Missing character: There is no ン (U+30F3) in font ec-lmr10!
Missing character: There is no ト (U+30C8) in font ec-lmr10!
Missing character: There is no が (U+304C) in font ec-lmr10!
Missing character: There is no あ (U+3042) in font ec-lmr10!
Missing character: There is no っ (U+3063) in font ec-lmr10!
Missing character: There is no た (U+305F) in font ec-lmr10!
Missing character: There is no よ (U+3088) in font ec-lmr10!
Missing character: There is no う (U+3046) in font ec-lmr10!
Missing character: There is no な (U+306A) in font ec-lmr10!
Missing character: There is no 気 (U+6C17) in font ec-lmr10!
Missing character: There is no も (U+3082) in font ec-lmr10!
Missing character: There is no す (U+3059) in font ec-lmr10!
Missing character: There is no る (U+308B) in font ec-lmr10!
Missing character: There is no け (U+3051) in font ec-lmr10!
Missing character: There is no ど (U+3069) in font ec-lmr10!
Missing character: There is no … (U+2026) in font ec-lmr10!
Missing character: There is no … (U+2026) in font ec-lmr10!
Missing character: There is no ） (U+FF09) in font ec-lmr10!
Missing character: There is no 。 (U+3002) in font ec-lmr10!
Missing character: There is no お (U+304A) in font ec-lmbx10!
Missing character: There is no き (U+304D) in font ec-lmbx10!
Missing character: There is no ま (U+307E) in font ec-lmbx10!
Missing character: There is no り (U+308A) in font ec-lmbx10!
Missing character: There is no の (U+306E) in font ec-lmbx10!
Missing character: There is no と (U+3068) in font ec-lmbx10!
Missing character: There is no い (U+3044) in font ec-lmbx10!
Missing character: There is no う (U+3046) in font ec-lmbx10!
Missing character: There is no こ (U+3053) in font ec-lmbx10!
Missing character: There is no と (U+3068) in font ec-lmbx10!
Missing character: There is no で (U+3067) in font ec-lmbx10!
Missing character: There is no 、 (U+3001) in font ec-lmbx10!
Missing character: There is no お (U+304A) in font ec-lmbx10!
Missing character: There is no 写 (U+5199) in font ec-lmbx10!
Missing character: There is no 真 (U+771F) in font ec-lmbx10!
Missing character: There is no を (U+3092) in font ec-lmbx10!
Missing character: There is no 以 (U+4EE5) in font ec-lmr10!
Missing character: There is no 前 (U+524D) in font ec-lmr10!
Missing character: There is no の (U+306E) in font ec-lmr10!
Missing character: There is no ブ (U+30D6) in font ec-lmr10!
Missing character: There is no ロ (U+30ED) in font ec-lmr10!
Missing character: There is no グ (U+30B0) in font ec-lmr10!
Missing character: There is no サ (U+30B5) in font ec-lmr10!
Missing character: There is no イ (U+30A4) in font ec-lmr10!
Missing character: There is no ト (U+30C8) in font ec-lmr10!
Missing character: There is no に (U+306B) in font ec-lmr10!
Missing character: There is no ア (U+30A2) in font ec-lmr10!
Missing character: There is no ッ (U+30C3) in font ec-lmr10!
Missing character: There is no プ (U+30D7) in font ec-lmr10!
Missing character: There is no ロ (U+30ED) in font ec-lmr10!
Missing character: There is no ー (U+30FC) in font ec-lmr10!
Missing character: There is no ド (U+30C9) in font ec-lmr10!
Missing character: There is no し (U+3057) in font ec-lmr10!
Missing character: There is no て (U+3066) in font ec-lmr10!
Missing character: There is no い (U+3044) in font ec-lmr10!
Missing character: There is no た (U+305F) in font ec-lmr10!
Missing character: There is no 画 (U+753B) in font ec-lmr10!
Missing character: There is no 像 (U+50CF) in font ec-lmr10!
Missing character: There is no な (U+306A) in font ec-lmr10!
Missing character: There is no の (U+306E) in font ec-lmr10!
Missing character: There is no で (U+3067) in font ec-lmr10!
Missing character: There is no 、 (U+3001) in font ec-lmr10!
Missing character: There is no こ (U+3053) in font ec-lmr10!
Missing character: There is no ち (U+3061) in font ec-lmr10!
Missing character: There is no ら (U+3089) in font ec-lmr10!
Missing character: There is no に (U+306B) in font ec-lmr10!
Missing character: There is no は (U+306F) in font ec-lmr10!
Missing character: There is no 残 (U+6B8B) in font ec-lmr10!
Missing character: There is no っ (U+3063) in font ec-lmr10!
Missing character: There is no て (U+3066) in font ec-lmr10!
Missing character: There is no い (U+3044) in font ec-lmr10!
Missing character: There is no な (U+306A) in font ec-lmr10!
Missing character: There is no い (U+3044) in font ec-lmr10!
Missing character: There is no （ (U+FF08) in font ec-lmr10!
Missing character: There is no ） (U+FF09) in font ec-lmr10!
Missing character: There is no ボ (U+30DC) in font ec-lmbx10!
Missing character: There is no ー (U+30FC) in font ec-lmbx10!
Missing character: There is no ド (U+30C9) in font ec-lmbx10!
Missing character: There is no を (U+3092) in font ec-lmbx10!
Missing character: There is no 繋 (U+7E4B) in font ec-lmbx10!
Missing character: There is no ぎ (U+304E) in font ec-lmbx10!
Missing character: There is no 、 (U+3001) in font ec-lmbx10!
Missing character: There is no シ (U+30B7) in font ec-lmbx10!
Missing character: There is no リ (U+30EA) in font ec-lmbx10!
Missing character: There is no ア (U+30A2) in font ec-lmbx10!
Missing character: There is no ル (U+30EB) in font ec-lmbx10!
Missing character: There is no デ (U+30C7) in font ec-lmbx10!
Missing character: There is no バ (U+30D0) in font ec-lmbx10!
Missing character: There is no イ (U+30A4) in font ec-lmbx10!
Missing character: There is no ス (U+30B9) in font ec-lmbx10!
Missing character: There is no 例 (U+4F8B) in font ec-lmbx10!
Missing character: There is no で (U+3067) in font ec-lmbx10!
Missing character: There is no は (U+306F) in font ec-lmbx10!
Missing character: There is no を (U+3092) in font ec-lmbx10!
Missing character: There is no 確 (U+78BA) in font ec-lmbx10!
Missing character: There is no 認 (U+8A8D) in font ec-lmbx10!
Missing character: There is no し (U+3057) in font ec-lmbx10!
Missing character: There is no た (U+305F) in font ec-lmbx10!
Missing character: There is no ら (U+3089) in font ec-lmbx10!
Missing character: There is no と (U+3068) in font ec-lmr10!
Missing character: There is no し (U+3057) in font ec-lmr10!
Missing character: There is no て (U+3066) in font ec-lmr10!
Missing character: There is no コ (U+30B3) in font ec-lmr10!
Missing character: There is no マ (U+30DE) in font ec-lmr10!
Missing character: There is no ン (U+30F3) in font ec-lmr10!
Missing character: There is no ド (U+30C9) in font ec-lmr10!
Missing character: There is no で (U+3067) in font ec-lmr10!
Missing character: There is no タ (U+30BF) in font ec-lmr10!
Missing character: There is no ー (U+30FC) in font ec-lmr10!
Missing character: There is no ミ (U+30DF) in font ec-lmr10!
Missing character: There is no ナ (U+30CA) in font ec-lmr10!
Missing character: There is no ル (U+30EB) in font ec-lmr10!
Missing character: There is no を (U+3092) in font ec-lmr10!
Missing character: There is no 立 (U+7ACB) in font ec-lmr10!
Missing character: There is no ち (U+3061) in font ec-lmr10!
Missing character: There is no 上 (U+4E0A) in font ec-lmr10!
Missing character: There is no げ (U+3052) in font ec-lmr10!
Missing character: There is no て (U+3066) in font ec-lmr10!
Missing character: There is no お (U+304A) in font ec-lmr10!
Missing character: There is no く (U+304F) in font ec-lmr10!
Missing character: There is no 。 (U+3002) in font ec-lmr10!
Missing character: There is no の (U+306E) in font ec-lmr9!
Missing character: There is no エ (U+30A8) in font ec-lmr9!
Missing character: There is no デ (U+30C7) in font ec-lmr9!
Missing character: There is no ィ (U+30A3) in font ec-lmr9!
Missing character: There is no タ (U+30BF) in font ec-lmr9!
Missing character: There is no 機 (U+6A5F) in font ec-lmr9!
Missing character: There is no 能 (U+80FD) in font ec-lmr9!
Missing character: There is no は (U+306F) in font ec-lmr9!
Missing character: There is no 大 (U+5927) in font ec-lmr9!
Missing character: There is no 量 (U+91CF) in font ec-lmr9!
Missing character: There is no の (U+306E) in font ec-lmr9!
Missing character: There is no で (U+3067) in font ec-lmr9!
Missing character: There is no 作 (U+4F5C) in font ec-lmr9!
Missing character: There is no ら (U+3089) in font ec-lmr9!
Missing character: There is no れ (U+308C) in font ec-lmr9!
Missing character: There is no て (U+3066) in font ec-lmr9!
Missing character: There is no い (U+3044) in font ec-lmr9!
Missing character: There is no る (U+308B) in font ec-lmr9!
Missing character: There is no た (U+305F) in font ec-lmr9!
Missing character: There is no め (U+3081) in font ec-lmr9!
Missing character: There is no 処 (U+51E6) in font ec-lmr9!
Missing character: There is no 理 (U+7406) in font ec-lmr9!
Missing character: There is no 速 (U+901F) in font ec-lmr9!
Missing character: There is no 度 (U+5EA6) in font ec-lmr9!
Missing character: There is no は (U+306F) in font ec-lmr9!
Missing character: There is no 遅 (U+9045) in font ec-lmr9!
Missing character: There is no く (U+304F) in font ec-lmr9!
Missing character: There is no 重 (U+91CD) in font ec-lmr9!
Missing character: There is no た (U+305F) in font ec-lmr9!
Missing character: There is no い (U+3044) in font ec-lmr9!
Missing character: There is no 。 (U+3002) in font ec-lmr9!
Missing character: There is no ネ (U+30CD) in font ec-lmr9!
Missing character: There is no イ (U+30A4) in font ec-lmr9!
Missing character: There is no テ (U+30C6) in font ec-lmr9!
Missing character: There is no ィ (U+30A3) in font ec-lmr9!
Missing character: There is no ブ (U+30D6) in font ec-lmr9!
Missing character: There is no コ (U+30B3) in font ec-lmr9!
Missing character: There is no ー (U+30FC) in font ec-lmr9!
Missing character: There is no ド (U+30C9) in font ec-lmr9!
Missing character: There is no と (U+3068) in font ec-lmr9!
Missing character: There is no は (U+306F) in font ec-lmr9!
Missing character: There is no 実 (U+5B9F) in font ec-lmr9!
Missing character: There is no 行 (U+884C) in font ec-lmr9!
Missing character: There is no す (U+3059) in font ec-lmr9!
Missing character: There is no る (U+308B) in font ec-lmr9!
Missing character: There is no 都 (U+90FD) in font ec-lmr9!
Missing character: There is no 度 (U+5EA6) in font ec-lmr9!
Missing character: There is no 読 (U+8AAD) in font ec-lmr9!
Missing character: There is no ん (U+3093) in font ec-lmr9!
Missing character: There is no で (U+3067) in font ec-lmr9!
Missing character: There is no 解 (U+89E3) in font ec-lmr9!
Missing character: There is no 釈 (U+91C8) in font ec-lmr9!
Missing character: There is no し (U+3057) in font ec-lmr9!
Missing character: There is no て (U+3066) in font ec-lmr9!
Missing character: There is no い (U+3044) in font ec-lmr9!
Missing character: There is no た (U+305F) in font ec-lmr9!
Missing character: There is no コ (U+30B3) in font ec-lmr9!
Missing character: There is no ー (U+30FC) in font ec-lmr9!
Missing character: There is no ド (U+30C9) in font ec-lmr9!
Missing character: There is no を (U+3092) in font ec-lmr9!
Missing character: There is no バ (U+30D0) in font ec-lmr9!
Missing character: There is no イ (U+30A4) in font ec-lmr9!
Missing character: There is no ナ (U+30CA) in font ec-lmr9!
Missing character: There is no リ (U+30EA) in font ec-lmr9!
Missing character: There is no コ (U+30B3) in font ec-lmr9!
Missing character: There is no ー (U+30FC) in font ec-lmr9!
Missing character: There is no ド (U+30C9) in font ec-lmr9!
Missing character: There is no に (U+306B) in font ec-lmr9!
Missing character: There is no バ (U+30D0) in font ec-lmr9!
Missing character: There is no ッ (U+30C3) in font ec-lmr9!
Missing character: There is no ク (U+30AF) in font ec-lmr9!
Missing character: There is no グ (U+30B0) in font ec-lmr9!
Missing character: There is no ラ (U+30E9) in font ec-lmr9!
Missing character: There is no ウ (U+30A6) in font ec-lmr9!
Missing character: There is no ン (U+30F3) in font ec-lmr9!
Missing character: There is no ド (U+30C9) in font ec-lmr9!
Missing character: There is no で (U+3067) in font ec-lmr9!
Missing character: There is no 自 (U+81EA) in font ec-lmr9!
Missing character: There is no 動 (U+52D5) in font ec-lmr9!
Missing character: There is no 的 (U+7684) in font ec-lmr9!
Missing character: There is no に (U+306B) in font ec-lmr9!
Missing character: There is no コ (U+30B3) in font ec-lmr9!
Missing character: There is no ン (U+30F3) in font ec-lmr9!
Missing character: There is no パ (U+30D1) in font ec-lmr9!
Missing character: There is no イ (U+30A4) in font ec-lmr9!
Missing character: There is no ル (U+30EB) in font ec-lmr9!
Missing character: There is no す (U+3059) in font ec-lmr9!
Missing character: There is no る (U+308B) in font ec-lmr9!
Missing character: There is no 機 (U+6A5F) in font ec-lmr9!
Missing character: There is no 能 (U+80FD) in font ec-lmr9!
Missing character: There is no で (U+3067) in font ec-lmr9!
Missing character: There is no 、 (U+3001) in font ec-lmr9!
Missing character: There is no 次 (U+6B21) in font ec-lmr9!
Missing character: There is no 回 (U+56DE) in font ec-lmr9!
Missing character: There is no か (U+304B) in font ec-lmr9!
Missing character: There is no ら (U+3089) in font ec-lmr9!
Missing character: There is no 最 (U+6700) in font ec-lmr9!
Missing character: There is no 速 (U+901F) in font ec-lmr9!
Missing character: There is no で (U+3067) in font ec-lmr9!
Missing character: There is no 動 (U+52D5) in font ec-lmr9!
Missing character: There is no 作 (U+4F5C) in font ec-lmr9!
Missing character: There is no す (U+3059) in font ec-lmr9!
Missing character: There is no る (U+308B) in font ec-lmr9!
Missing character: There is no こ (U+3053) in font ec-lmr9!
Missing character: There is no と (U+3068) in font ec-lmr9!
Missing character: There is no が (U+304C) in font ec-lmr9!
Missing character: There is no 期 (U+671F) in font ec-lmr9!
Missing character: There is no 待 (U+5F85) in font ec-lmr9!
Missing character: There is no さ (U+3055) in font ec-lmr9!
Missing character: There is no れ (U+308C) in font ec-lmr9!
Missing character: There is no る (U+308B) in font ec-lmr9!
Missing character: There is no 。 (U+3002) in font ec-lmr9!
]
Missing character: There is no の (U+306E) in font ec-lmr10!
Missing character: There is no ア (U+30A2) in font ec-lmr10!
Missing character: There is no ッ (U+30C3) in font ec-lmr10!
Missing character: There is no プ (U+30D7) in font ec-lmr10!
Missing character: There is no デ (U+30C7) in font ec-lmr10!
Missing character: There is no ー (U+30FC) in font ec-lmr10!
Missing character: There is no ト (U+30C8) in font ec-lmr10!
Missing character: There is no の (U+306E) in font ec-lmr10!
Missing character: There is no ア (U+30A2) in font ec-lmr10!
Missing character: There is no ッ (U+30C3) in font ec-lmr10!
Missing character: There is no プ (U+30D7) in font ec-lmr10!
Missing character: There is no デ (U+30C7) in font ec-lmr10!
Missing character: There is no ー (U+30FC) in font ec-lmr10!
Missing character: There is no ト (U+30C8) in font ec-lmr10!
Missing character: There is no か (U+304B) in font ec-lmr10!
Missing character: There is no ら (U+3089) in font ec-lmr10!
Missing character: There is no に (U+306B) in font ec-lmr10!
Missing character: There is no 変 (U+5909) in font ec-lmr10!
Missing character: There is no 更 (U+66F4) in font ec-lmr10!
Missing character: There is no か (U+304B) in font ec-lmr10!
Missing character: There is no ら (U+3089) in font ec-lmr10!
Missing character: There is no に (U+306B) in font ec-lmr10!
Missing character: There is no 変 (U+5909) in font ec-lmr10!
Missing character: There is no 更 (U+66F4) in font ec-lmr10!
Missing character: There is no こ (U+3053) in font ec-lmr10!
Missing character: There is no の (U+306E) in font ec-lmr10!
Missing character: There is no つ (U+3064) in font ec-lmr10!
Missing character: There is no は (U+306F) in font ec-lmr10!
Missing character: There is no す (U+3059) in font ec-lmr10!
Missing character: There is no で (U+3067) in font ec-lmr10!
Missing character: There is no に (U+306B) in font ec-lmr10!
Missing character: There is no 確 (U+78BA) in font ec-lmr10!
Missing character: There is no 認 (U+8A8D) in font ec-lmr10!
Missing character: There is no 済 (U+6E08) in font ec-lmr10!
Missing character: There is no み (U+307F) in font ec-lmr10!
Missing character: There is no 。 (U+3002) in font ec-lmr10!
Missing character: There is no ま (U+307E) in font ec-lmr10!
Missing character: There is no ぁ (U+3041) in font ec-lmr10!
Missing character: There is no 毎 (U+6BCE) in font ec-lmr10!
Missing character: There is no 回 (U+56DE) in font ec-lmr10!
Missing character: There is no や (U+3084) in font ec-lmr10!
Missing character: There is no る (U+308B) in font ec-lmr10!
Missing character: There is no こ (U+3053) in font ec-lmr10!
Missing character: There is no と (U+3068) in font ec-lmr10!
Missing character: There is no で (U+3067) in font ec-lmr10!
Missing character: There is no も (U+3082) in font ec-lmr10!
Missing character: There is no な (U+306A) in font ec-lmr10!
Missing character: There is no い (U+3044) in font ec-lmr10!
Missing character: There is no の (U+306E) in font ec-lmr10!
Missing character: There is no で (U+3067) in font ec-lmr10!
Missing character: There is no 、 (U+3001) in font ec-lmr10!
Missing character: There is no い (U+3044) in font ec-lmr10!
Missing character: There is no っ (U+3063) in font ec-lmr10!
Missing character: There is no た (U+305F) in font ec-lmr10!
Missing character: There is no ん (U+3093) in font ec-lmr10!
Missing character: There is no こ (U+3053) in font ec-lmr10!
Missing character: There is no の (U+306E) in font ec-lmr10!
Missing character: There is no ま (U+307E) in font ec-lmr10!
Missing character: There is no ま (U+307E) in font ec-lmr10!
Missing character: There is no に (U+306B) in font ec-lmr10!
Missing character: There is no し (U+3057) in font ec-lmr10!
Missing character: There is no て (U+3066) in font ec-lmr10!
Missing character: There is no お (U+304A) in font ec-lmr10!
Missing character: There is no く (U+304F) in font ec-lmr10!
Missing character: There is no 。 (U+3002) in font ec-lmr10!
Missing character: There is no こ (U+3053) in font ec-lmr10!
Missing character: There is no の (U+306E) in font ec-lmr10!
Missing character: There is no つ (U+3064) in font ec-lmr10!
Missing character: There is no は (U+306F) in font ec-lmr10!
Missing character: There is no す (U+3059) in font ec-lmr10!
Missing character: There is no で (U+3067) in font ec-lmr10!
Missing character: There is no に (U+306B) in font ec-lmr10!
Missing character: There is no 確 (U+78BA) in font ec-lmr10!
Missing character: There is no 認 (U+8A8D) in font ec-lmr10!
Missing character: There is no 済 (U+6E08) in font ec-lmr10!
Missing character: There is no み (U+307F) in font ec-lmr10!
Missing character: There is no 。 (U+3002) in font ec-lmr10!
Missing character: There is no ま (U+307E) in font ec-lmr10!
Missing character: There is no ぁ (U+3041) in font ec-lmr10!
Missing character: There is no 毎 (U+6BCE) in font ec-lmr10!
Missing character: There is no 回 (U+56DE) in font ec-lmr10!
Missing character: There is no や (U+3084) in font ec-lmr10!
Missing character: There is no る (U+308B) in font ec-lmr10!
Missing character: There is no こ (U+3053) in font ec-lmr10!
Missing character: There is no と (U+3068) in font ec-lmr10!
Missing character: There is no で (U+3067) in font ec-lmr10!
Missing character: There is no も (U+3082) in font ec-lmr10!
Missing character: There is no な (U+306A) in font ec-lmr10!
Missing character: There is no い (U+3044) in font ec-lmr10!
Missing character: There is no の (U+306E) in font ec-lmr10!
Missing character: There is no で (U+3067) in font ec-lmr10!
Missing character: There is no 、 (U+3001) in font ec-lmr10!
Missing character: There is no い (U+3044) in font ec-lmr10!
Missing character: There is no っ (U+3063) in font ec-lmr10!
Missing character: There is no た (U+305F) in font ec-lmr10!
Missing character: There is no ん (U+3093) in font ec-lmr10!
Missing character: There is no こ (U+3053) in font ec-lmr10!
Missing character: There is no の (U+306E) in font ec-lmr10!
Missing character: There is no ま (U+307E) in font ec-lmr10!
Missing character: There is no ま (U+307E) in font ec-lmr10!
Missing character: There is no に (U+306B) in font ec-lmr10!
Missing character: There is no し (U+3057) in font ec-lmr10!
Missing character: There is no て (U+3066) in font ec-lmr10!
Missing character: There is no お (U+304A) in font ec-lmr10!
Missing character: There is no く (U+304F) in font ec-lmr10!
Missing character: There is no 。 (U+3002) in font ec-lmr10!
Missing character: There is no に (U+306B) in font ec-lmr10!
Missing character: There is no 書 (U+66F8) in font ec-lmr10!
Missing character: There is no い (U+3044) in font ec-lmr10!
Missing character: There is no て (U+3066) in font ec-lmr10!
Missing character: There is no あ (U+3042) in font ec-lmr10!
Missing character: There is no る (U+308B) in font ec-lmr10!
Missing character: There is no こ (U+3053) in font ec-lmr10!
Missing character: There is no と (U+3068) in font ec-lmr10!
Missing character: There is no で (U+3067) in font ec-lmr10!
Missing character: There is no 十 (U+5341) in font ec-lmr10!
Missing character: There is no 分 (U+5206) in font ec-lmr10!
Missing character: There is no だ (U+3060) in font ec-lmr10!
Missing character: There is no っ (U+3063) in font ec-lmr10!
Missing character: There is no た (U+305F) in font ec-lmr10!
Missing character: There is no 。 (U+3002) in font ec-lmr10!
Missing character: There is no に (U+306B) in font ec-lmr10!
Missing character: There is no つ (U+3064) in font ec-lmr10!
Missing character: There is no い (U+3044) in font ec-lmr10!
Missing character: There is no て (U+3066) in font ec-lmr10!
Missing character: There is no は (U+306F) in font ec-lmr10!
Missing character: There is no 、 (U+3001) in font ec-lmr10!
Missing character: There is no を (U+3092) in font ec-lmr10!
Missing character: There is no 持 (U+6301) in font ec-lmr10!
Missing character: There is no っ (U+3063) in font ec-lmr10!
Missing character: There is no て (U+3066) in font ec-lmr10!
Missing character: There is no く (U+304F) in font ec-lmr10!
Missing character: There is no る (U+308B) in font ec-lmr10!
Missing character: There is no の (U+306E) in font ec-lmr10!
Missing character: There is no が (U+304C) in font ec-lmr10!
Missing character: There is no 一 (U+4E00) in font ec-lmr10!
Missing character: There is no 番 (U+756A) in font ec-lmr10!
Missing character: There is no 手 (U+624B) in font ec-lmr10!
Missing character: There is no 軽 (U+8EFD) in font ec-lmr10!
Missing character: There is no か (U+304B) in font ec-lmr10!
Missing character: There is no な (U+306A) in font ec-lmr10!
Missing character: There is no と (U+3068) in font ec-lmr10!
Missing character: There is no 思 (U+601D) in font ec-lmr10!
Missing character: There is no う (U+3046) in font ec-lmr10!
Missing character: There is no 。 (U+3002) in font ec-lmr10!
Missing character: There is no イ (U+30A4) in font ec-lmr10!
Missing character: There is no ン (U+30F3) in font ec-lmr10!
Missing character: There is no ス (U+30B9) in font ec-lmr10!
Missing character: There is no ト (U+30C8) in font ec-lmr10!
Missing character: There is no ー (U+30FC) in font ec-lmr10!
Missing character: There is no ル (U+30EB) in font ec-lmr10!
Missing character: There is no 自 (U+81EA) in font ec-lmr10!
Missing character: There is no 体 (U+4F53) in font ec-lmr10!
Missing character: There is no は (U+306F) in font ec-lmr10!
Missing character: There is no の (U+306E) in font ec-lmr10!
Missing character: There is no と (U+3068) in font ec-lmr10!
Missing character: There is no き (U+304D) in font ec-lmr10!
Missing character: There is no と (U+3068) in font ec-lmr10!
Missing character: There is no 同 (U+540C) in font ec-lmr10!
Missing character: There is no じ (U+3058) in font ec-lmr10!
Missing character: There is no 感 (U+611F) in font ec-lmr10!
Missing character: There is no 覚 (U+899A) in font ec-lmr10!
Missing character: There is no で (U+3067) in font ec-lmr10!
Missing character: There is no で (U+3067) in font ec-lmr10!
Missing character: There is no き (U+304D) in font ec-lmr10!
Missing character: There is no る (U+308B) in font ec-lmr10!
Missing character: There is no 。 (U+3002) in font ec-lmr10!
Missing character: There is no に (U+306B) in font ec-lmr10!
Missing character: There is no 書 (U+66F8) in font ec-lmr10!
Missing character: There is no い (U+3044) in font ec-lmr10!
Missing character: There is no て (U+3066) in font ec-lmr10!
Missing character: There is no あ (U+3042) in font ec-lmr10!
Missing character: There is no る (U+308B) in font ec-lmr10!
Missing character: There is no こ (U+3053) in font ec-lmr10!
Missing character: There is no と (U+3068) in font ec-lmr10!
Missing character: There is no で (U+3067) in font ec-lmr10!
Missing character: There is no 十 (U+5341) in font ec-lmr10!
Missing character: There is no 分 (U+5206) in font ec-lmr10!
Missing character: There is no だ (U+3060) in font ec-lmr10!
Missing character: There is no っ (U+3063) in font ec-lmr10!
Missing character: There is no た (U+305F) in font ec-lmr10!
Missing character: There is no 。 (U+3002) in font ec-lmr10!
Missing character: There is no に (U+306B) in font ec-lmr10!
Missing character: There is no つ (U+3064) in font ec-lmr10!
Missing character: There is no い (U+3044) in font ec-lmr10!
Missing character: There is no て (U+3066) in font ec-lmr10!
Missing character: There is no は (U+306F) in font ec-lmr10!
Missing character: There is no 、 (U+3001) in font ec-lmr10!
Missing character: There is no を (U+3092) in font ec-lmr10!
Missing character: There is no 持 (U+6301) in font ec-lmr10!
Missing character: There is no っ (U+3063) in font ec-lmr10!
Missing character: There is no て (U+3066) in font ec-lmr10!
Missing character: There is no く (U+304F) in font ec-lmr10!
Missing character: There is no る (U+308B) in font ec-lmr10!
Missing character: There is no の (U+306E) in font ec-lmr10!
Missing character: There is no が (U+304C) in font ec-lmr10!
Missing character: There is no 一 (U+4E00) in font ec-lmr10!
Missing character: There is no 番 (U+756A) in font ec-lmr10!
Missing character: There is no 手 (U+624B) in font ec-lmr10!
Missing character: There is no 軽 (U+8EFD) in font ec-lmr10!
Missing character: There is no か (U+304B) in font ec-lmr10!
Missing character: There is no な (U+306A) in font ec-lmr10!
Missing character: There is no と (U+3068) in font ec-lmr10!
Missing character: There is no 思 (U+601D) in font ec-lmr10!
Missing character: There is no う (U+3046) in font ec-lmr10!
Missing character: There is no 。 (U+3002) in font ec-lmr10!
Missing character: There is no イ (U+30A4) in font ec-lmr10!
Missing character: There is no ン (U+30F3) in font ec-lmr10!
Missing character: There is no ス (U+30B9) in font ec-lmr10!
Missing character: There is no ト (U+30C8) in font ec-lmr10!
Missing character: There is no ー (U+30FC) in font ec-lmr10!
Missing character: There is no ル (U+30EB) in font ec-lmr10!
Missing character: There is no 自 (U+81EA) in font ec-lmr10!
Missing character: There is no 体 (U+4F53) in font ec-lmr10!
Missing character: There is no は (U+306F) in font ec-lmr10!
Missing character: There is no の (U+306E) in font ec-lmr10!
Missing character: There is no と (U+3068) in font ec-lmr10!
Missing character: There is no き (U+304D) in font ec-lmr10!
Missing character: There is no と (U+3068) in font ec-lmr10!
Missing character: There is no 同 (U+540C) in font ec-lmr10!
Missing character: There is no じ (U+3058) in font ec-lmr10!
Missing character: There is no 感 (U+611F) in font ec-lmr10!
Missing character: There is no 覚 (U+899A) in font ec-lmr10!
Missing character: There is no で (U+3067) in font ec-lmr10!
Missing character: There is no で (U+3067) in font ec-lmr10!
Missing character: There is no き (U+304D) in font ec-lmr10!
Missing character: There is no る (U+308B) in font ec-lmr10!
Missing character: There is no 。 (U+3002) in font ec-lmr10!
Missing character: There is no 参 (U+53C2) in font ec-lmr10!
Missing character: There is no 考 (U+8003) in font ec-lmr10!
Missing character: There is no に (U+306B) in font ec-lmr10!
Missing character: There is no し (U+3057) in font ec-lmr10!
Missing character: There is no た (U+305F) in font ec-lmr10!
Missing character: There is no ポ (U+30DD) in font ec-lmr10!
Missing character: There is no イ (U+30A4) in font ec-lmr10!
Missing character: There is no ン (U+30F3) in font ec-lmr10!
Missing character: There is no ト (U+30C8) in font ec-lmr10!
Missing character: There is no 参 (U+53C2) in font ec-lmr10!
Missing character: There is no 考 (U+8003) in font ec-lmr10!
Missing character: There is no に (U+306B) in font ec-lmr10!
Missing character: There is no し (U+3057) in font ec-lmr10!
Missing character: There is no た (U+305F) in font ec-lmr10!
Missing character: There is no ポ (U+30DD) in font ec-lmr10!
Missing character: There is no イ (U+30A4) in font ec-lmr10!
Missing character: There is no ン (U+30F3) in font ec-lmr10!
Missing character: There is no ト (U+30C8) in font ec-lmr10!
Missing character: There is no 進 (U+9032) in font ec-lmbx10!
Missing character: There is no 行 (U+884C) in font ec-lmbx10!
Missing character: There is no 形 (U+5F62) in font ec-lmbx10!
Missing character: There is no 進 (U+9032) in font ec-lmbx10!
Missing character: There is no 行 (U+884C) in font ec-lmbx10!
Missing character: There is no 形 (U+5F62) in font ec-lmbx10!
Missing character: There is no ア (U+30A2) in font ec-lmr10!
Missing character: There is no プ (U+30D7) in font ec-lmr10!
Missing character: There is no リ (U+30EA) in font ec-lmr10!
Missing character: There is no 関 (U+95A2) in font ec-lmr10!
Missing character: There is no 係 (U+4FC2) in font ec-lmr10!
Missing character: There is no の (U+306E) in font ec-lmr10!
Missing character: There is no ソ (U+30BD) in font ec-lmr10!
Missing character: There is no フ (U+30D5) in font ec-lmr10!
Missing character: There is no ト (U+30C8) in font ec-lmr10!
Missing character: There is no に (U+306B) in font ec-lmr10!
Missing character: There is no や (U+3084) in font ec-lmr10!
Missing character: There is no の (U+306E) in font ec-lmr10!
Missing character: There is no が (U+304C) in font ec-lmr10!
Missing character: There is no つ (U+3064) in font ec-lmr10!
Missing character: There is no い (U+3044) in font ec-lmr10!
Missing character: There is no て (U+3066) in font ec-lmr10!
Missing character: There is no い (U+3044) in font ec-lmr10!
Missing character: There is no な (U+306A) in font ec-lmr10!
Missing character: There is no く (U+304F) in font ec-lmr10!
Missing character: There is no て (U+3066) in font ec-lmr10!
Missing character: There is no 、 (U+3001) in font ec-lmr10!
Missing character: There is no ち (U+3061) in font ec-lmr10!
Missing character: There is no ょ (U+3087) in font ec-lmr10!
Missing character: There is no っ (U+3063) in font ec-lmr10!
Missing character: There is no と (U+3068) in font ec-lmr10!
Missing character: There is no 困 (U+56F0) in font ec-lmr10!
Missing character: There is no っ (U+3063) in font ec-lmr10!
Missing character: There is no て (U+3066) in font ec-lmr10!
Missing character: There is no し (U+3057) in font ec-lmr10!
Missing character: There is no ま (U+307E) in font ec-lmr10!
Missing character: There is no っ (U+3063) in font ec-lmr10!
Missing character: There is no た (U+305F) in font ec-lmr10!
Missing character: There is no 。 (U+3002) in font ec-lmr10!
Missing character: There is no ア (U+30A2) in font ec-lmr10!
Missing character: There is no プ (U+30D7) in font ec-lmr10!
Missing character: There is no リ (U+30EA) in font ec-lmr10!
Missing character: There is no 関 (U+95A2) in font ec-lmr10!
Missing character: There is no 係 (U+4FC2) in font ec-lmr10!
Missing character: There is no の (U+306E) in font ec-lmr10!
Missing character: There is no ソ (U+30BD) in font ec-lmr10!
Missing character: There is no フ (U+30D5) in font ec-lmr10!
Missing character: There is no ト (U+30C8) in font ec-lmr10!
Missing character: There is no に (U+306B) in font ec-lmr10!
Missing character: There is no や (U+3084) in font ec-lmr10!
Missing character: There is no の (U+306E) in font ec-lmr10!
Missing character: There is no が (U+304C) in font ec-lmr10!
Missing character: There is no つ (U+3064) in font ec-lmr10!
Missing character: There is no い (U+3044) in font ec-lmr10!
Missing character: There is no て (U+3066) in font ec-lmr10!
Missing character: There is no い (U+3044) in font ec-lmr10!
Missing character: There is no な (U+306A) in font ec-lmr10!
Missing character: There is no く (U+304F) in font ec-lmr10!
Missing character: There is no て (U+3066) in font ec-lmr10!
Missing character: There is no 、 (U+3001) in font ec-lmr10!
Missing character: There is no ち (U+3061) in font ec-lmr10!
Missing character: There is no ょ (U+3087) in font ec-lmr10!
Missing character: There is no っ (U+3063) in font ec-lmr10!
Missing character: There is no と (U+3068) in font ec-lmr10!
Missing character: There is no 困 (U+56F0) in font ec-lmr10!
Missing character: There is no っ (U+3063) in font ec-lmr10!
Missing character: There is no て (U+3066) in font ec-lmr10!
Missing character: There is no し (U+3057) in font ec-lmr10!
Missing character: There is no ま (U+307E) in font ec-lmr10!
Missing character: There is no っ (U+3063) in font ec-lmr10!
Missing character: There is no た (U+305F) in font ec-lmr10!
Missing character: There is no 。 (U+3002) in font ec-lmr10!
Missing character: There is no の (U+306E) in font ec-lmr10!
Missing character: There is no チ (U+30C1) in font ec-lmr10!
Missing character: There is no ェ (U+30A7) in font ec-lmr10!
Missing character: There is no ッ (U+30C3) in font ec-lmr10!
Missing character: There is no ク (U+30AF) in font ec-lmr10!
Missing character: There is no を (U+3092) in font ec-lmr10!
Missing character: There is no 無 (U+7121) in font ec-lmr10!
Missing character: There is no 効 (U+52B9) in font ec-lmr10!
Missing character: There is no に (U+306B) in font ec-lmr10!
Missing character: There is no し (U+3057) in font ec-lmr10!
Missing character: There is no て (U+3066) in font ec-lmr10!
Missing character: There is no か (U+304B) in font ec-lmr10!
Missing character: There is no ら (U+3089) in font ec-lmr10!
Missing character: There is no を (U+3092) in font ec-lmr10!
Missing character: There is no イ (U+30A4) in font ec-lmr10!
Missing character: There is no ン (U+30F3) in font ec-lmr10!
Missing character: There is no ス (U+30B9) in font ec-lmr10!
Missing character: There is no ト (U+30C8) in font ec-lmr10!
Missing character: There is no ー (U+30FC) in font ec-lmr10!
Missing character: There is no ル (U+30EB) in font ec-lmr10!
Missing character: There is no し (U+3057) in font ec-lmr10!
Missing character: There is no 、 (U+3001) in font ec-lmr10!
Missing character: There is no 動 (U+52D5) in font ec-lmr10!
Missing character: There is no 作 (U+4F5C) in font ec-lmr10!
Missing character: There is no す (U+3059) in font ec-lmr10!
Missing character: There is no る (U+308B) in font ec-lmr10!
Missing character: There is no と (U+3068) in font ec-lmr10!
Missing character: There is no こ (U+3053) in font ec-lmr10!
Missing character: There is no ろ (U+308D) in font ec-lmr10!
Missing character: There is no ま (U+307E) in font ec-lmr10!
Missing character: There is no で (U+3067) in font ec-lmr10!
Missing character: There is no は (U+306F) in font ec-lmr10!
Missing character: There is no 確 (U+78BA) in font ec-lmr10!
Missing character: There is no 認 (U+8A8D) in font ec-lmr10!
Missing character: There is no で (U+3067) in font ec-lmr10!
Missing character: There is no き (U+304D) in font ec-lmr10!
Missing character: There is no た (U+305F) in font ec-lmr10!
Missing character: There is no 。 (U+3002) in font ec-lmr10!
Missing character: There is no た (U+305F) in font ec-lmr10!
Missing character: There is no だ (U+3060) in font ec-lmr10!
Missing character: There is no 、 (U+3001) in font ec-lmr10!
Missing character: There is no 評 (U+8A55) in font ec-lmr10!
Missing character: There is no 判 (U+5224) in font ec-lmr10!
Missing character: There is no ど (U+3069) in font ec-lmr10!
Missing character: There is no お (U+304A) in font ec-lmr10!
Missing character: There is no り (U+308A) in font ec-lmr10!
Missing character: There is no の (U+306E) in font ec-lmr10!
Missing character: There is no （ (U+FF08) in font ec-lmr10!
Missing character: There is no 軽 (U+8EFD) in font ec-lmr10!
Missing character: There is no い (U+3044) in font ec-lmr10!
Missing character: There is no 速 (U+901F) in font ec-lmr10!
Missing character: There is no い (U+3044) in font ec-lmr10!
Missing character: There is no ） (U+FF09) in font ec-lmr10!
Missing character: There is no 動 (U+52D5) in font ec-lmr10!
Missing character: There is no 作 (U+4F5C) in font ec-lmr10!
Missing character: There is no に (U+306B) in font ec-lmr10!
Missing character: There is no は (U+306F) in font ec-lmr10!
Missing character: There is no な (U+306A) in font ec-lmr10!
Missing character: There is no っ (U+3063) in font ec-lmr10!
Missing character: There is no て (U+3066) in font ec-lmr10!
Missing character: There is no い (U+3044) in font ec-lmr10!
Missing character: There is no な (U+306A) in font ec-lmr10!
Missing character: There is no い (U+3044) in font ec-lmr10!
Missing character: There is no の (U+306E) in font ec-lmr10!
Missing character: There is no で (U+3067) in font ec-lmr10!
Missing character: There is no 、 (U+3001) in font ec-lmr10!
Missing character: There is no い (U+3044) in font ec-lmr10!
Missing character: There is no ま (U+307E) in font ec-lmr10!
Missing character: There is no も (U+3082) in font ec-lmr10!
Missing character: There is no 調 (U+8ABF) in font ec-lmr10!
Missing character: There is no 整 (U+6574) in font ec-lmr10!
Missing character: There is no 中 (U+4E2D) in font ec-lmr10!
Missing character: There is no 。 (U+3002) in font ec-lmr10!
Missing character: There is no の (U+306E) in font ec-lmr10!
Missing character: There is no チ (U+30C1) in font ec-lmr10!
Missing character: There is no ェ (U+30A7) in font ec-lmr10!
Missing character: There is no ッ (U+30C3) in font ec-lmr10!
Missing character: There is no ク (U+30AF) in font ec-lmr10!
Missing character: There is no を (U+3092) in font ec-lmr10!
Missing character: There is no 無 (U+7121) in font ec-lmr10!
Missing character: There is no 効 (U+52B9) in font ec-lmr10!
Missing character: There is no に (U+306B) in font ec-lmr10!
Missing character: There is no し (U+3057) in font ec-lmr10!
Missing character: There is no て (U+3066) in font ec-lmr10!
Missing character: There is no か (U+304B) in font ec-lmr10!
Missing character: There is no ら (U+3089) in font ec-lmr10!
Missing character: There is no を (U+3092) in font ec-lmr10!
Missing character: There is no イ (U+30A4) in font ec-lmr10!
Missing character: There is no ン (U+30F3) in font ec-lmr10!
Missing character: There is no ス (U+30B9) in font ec-lmr10!
Missing character: There is no ト (U+30C8) in font ec-lmr10!
Missing character: There is no ー (U+30FC) in font ec-lmr10!
Missing character: There is no ル (U+30EB) in font ec-lmr10!
Missing character: There is no し (U+3057) in font ec-lmr10!
Missing character: There is no 、 (U+3001) in font ec-lmr10!
Missing character: There is no 動 (U+52D5) in font ec-lmr10!
Missing character: There is no 作 (U+4F5C) in font ec-lmr10!
Missing character: There is no す (U+3059) in font ec-lmr10!
Missing character: There is no る (U+308B) in font ec-lmr10!
Missing character: There is no と (U+3068) in font ec-lmr10!
Missing character: There is no こ (U+3053) in font ec-lmr10!
Missing character: There is no ろ (U+308D) in font ec-lmr10!
Missing character: There is no ま (U+307E) in font ec-lmr10!
Missing character: There is no で (U+3067) in font ec-lmr10!
Missing character: There is no は (U+306F) in font ec-lmr10!
Missing character: There is no 確 (U+78BA) in font ec-lmr10!
Missing character: There is no 認 (U+8A8D) in font ec-lmr10!
Missing character: There is no で (U+3067) in font ec-lmr10!
Missing character: There is no き (U+304D) in font ec-lmr10!
Missing character: There is no た (U+305F) in font ec-lmr10!
Missing character: There is no 。 (U+3002) in font ec-lmr10!
Missing character: There is no た (U+305F) in font ec-lmr10!
Missing character: There is no だ (U+3060) in font ec-lmr10!
Missing character: There is no 、 (U+3001) in font ec-lmr10!
Missing character: There is no 評 (U+8A55) in font ec-lmr10!
Missing character: There is no 判 (U+5224) in font ec-lmr10!
Missing character: There is no ど (U+3069) in font ec-lmr10!
Missing character: There is no お (U+304A) in font ec-lmr10!
Missing character: There is no り (U+308A) in font ec-lmr10!
Missing character: There is no の (U+306E) in font ec-lmr10!
Missing character: There is no （ (U+FF08) in font ec-lmr10!
Missing character: There is no 軽 (U+8EFD) in font ec-lmr10!
Missing character: There is no い (U+3044) in font ec-lmr10!
Missing character: There is no 速 (U+901F) in font ec-lmr10!
Missing character: There is no い (U+3044) in font ec-lmr10!
Missing character: There is no ） (U+FF09) in font ec-lmr10!
Missing character: There is no 動 (U+52D5) in font ec-lmr10!
Missing character: There is no 作 (U+4F5C) in font ec-lmr10!
Missing character: There is no に (U+306B) in font ec-lmr10!
Missing character: There is no は (U+306F) in font ec-lmr10!
Missing character: There is no な (U+306A) in font ec-lmr10!
Missing character: There is no っ (U+3063) in font ec-lmr10!
Missing character: There is no て (U+3066) in font ec-lmr10!
Missing character: There is no い (U+3044) in font ec-lmr10!
Missing character: There is no な (U+306A) in font ec-lmr10!
Missing character: There is no い (U+3044) in font ec-lmr10!
Missing character: There is no の (U+306E) in font ec-lmr10!
Missing character: There is no で (U+3067) in font ec-lmr10!
Missing character: There is no 、 (U+3001) in font ec-lmr10!
Missing character: There is no い (U+3044) in font ec-lmr10!
Missing character: There is no ま (U+307E) in font ec-lmr10!
Missing character: There is no も (U+3082) in font ec-lmr10!
Missing character: There is no 調 (U+8ABF) in font ec-lmr10!
Missing character: There is no 整 (U+6574) in font ec-lmr10!
Missing character: There is no 中 (U+4E2D) in font ec-lmr10!
Missing character: There is no 。 (U+3002) in font ec-lmr10!
Missing character: There is no の (U+306E) in font ec-lmr10!
Missing character: There is no 組 (U+7D44) in font ec-lmr10!
Missing character: There is no み (U+307F) in font ec-lmr10!
Missing character: There is no 合 (U+5408) in font ec-lmr10!
Missing character: There is no わ (U+308F) in font ec-lmr10!
Missing character: There is no せ (U+305B) in font ec-lmr10!
Missing character: There is no で (U+3067) in font ec-lmr10!
Missing character: There is no は (U+306F) in font ec-lmr10!
Missing character: There is no 動 (U+52D5) in font ec-lmr10!
Missing character: There is no 作 (U+4F5C) in font ec-lmr10!
Missing character: There is no を (U+3092) in font ec-lmr10!
Missing character: There is no 確 (U+78BA) in font ec-lmr10!
Missing character: There is no 認 (U+8A8D) in font ec-lmr10!
Missing character: There is no で (U+3067) in font ec-lmr10!
Missing character: There is no き (U+304D) in font ec-lmr10!
Missing character: There is no た (U+305F) in font ec-lmr10!
Missing character: There is no の (U+306E) in font ec-lmr10!
Missing character: There is no だ (U+3060) in font ec-lmr10!
Missing character: There is no け (U+3051) in font ec-lmr10!
Missing character: There is no ど (U+3069) in font ec-lmr10!
Missing character: There is no 、 (U+3001) in font ec-lmr10!
Missing character: There is no だ (U+3060) in font ec-lmr10!
Missing character: There is no け (U+3051) in font ec-lmr10!
Missing character: There is no は (U+306F) in font ec-lmr10!
Missing character: There is no う (U+3046) in font ec-lmr10!
Missing character: There is no ま (U+307E) in font ec-lmr10!
Missing character: There is no く (U+304F) in font ec-lmr10!
Missing character: There is no 動 (U+52D5) in font ec-lmr10!
Missing character: There is no か (U+304B) in font ec-lmr10!
Missing character: There is no な (U+306A) in font ec-lmr10!
Missing character: There is no か (U+304B) in font ec-lmr10!
Missing character: There is no っ (U+3063) in font ec-lmr10!
Missing character: There is no た (U+305F) in font ec-lmr10!
Missing character: There is no 。 (U+3002) in font ec-lmr10!
Missing character: There is no の (U+306E) in font ec-lmr10!
Missing character: There is no 組 (U+7D44) in font ec-lmr10!
Missing character: There is no み (U+307F) in font ec-lmr10!
Missing character: There is no 合 (U+5408) in font ec-lmr10!
Missing character: There is no わ (U+308F) in font ec-lmr10!
Missing character: There is no せ (U+305B) in font ec-lmr10!
Missing character: There is no で (U+3067) in font ec-lmr10!
Missing character: There is no は (U+306F) in font ec-lmr10!
Missing character: There is no 動 (U+52D5) in font ec-lmr10!
Missing character: There is no 作 (U+4F5C) in font ec-lmr10!
Missing character: There is no を (U+3092) in font ec-lmr10!
Missing character: There is no 確 (U+78BA) in font ec-lmr10!
Missing character: There is no 認 (U+8A8D) in font ec-lmr10!
Missing character: There is no で (U+3067) in font ec-lmr10!
Missing character: There is no き (U+304D) in font ec-lmr10!
Missing character: There is no た (U+305F) in font ec-lmr10!
Missing character: There is no の (U+306E) in font ec-lmr10!
Missing character: There is no だ (U+3060) in font ec-lmr10!
Missing character: There is no け (U+3051) in font ec-lmr10!
Missing character: There is no ど (U+3069) in font ec-lmr10!
Missing character: There is no 、 (U+3001) in font ec-lmr10!
Missing character: There is no だ (U+3060) in font ec-lmr10!
Missing character: There is no け (U+3051) in font ec-lmr10!
Missing character: There is no は (U+306F) in font ec-lmr10!
Missing character: There is no う (U+3046) in font ec-lmr10!
Missing character: There is no ま (U+307E) in font ec-lmr10!
Missing character: There is no く (U+304F) in font ec-lmr10!
Missing character: There is no 動 (U+52D5) in font ec-lmr10!
Missing character: There is no か (U+304B) in font ec-lmr10!
Missing character: There is no な (U+306A) in font ec-lmr10!
Missing character: There is no か (U+304B) in font ec-lmr10!
Missing character: There is no っ (U+3063) in font ec-lmr10!
Missing character: There is no た (U+305F) in font ec-lmr10!
Missing character: There is no 。 (U+3002) in font ec-lmr10!
Missing character: There is no 原 (U+539F) in font ec-lmr10!
Missing character: There is no 因 (U+56E0) in font ec-lmr10!
Missing character: There is no を (U+3092) in font ec-lmr10!
Missing character: There is no 追 (U+8FFD) in font ec-lmr10!
Missing character: There is no い (U+3044) in font ec-lmr10!
Missing character: There is no か (U+304B) in font ec-lmr10!
Missing character: There is no け (U+3051) in font ec-lmr10!
Missing character: There is no る (U+308B) in font ec-lmr10!
Missing character: There is no の (U+306E) in font ec-lmr10!
Missing character: There is no が (U+304C) in font ec-lmr10!
Missing character: There is no 面 (U+9762) in font ec-lmr10!
Missing character: There is no 倒 (U+5012) in font ec-lmr10!
Missing character: There is no だ (U+3060) in font ec-lmr10!
Missing character: There is no っ (U+3063) in font ec-lmr10!
Missing character: There is no た (U+305F) in font ec-lmr10!
Missing character: There is no の (U+306E) in font ec-lmr10!
Missing character: There is no で (U+3067) in font ec-lmr10!
Missing character: There is no 、 (U+3001) in font ec-lmr10!
Missing character: There is no い (U+3044) in font ec-lmr10!
Missing character: There is no ま (U+307E) in font ec-lmr10!
Missing character: There is no の (U+306E) in font ec-lmr10!
Missing character: There is no と (U+3068) in font ec-lmr10!
Missing character: There is no こ (U+3053) in font ec-lmr10!
Missing character: There is no ろ (U+308D) in font ec-lmr10!
Missing character: There is no は (U+306F) in font ec-lmr10!
Missing character: There is no で (U+3067) in font ec-lmr10!
Missing character: There is no 動 (U+52D5) in font ec-lmr10!
Missing character: There is no か (U+304B) in font ec-lmr10!
Missing character: There is no し (U+3057) in font ec-lmr10!
Missing character: There is no て (U+3066) in font ec-lmr10!
Missing character: There is no い (U+3044) in font ec-lmr10!
Missing character: There is no る (U+308B) in font ec-lmr10!
Missing character: There is no 。 (U+3002) in font ec-lmr10!
Missing character: There is no 原 (U+539F) in font ec-lmr10!
Missing character: There is no 因 (U+56E0) in font ec-lmr10!
Missing character: There is no を (U+3092) in font ec-lmr10!
Missing character: There is no 追 (U+8FFD) in font ec-lmr10!
Missing character: There is no い (U+3044) in font ec-lmr10!
Missing character: There is no か (U+304B) in font ec-lmr10!
Missing character: There is no け (U+3051) in font ec-lmr10!
Missing character: There is no る (U+308B) in font ec-lmr10!
Missing character: There is no の (U+306E) in font ec-lmr10!
Missing character: There is no が (U+304C) in font ec-lmr10!
Missing character: There is no 面 (U+9762) in font ec-lmr10!
Missing character: There is no 倒 (U+5012) in font ec-lmr10!
Missing character: There is no だ (U+3060) in font ec-lmr10!
Missing character: There is no っ (U+3063) in font ec-lmr10!
Missing character: There is no た (U+305F) in font ec-lmr10!
Missing character: There is no の (U+306E) in font ec-lmr10!
Missing character: There is no で (U+3067) in font ec-lmr10!
Missing character: There is no 、 (U+3001) in font ec-lmr10!
Missing character: There is no い (U+3044) in font ec-lmr10!
Missing character: There is no ま (U+307E) in font ec-lmr10!
Missing character: There is no の (U+306E) in font ec-lmr10!
Missing character: There is no と (U+3068) in font ec-lmr10!
Missing character: There is no こ (U+3053) in font ec-lmr10!
Missing character: There is no ろ (U+308D) in font ec-lmr10!
Missing character: There is no は (U+306F) in font ec-lmr10!
Missing character: There is no で (U+3067) in font ec-lmr10!
Missing character: There is no 動 (U+52D5) in font ec-lmr10!
Missing character: There is no か (U+304B) in font ec-lmr10!
Missing character: There is no し (U+3057) in font ec-lmr10!
Missing character: There is no て (U+3066) in font ec-lmr10!
Missing character: There is no い (U+3044) in font ec-lmr10!
Missing character: There is no る (U+308B) in font ec-lmr10!
Missing character: There is no 。 (U+3002) in font ec-lmr10!
Missing character: There is no 将 (U+5C06) in font ec-lmbx10!
Missing character: There is no 来 (U+6765) in font ec-lmbx10!
Missing character: There is no 将 (U+5C06) in font ec-lmbx10!
Missing character: There is no 来 (U+6765) in font ec-lmbx10!
Missing character: There is no の (U+306E) in font ec-lmr10!
Missing character: There is no 実 (U+5B9F) in font ec-lmr10!
Missing character: There is no 装 (U+88C5) in font ec-lmr10!
Missing character: There is no の (U+306E) in font ec-lmr10!
Missing character: There is no 実 (U+5B9F) in font ec-lmr10!
Missing character: There is no 装 (U+88C5) in font ec-lmr10!
Missing character: There is no を (U+3092) in font ec-lmr10!
Missing character: There is no 使 (U+4F7F) in font ec-lmr10!
Missing character: There is no っ (U+3063) in font ec-lmr10!
Missing character: There is no た (U+305F) in font ec-lmr10!
Missing character: There is no ア (U+30A2) in font ec-lmr10!
Missing character: There is no イ (U+30A4) in font ec-lmr10!
Missing character: There is no デ (U+30C7) in font ec-lmr10!
Missing character: There is no ア (U+30A2) in font ec-lmr10!
Missing character: There is no と (U+3068) in font ec-lmr10!
Missing character: There is no し (U+3057) in font ec-lmr10!
Missing character: There is no て (U+3066) in font ec-lmr10!
Missing character: There is no 、 (U+3001) in font ec-lmr10!
Missing character: There is no や (U+3084) in font ec-lmr10!
Missing character: There is no り (U+308A) in font ec-lmr10!
Missing character: There is no た (U+305F) in font ec-lmr10!
Missing character: There is no い (U+3044) in font ec-lmr10!
Missing character: There is no の (U+306E) in font ec-lmr10!
Missing character: There is no は (U+306F) in font ec-lmr10!
Missing character: There is no の (U+306E) in font ec-lmr10!
Missing character: There is no 実 (U+5B9F) in font ec-lmr10!
Missing character: There is no 装 (U+88C5) in font ec-lmr10!
Missing character: There is no だ (U+3060) in font ec-lmr10!
Missing character: There is no 。 (U+3002) in font ec-lmr10!
Missing character: There is no 体 (U+4F53) in font ec-lmr10!
Missing character: There is no 感 (U+611F) in font ec-lmr10!
Missing character: There is no 的 (U+7684) in font ec-lmr10!
Missing character: There is no に (U+306B) in font ec-lmr10!
Missing character: There is no は (U+306F) in font ec-lmr10!
Missing character: There is no そ (U+305D) in font ec-lmr10!
Missing character: There is no ん (U+3093) in font ec-lmr10!
Missing character: There is no な (U+306A) in font ec-lmr10!
Missing character: There is no に (U+306B) in font ec-lmr10!
Missing character: There is no 遅 (U+9045) in font ec-lmr10!
Missing character: There is no い (U+3044) in font ec-lmr10!
Missing character: There is no マ (U+30DE) in font ec-lmr10!
Missing character: There is no シ (U+30B7) in font ec-lmr10!
Missing character: There is no ン (U+30F3) in font ec-lmr10!
Missing character: There is no で (U+3067) in font ec-lmr10!
Missing character: There is no も (U+3082) in font ec-lmr10!
Missing character: There is no な (U+306A) in font ec-lmr10!
Missing character: There is no い (U+3044) in font ec-lmr10!
Missing character: There is no の (U+306E) in font ec-lmr10!
Missing character: There is no で (U+3067) in font ec-lmr10!
Missing character: There is no 期 (U+671F) in font ec-lmr10!
Missing character: There is no 待 (U+5F85) in font ec-lmr10!
Missing character: There is no し (U+3057) in font ec-lmr10!
Missing character: There is no て (U+3066) in font ec-lmr10!
Missing character: There is no い (U+3044) in font ec-lmr10!
Missing character: There is no る (U+308B) in font ec-lmr10!
Missing character: There is no の (U+306E) in font ec-lmr10!
Missing character: There is no だ (U+3060) in font ec-lmr10!
Missing character: There is no け (U+3051) in font ec-lmr10!
Missing character: There is no ど (U+3069) in font ec-lmr10!
Missing character: There is no 、 (U+3001) in font ec-lmr10!
Missing character: There is no が (U+304C) in font ec-lmr10!
Missing character: There is no う (U+3046) in font ec-lmr10!
Missing character: There is no ま (U+307E) in font ec-lmr10!
Missing character: There is no く (U+304F) in font ec-lmr10!
Missing character: There is no 動 (U+52D5) in font ec-lmr10!
Missing character: There is no 作 (U+4F5C) in font ec-lmr10!
Missing character: There is no し (U+3057) in font ec-lmr10!
Missing character: There is no て (U+3066) in font ec-lmr10!
Missing character: There is no い (U+3044) in font ec-lmr10!
Missing character: There is no な (U+306A) in font ec-lmr10!
Missing character: There is no い (U+3044) in font ec-lmr10!
Missing character: There is no 分 (U+5206) in font ec-lmr10!
Missing character: There is no 、 (U+3001) in font ec-lmr10!
Missing character: There is no ま (U+307E) in font ec-lmr10!
Missing character: There is no だ (U+3060) in font ec-lmr10!
Missing character: There is no 実 (U+5B9F) in font ec-lmr10!
Missing character: There is no 現 (U+73FE) in font ec-lmr10!
Missing character: There is no に (U+306B) in font ec-lmr10!
Missing character: There is no は (U+306F) in font ec-lmr10!
Missing character: There is no 遠 (U+9060) in font ec-lmr10!
Missing character: There is no い (U+3044) in font ec-lmr10!
Missing character: There is no 。 (U+3002) in font ec-lmr10!
Missing character: There is no を (U+3092) in font ec-lmr10!
Missing character: There is no 使 (U+4F7F) in font ec-lmr10!
Missing character: There is no っ (U+3063) in font ec-lmr10!
Missing character: There is no た (U+305F) in font ec-lmr10!
Missing character: There is no ア (U+30A2) in font ec-lmr10!
Missing character: There is no イ (U+30A4) in font ec-lmr10!
Missing character: There is no デ (U+30C7) in font ec-lmr10!
Missing character: There is no ア (U+30A2) in font ec-lmr10!
Missing character: There is no と (U+3068) in font ec-lmr10!
Missing character: There is no し (U+3057) in font ec-lmr10!
Missing character: There is no て (U+3066) in font ec-lmr10!
Missing character: There is no 、 (U+3001) in font ec-lmr10!
Missing character: There is no や (U+3084) in font ec-lmr10!
Missing character: There is no り (U+308A) in font ec-lmr10!
Missing character: There is no た (U+305F) in font ec-lmr10!
Missing character: There is no い (U+3044) in font ec-lmr10!
Missing character: There is no の (U+306E) in font ec-lmr10!
Missing character: There is no は (U+306F) in font ec-lmr10!
Missing character: There is no の (U+306E) in font ec-lmr10!
Missing character: There is no 実 (U+5B9F) in font ec-lmr10!
Missing character: There is no 装 (U+88C5) in font ec-lmr10!
Missing character: There is no だ (U+3060) in font ec-lmr10!
Missing character: There is no 。 (U+3002) in font ec-lmr10!
Missing character: There is no 体 (U+4F53) in font ec-lmr10!
Missing character: There is no 感 (U+611F) in font ec-lmr10!
Missing character: There is no 的 (U+7684) in font ec-lmr10!
Missing character: There is no に (U+306B) in font ec-lmr10!
Missing character: There is no は (U+306F) in font ec-lmr10!
Missing character: There is no そ (U+305D) in font ec-lmr10!
Missing character: There is no ん (U+3093) in font ec-lmr10!
Missing character: There is no な (U+306A) in font ec-lmr10!
Missing character: There is no に (U+306B) in font ec-lmr10!
Missing character: There is no 遅 (U+9045) in font ec-lmr10!
Missing character: There is no い (U+3044) in font ec-lmr10!
Missing character: There is no マ (U+30DE) in font ec-lmr10!
Missing character: There is no シ (U+30B7) in font ec-lmr10!
Missing character: There is no ン (U+30F3) in font ec-lmr10!
Missing character: There is no で (U+3067) in font ec-lmr10!
Missing character: There is no も (U+3082) in font ec-lmr10!
Missing character: There is no な (U+306A) in font ec-lmr10!
Missing character: There is no い (U+3044) in font ec-lmr10!
Missing character: There is no の (U+306E) in font ec-lmr10!
Missing character: There is no で (U+3067) in font ec-lmr10!
Missing character: There is no 期 (U+671F) in font ec-lmr10!
Missing character: There is no 待 (U+5F85) in font ec-lmr10!
Missing character: There is no し (U+3057) in font ec-lmr10!
Missing character: There is no て (U+3066) in font ec-lmr10!
Missing character: There is no い (U+3044) in font ec-lmr10!
Missing character: There is no る (U+308B) in font ec-lmr10!
Missing character: There is no の (U+306E) in font ec-lmr10!
Missing character: There is no だ (U+3060) in font ec-lmr10!
Missing character: There is no け (U+3051) in font ec-lmr10!
Missing character: There is no ど (U+3069) in font ec-lmr10!
Missing character: There is no 、 (U+3001) in font ec-lmr10!
Missing character: There is no が (U+304C) in font ec-lmr10!
Missing character: There is no う (U+3046) in font ec-lmr10!
Missing character: There is no ま (U+307E) in font ec-lmr10!
Missing character: There is no く (U+304F) in font ec-lmr10!
Missing character: There is no 動 (U+52D5) in font ec-lmr10!
Missing character: There is no 作 (U+4F5C) in font ec-lmr10!
Missing character: There is no し (U+3057) in font ec-lmr10!
Missing character: There is no て (U+3066) in font ec-lmr10!
Missing character: There is no い (U+3044) in font ec-lmr10!
Missing character: There is no な (U+306A) in font ec-lmr10!
Missing character: There is no い (U+3044) in font ec-lmr10!
Missing character: There is no 分 (U+5206) in font ec-lmr10!
Missing character: There is no 、 (U+3001) in font ec-lmr10!
Missing character: There is no ま (U+307E) in font ec-lmr10!
Missing character: There is no だ (U+3060) in font ec-lmr10!
Missing character: There is no 実 (U+5B9F) in font ec-lmr10!
Missing character: There is no 現 (U+73FE) in font ec-lmr10!
Missing character: There is no に (U+306B) in font ec-lmr10!
Missing character: There is no は (U+306F) in font ec-lmr10!
Missing character: There is no 遠 (U+9060) in font ec-lmr10!
Missing character: There is no い (U+3044) in font ec-lmr10!
Missing character: There is no 。 (U+3002) in font ec-lmr10!
Missing character: There is no あ (U+3042) in font ec-lmr10!
Missing character: There is no と (U+3068) in font ec-lmr10!
Missing character: There is no は (U+306F) in font ec-lmr10!
Missing character: There is no 、 (U+3001) in font ec-lmr10!
Missing character: There is no カ (U+30AB) in font ec-lmr10!
Missing character: There is no ー (U+30FC) in font ec-lmr10!
Missing character: There is no ネ (U+30CD) in font ec-lmr10!
Missing character: There is no ル (U+30EB) in font ec-lmr10!
Missing character: There is no が (U+304C) in font ec-lmr10!
Missing character: There is no 変 (U+5909) in font ec-lmr10!
Missing character: There is no わ (U+308F) in font ec-lmr10!
Missing character: There is no っ (U+3063) in font ec-lmr10!
Missing character: There is no て (U+3066) in font ec-lmr10!
Missing character: There is no も (U+3082) in font ec-lmr10!
Missing character: There is no が (U+304C) in font ec-lmr10!
Missing character: There is no き (U+304D) in font ec-lmr10!
Missing character: There is no ち (U+3061) in font ec-lmr10!
Missing character: There is no ん (U+3093) in font ec-lmr10!
Missing character: There is no と (U+3068) in font ec-lmr10!
Missing character: There is no 動 (U+52D5) in font ec-lmr10!
Missing character: There is no 作 (U+4F5C) in font ec-lmr10!
Missing character: There is no し (U+3057) in font ec-lmr10!
Missing character: There is no て (U+3066) in font ec-lmr10!
Missing character: There is no く (U+304F) in font ec-lmr10!
Missing character: There is no れ (U+308C) in font ec-lmr10!
Missing character: There is no る (U+308B) in font ec-lmr10!
Missing character: There is no か (U+304B) in font ec-lmr10!
Missing character: There is no ど (U+3069) in font ec-lmr10!
Missing character: There is no う (U+3046) in font ec-lmr10!
Missing character: There is no か (U+304B) in font ec-lmr10!
Missing character: There is no 。 (U+3002) in font ec-lmr10!
Missing character: There is no あ (U+3042) in font ec-lmr10!
Missing character: There is no と (U+3068) in font ec-lmr10!
Missing character: There is no は (U+306F) in font ec-lmr10!
Missing character: There is no 、 (U+3001) in font ec-lmr10!
Missing character: There is no カ (U+30AB) in font ec-lmr10!
Missing character: There is no ー (U+30FC) in font ec-lmr10!
Missing character: There is no ネ (U+30CD) in font ec-lmr10!
Missing character: There is no ル (U+30EB) in font ec-lmr10!
Missing character: There is no が (U+304C) in font ec-lmr10!
Missing character: There is no 変 (U+5909) in font ec-lmr10!
Missing character: There is no わ (U+308F) in font ec-lmr10!
Missing character: There is no っ (U+3063) in font ec-lmr10!
Missing character: There is no て (U+3066) in font ec-lmr10!
Missing character: There is no も (U+3082) in font ec-lmr10!
Missing character: There is no が (U+304C) in font ec-lmr10!
Missing character: There is no き (U+304D) in font ec-lmr10!
Missing character: There is no ち (U+3061) in font ec-lmr10!
Missing character: There is no ん (U+3093) in font ec-lmr10!
Missing character: There is no と (U+3068) in font ec-lmr10!
Missing character: There is no 動 (U+52D5) in font ec-lmr10!
Missing character: There is no 作 (U+4F5C) in font ec-lmr10!
Missing character: There is no し (U+3057) in font ec-lmr10!
Missing character: There is no て (U+3066) in font ec-lmr10!
Missing character: There is no く (U+304F) in font ec-lmr10!
Missing character: There is no れ (U+308C) in font ec-lmr10!
Missing character: There is no る (U+308B) in font ec-lmr10!
Missing character: There is no か (U+304B) in font ec-lmr10!
Missing character: There is no ど (U+3069) in font ec-lmr10!
Missing character: There is no う (U+3046) in font ec-lmr10!
Missing character: There is no か (U+304B) in font ec-lmr10!
Missing character: There is no 。 (U+3002) in font ec-lmr10!
Missing character: There is no は (U+306F) in font ec-lmr10!
Missing character: There is no 問 (U+554F) in font ec-lmr10!
Missing character: There is no 題 (U+984C) in font ec-lmr10!
Missing character: There is no な (U+306A) in font ec-lmr10!
Missing character: There is no く (U+304F) in font ec-lmr10!
Missing character: There is no 動 (U+52D5) in font ec-lmr10!
Missing character: There is no 作 (U+4F5C) in font ec-lmr10!
Missing character: There is no し (U+3057) in font ec-lmr10!
Missing character: There is no た (U+305F) in font ec-lmr10!
Missing character: There is no 。 (U+3002) in font ec-lmr10!
Missing character: There is no も (U+3082) in font ec-lmr10!
Missing character: There is no 動 (U+52D5) in font ec-lmr10!
Missing character: There is no い (U+3044) in font ec-lmr10!
Missing character: There is no て (U+3066) in font ec-lmr10!
Missing character: There is no い (U+3044) in font ec-lmr10!
Missing character: There is no る (U+308B) in font ec-lmr10!
Missing character: There is no 。 (U+3002) in font ec-lmr10!
Missing character: There is no あ (U+3042) in font ec-lmr10!
Missing character: There is no と (U+3068) in font ec-lmr10!
Missing character: There is no は (U+306F) in font ec-lmr10!
Missing character: There is no ル (U+30EB) in font ec-lmr10!
Missing character: There is no ー (U+30FC) in font ec-lmr10!
Missing character: There is no タ (U+30BF) in font ec-lmr10!
Missing character: There is no 側 (U+5074) in font ec-lmr10!
Missing character: There is no で (U+3067) in font ec-lmr10!
Missing character: There is no の (U+306E) in font ec-lmr10!
Missing character: There is no に (U+306B) in font ec-lmr10!
Missing character: There is no 流 (U+6D41) in font ec-lmr10!
Missing character: There is no し (U+3057) in font ec-lmr10!
Missing character: There is no 込 (U+8FBC) in font ec-lmr10!
Missing character: There is no む (U+3080) in font ec-lmr10!
Missing character: There is no だ (U+3060) in font ec-lmr10!
Missing character: There is no け (U+3051) in font ec-lmr10!
Missing character: There is no 。 (U+3002) in font ec-lmr10!
Missing character: There is no は (U+306F) in font ec-lmr10!
Missing character: There is no 問 (U+554F) in font ec-lmr10!
Missing character: There is no 題 (U+984C) in font ec-lmr10!
Missing character: There is no な (U+306A) in font ec-lmr10!
Missing character: There is no く (U+304F) in font ec-lmr10!
Missing character: There is no 動 (U+52D5) in font ec-lmr10!
Missing character: There is no 作 (U+4F5C) in font ec-lmr10!
Missing character: There is no し (U+3057) in font ec-lmr10!
Missing character: There is no た (U+305F) in font ec-lmr10!
Missing character: There is no 。 (U+3002) in font ec-lmr10!
Missing character: There is no も (U+3082) in font ec-lmr10!
Missing character: There is no 動 (U+52D5) in font ec-lmr10!
Missing character: There is no い (U+3044) in font ec-lmr10!
Missing character: There is no て (U+3066) in font ec-lmr10!
Missing character: There is no い (U+3044) in font ec-lmr10!
Missing character: There is no る (U+308B) in font ec-lmr10!
Missing character: There is no 。 (U+3002) in font ec-lmr10!
Missing character: There is no あ (U+3042) in font ec-lmr10!
Missing character: There is no と (U+3068) in font ec-lmr10!
Missing character: There is no は (U+306F) in font ec-lmr10!
Missing character: There is no ル (U+30EB) in font ec-lmr10!
Missing character: There is no ー (U+30FC) in font ec-lmr10!
Missing character: There is no タ (U+30BF) in font ec-lmr10!
Missing character: There is no 側 (U+5074) in font ec-lmr10!
Missing character: There is no で (U+3067) in font ec-lmr10!
Missing character: There is no の (U+306E) in font ec-lmr10!
Missing character: There is no に (U+306B) in font ec-lmr10!
Missing character: There is no 流 (U+6D41) in font ec-lmr10!
Missing character: There is no し (U+3057) in font ec-lmr10!
Missing character: There is no 込 (U+8FBC) in font ec-lmr10!
Missing character: There is no む (U+3080) in font ec-lmr10!
Missing character: There is no だ (U+3060) in font ec-lmr10!
Missing character: There is no け (U+3051) in font ec-lmr10!
Missing character: There is no 。 (U+3002) in font ec-lmr10!
Missing character: There is no た (U+305F) in font ec-lmr10!
Missing character: There is no だ (U+3060) in font ec-lmr10!
Missing character: There is no 、 (U+3001) in font ec-lmr10!
Missing character: There is no が (U+304C) in font ec-lmr10!
Missing character: There is no で (U+3067) in font ec-lmr10!
Missing character: There is no 落 (U+843D) in font ec-lmr10!
Missing character: There is no ち (U+3061) in font ec-lmr10!
Missing character: There is no て (U+3066) in font ec-lmr10!
Missing character: There is no し (U+3057) in font ec-lmr10!
Missing character: There is no ま (U+307E) in font ec-lmr10!
Missing character: There is no っ (U+3063) in font ec-lmr10!
Missing character: There is no て (U+3066) in font ec-lmr10!
Missing character: There is no い (U+3044) in font ec-lmr10!
Missing character: There is no る (U+308B) in font ec-lmr10!
Missing character: There is no 。 (U+3002) in font ec-lmr10!
Missing character: There is no た (U+305F) in font ec-lmr10!
Missing character: There is no だ (U+3060) in font ec-lmr10!
Missing character: There is no 、 (U+3001) in font ec-lmr10!
Missing character: There is no が (U+304C) in font ec-lmr10!
Missing character: There is no で (U+3067) in font ec-lmr10!
Missing character: There is no 落 (U+843D) in font ec-lmr10!
Missing character: There is no ち (U+3061) in font ec-lmr10!
Missing character: There is no て (U+3066) in font ec-lmr10!
Missing character: There is no し (U+3057) in font ec-lmr10!
Missing character: There is no ま (U+307E) in font ec-lmr10!
Missing character: There is no っ (U+3063) in font ec-lmr10!
Missing character: There is no て (U+3066) in font ec-lmr10!
Missing character: There is no い (U+3044) in font ec-lmr10!
Missing character: There is no る (U+308B) in font ec-lmr10!
Missing character: There is no 。 (U+3002) in font ec-lmr10!
Missing character: There is no 最 (U+6700) in font ec-lmbx10!
Missing character: There is no 後 (U+5F8C) in font ec-lmbx10!
Missing character: There is no に (U+306B) in font ec-lmbx10!
Missing character: There is no 前 (U+524D) in font ec-lmbx10!
Missing character: There is no 回 (U+56DE) in font ec-lmbx10!
Missing character: There is no の (U+306E) in font ec-lmbx10!
Missing character: There is no 宿 (U+5BBF) in font ec-lmbx10!
Missing character: There is no 題 (U+984C) in font ec-lmbx10!
Missing character: There is no 最 (U+6700) in font ec-lmbx10!
Missing character: There is no 後 (U+5F8C) in font ec-lmbx10!
Missing character: There is no に (U+306B) in font ec-lmbx10!
Missing character: There is no 前 (U+524D) in font ec-lmbx10!
Missing character: There is no 回 (U+56DE) in font ec-lmbx10!
Missing character: There is no の (U+306E) in font ec-lmbx10!
Missing character: There is no 宿 (U+5BBF) in font ec-lmbx10!
Missing character: There is no 題 (U+984C) in font ec-lmbx10!
Missing character: There is no 耐 (U+8010) in font ec-lmr10!
Missing character: There is no 久 (U+4E45) in font ec-lmr10!
Missing character: There is no テ (U+30C6) in font ec-lmr10!
Missing character: There is no ス (U+30B9) in font ec-lmr10!
Missing character: There is no ト (U+30C8) in font ec-lmr10!
Missing character: There is no と (U+3068) in font ec-lmr10!
Missing character: There is no し (U+3057) in font ec-lmr10!
Missing character: There is no て (U+3066) in font ec-lmr10!
Missing character: There is no は (U+306F) in font ec-lmr10!
Missing character: There is no 、 (U+3001) in font ec-lmr10!
Missing character: There is no 届 (U+5C4A) in font ec-lmr10!
Missing character: There is no い (U+3044) in font ec-lmr10!
Missing character: There is no て (U+3066) in font ec-lmr10!
Missing character: There is no か (U+304B) in font ec-lmr10!
Missing character: There is no ら (U+3089) in font ec-lmr10!
Missing character: There is no （ (U+FF08) in font ec-lmr10!
Missing character: There is no 今 (U+4ECA) in font ec-lmr10!
Missing character: There is no 週 (U+9031) in font ec-lmr10!
Missing character: There is no 月 (U+6708) in font ec-lmr10!
Missing character: There is no 曜 (U+66DC) in font ec-lmr10!
Missing character: There is no 日 (U+65E5) in font ec-lmr10!
Missing character: There is no ） (U+FF09) in font ec-lmr10!
Missing character: There is no カ (U+30AB) in font ec-lmr10!
Missing character: There is no ー (U+30FC) in font ec-lmr10!
Missing character: There is no ネ (U+30CD) in font ec-lmr10!
Missing character: There is no ル (U+30EB) in font ec-lmr10!
Missing character: There is no を (U+3092) in font ec-lmr10!
Missing character: There is no 変 (U+5909) in font ec-lmr10!
Missing character: There is no 更 (U+66F4) in font ec-lmr10!
Missing character: There is no し (U+3057) in font ec-lmr10!
Missing character: There is no た (U+305F) in font ec-lmr10!
Missing character: There is no り (U+308A) in font ec-lmr10!
Missing character: There is no し (U+3057) in font ec-lmr10!
Missing character: There is no て (U+3066) in font ec-lmr10!
Missing character: There is no い (U+3044) in font ec-lmr10!
Missing character: There is no た (U+305F) in font ec-lmr10!
Missing character: There is no の (U+306E) in font ec-lmr10!
Missing character: There is no で (U+3067) in font ec-lmr10!
Missing character: There is no 実 (U+5B9F) in font ec-lmr10!
Missing character: There is no 質 (U+8CEA) in font ec-lmr10!
Missing character: There is no 日 (U+65E5) in font ec-lmr10!
Missing character: There is no 間 (U+9593) in font ec-lmr10!
Missing character: There is no く (U+304F) in font ec-lmr10!
Missing character: There is no ら (U+3089) in font ec-lmr10!
Missing character: There is no い (U+3044) in font ec-lmr10!
Missing character: There is no の (U+306E) in font ec-lmr10!
Missing character: There is no 稼 (U+7A3C) in font ec-lmr10!
Missing character: There is no 働 (U+50CD) in font ec-lmr10!
Missing character: There is no に (U+306B) in font ec-lmr10!
Missing character: There is no な (U+306A) in font ec-lmr10!
Missing character: There is no る (U+308B) in font ec-lmr10!
Missing character: There is no け (U+3051) in font ec-lmr10!
Missing character: There is no れ (U+308C) in font ec-lmr10!
Missing character: There is no ど (U+3069) in font ec-lmr10!
Missing character: There is no 、 (U+3001) in font ec-lmr10!
Missing character: There is no い (U+3044) in font ec-lmr10!
Missing character: There is no ま (U+307E) in font ec-lmr10!
Missing character: There is no の (U+306E) in font ec-lmr10!
Missing character: There is no と (U+3068) in font ec-lmr10!
Missing character: There is no こ (U+3053) in font ec-lmr10!
Missing character: There is no ろ (U+308D) in font ec-lmr10!
Missing character: There is no 全 (U+5168) in font ec-lmr10!
Missing character: There is no く (U+304F) in font ec-lmr10!
Missing character: There is no 問 (U+554F) in font ec-lmr10!
Missing character: There is no 題 (U+984C) in font ec-lmr10!
Missing character: There is no な (U+306A) in font ec-lmr10!
Missing character: There is no い (U+3044) in font ec-lmr10!
Missing character: There is no 。 (U+3002) in font ec-lmr10!
Missing character: There is no 熱 (U+71B1) in font ec-lmr10!
Missing character: There is no 暴 (U+66B4) in font ec-lmr10!
Missing character: There is no 走 (U+8D70) in font ec-lmr10!
Missing character: There is no は (U+306F) in font ec-lmr10!
Missing character: There is no ま (U+307E) in font ec-lmr10!
Missing character: There is no だ (U+3060) in font ec-lmr10!
Missing character: There is no 起 (U+8D77) in font ec-lmr10!
Missing character: There is no き (U+304D) in font ec-lmr10!
Missing character: There is no て (U+3066) in font ec-lmr10!
Missing character: There is no い (U+3044) in font ec-lmr10!
Missing character: There is no な (U+306A) in font ec-lmr10!
Missing character: There is no い (U+3044) in font ec-lmr10!
Missing character: There is no も (U+3082) in font ec-lmr10!
Missing character: There is no の (U+306E) in font ec-lmr10!
Missing character: There is no の (U+306E) in font ec-lmr10!
Missing character: There is no 、 (U+3001) in font ec-lmr10!
Missing character: There is no ス (U+30B9) in font ec-lmr10!
Missing character: There is no テ (U+30C6) in font ec-lmr10!
Missing character: There is no ィ (U+30A3) in font ec-lmr10!
Missing character: There is no ッ (U+30C3) in font ec-lmr10!
Missing character: There is no ク (U+30AF) in font ec-lmr10!
Missing character: There is no の (U+306E) in font ec-lmr10!
Missing character: There is no ほ (U+307B) in font ec-lmr10!
Missing character: There is no う (U+3046) in font ec-lmr10!
Missing character: There is no が (U+304C) in font ec-lmr10!
Missing character: There is no 熱 (U+71B1) in font ec-lmr10!
Missing character: There is no く (U+304F) in font ec-lmr10!
Missing character: There is no な (U+306A) in font ec-lmr10!
Missing character: There is no っ (U+3063) in font ec-lmr10!
Missing character: There is no て (U+3066) in font ec-lmr10!
Missing character: There is no い (U+3044) in font ec-lmr10!
Missing character: There is no る (U+308B) in font ec-lmr10!
Missing character: There is no 感 (U+611F) in font ec-lmr10!
Missing character: There is no じ (U+3058) in font ec-lmr10!
Missing character: There is no が (U+304C) in font ec-lmr10!
Missing character: There is no す (U+3059) in font ec-lmr10!
Missing character: There is no る (U+308B) in font ec-lmr10!
Missing character: There is no 。 (U+3002) in font ec-lmr10!
Missing character: There is no 耐 (U+8010) in font ec-lmr10!
Missing character: There is no 久 (U+4E45) in font ec-lmr10!
Missing character: There is no テ (U+30C6) in font ec-lmr10!
Missing character: There is no ス (U+30B9) in font ec-lmr10!
Missing character: There is no ト (U+30C8) in font ec-lmr10!
Missing character: There is no と (U+3068) in font ec-lmr10!
Missing character: There is no し (U+3057) in font ec-lmr10!
Missing character: There is no て (U+3066) in font ec-lmr10!
Missing character: There is no は (U+306F) in font ec-lmr10!
Missing character: There is no 、 (U+3001) in font ec-lmr10!
Missing character: There is no 届 (U+5C4A) in font ec-lmr10!
Missing character: There is no い (U+3044) in font ec-lmr10!
Missing character: There is no て (U+3066) in font ec-lmr10!
Missing character: There is no か (U+304B) in font ec-lmr10!
Missing character: There is no ら (U+3089) in font ec-lmr10!
Missing character: There is no （ (U+FF08) in font ec-lmr10!
Missing character: There is no 今 (U+4ECA) in font ec-lmr10!
Missing character: There is no 週 (U+9031) in font ec-lmr10!
Missing character: There is no 月 (U+6708) in font ec-lmr10!
Missing character: There is no 曜 (U+66DC) in font ec-lmr10!
Missing character: There is no 日 (U+65E5) in font ec-lmr10!
Missing character: There is no ） (U+FF09) in font ec-lmr10!
Missing character: There is no カ (U+30AB) in font ec-lmr10!
Missing character: There is no ー (U+30FC) in font ec-lmr10!
Missing character: There is no ネ (U+30CD) in font ec-lmr10!
Missing character: There is no ル (U+30EB) in font ec-lmr10!
Missing character: There is no を (U+3092) in font ec-lmr10!
Missing character: There is no 変 (U+5909) in font ec-lmr10!
Missing character: There is no 更 (U+66F4) in font ec-lmr10!
Missing character: There is no し (U+3057) in font ec-lmr10!
Missing character: There is no た (U+305F) in font ec-lmr10!
Missing character: There is no り (U+308A) in font ec-lmr10!
Missing character: There is no し (U+3057) in font ec-lmr10!
Missing character: There is no て (U+3066) in font ec-lmr10!
Missing character: There is no い (U+3044) in font ec-lmr10!
Missing character: There is no た (U+305F) in font ec-lmr10!
Missing character: There is no の (U+306E) in font ec-lmr10!
Missing character: There is no で (U+3067) in font ec-lmr10!
Missing character: There is no 実 (U+5B9F) in font ec-lmr10!
Missing character: There is no 質 (U+8CEA) in font ec-lmr10!
Missing character: There is no 日 (U+65E5) in font ec-lmr10!
Missing character: There is no 間 (U+9593) in font ec-lmr10!
Missing character: There is no く (U+304F) in font ec-lmr10!
Missing character: There is no ら (U+3089) in font ec-lmr10!
Missing character: There is no い (U+3044) in font ec-lmr10!
Missing character: There is no の (U+306E) in font ec-lmr10!
Missing character: There is no 稼 (U+7A3C) in font ec-lmr10!
Missing character: There is no 働 (U+50CD) in font ec-lmr10!
Missing character: There is no に (U+306B) in font ec-lmr10!
Missing character: There is no な (U+306A) in font ec-lmr10!
Missing character: There is no る (U+308B) in font ec-lmr10!
Missing character: There is no け (U+3051) in font ec-lmr10!
Missing character: There is no れ (U+308C) in font ec-lmr10!
Missing character: There is no ど (U+3069) in font ec-lmr10!
Missing character: There is no 、 (U+3001) in font ec-lmr10!
Missing character: There is no い (U+3044) in font ec-lmr10!
Missing character: There is no ま (U+307E) in font ec-lmr10!
Missing character: There is no の (U+306E) in font ec-lmr10!
Missing character: There is no と (U+3068) in font ec-lmr10!
Missing character: There is no こ (U+3053) in font ec-lmr10!
Missing character: There is no ろ (U+308D) in font ec-lmr10!
Missing character: There is no 全 (U+5168) in font ec-lmr10!
Missing character: There is no く (U+304F) in font ec-lmr10!
Missing character: There is no 問 (U+554F) in font ec-lmr10!
Missing character: There is no 題 (U+984C) in font ec-lmr10!
Missing character: There is no な (U+306A) in font ec-lmr10!
Missing character: There is no い (U+3044) in font ec-lmr10!
Missing character: There is no 。 (U+3002) in font ec-lmr10!
Missing character: There is no 熱 (U+71B1) in font ec-lmr10!
Missing character: There is no 暴 (U+66B4) in font ec-lmr10!
Missing character: There is no 走 (U+8D70) in font ec-lmr10!
Missing character: There is no は (U+306F) in font ec-lmr10!
Missing character: There is no ま (U+307E) in font ec-lmr10!
Missing character: There is no だ (U+3060) in font ec-lmr10!
Missing character: There is no 起 (U+8D77) in font ec-lmr10!
Missing character: There is no き (U+304D) in font ec-lmr10!
Missing character: There is no て (U+3066) in font ec-lmr10!
Missing character: There is no い (U+3044) in font ec-lmr10!
Missing character: There is no な (U+306A) in font ec-lmr10!
Missing character: There is no い (U+3044) in font ec-lmr10!
Missing character: There is no も (U+3082) in font ec-lmr10!
Missing character: There is no の (U+306E) in font ec-lmr10!
Missing character: There is no の (U+306E) in font ec-lmr10!
Missing character: There is no 、 (U+3001) in font ec-lmr10!
Missing character: There is no ス (U+30B9) in font ec-lmr10!
Missing character: There is no テ (U+30C6) in font ec-lmr10!
Missing character: There is no ィ (U+30A3) in font ec-lmr10!
Missing character: There is no ッ (U+30C3) in font ec-lmr10!
Missing character: There is no ク (U+30AF) in font ec-lmr10!
Missing character: There is no の (U+306E) in font ec-lmr10!
Missing character: There is no ほ (U+307B) in font ec-lmr10!
Missing character: There is no う (U+3046) in font ec-lmr10!
Missing character: There is no が (U+304C) in font ec-lmr10!
Missing character: There is no 熱 (U+71B1) in font ec-lmr10!
Missing character: There is no く (U+304F) in font ec-lmr10!
Missing character: There is no な (U+306A) in font ec-lmr10!
Missing character: There is no っ (U+3063) in font ec-lmr10!
Missing character: There is no て (U+3066) in font ec-lmr10!
Missing character: There is no い (U+3044) in font ec-lmr10!
Missing character: There is no る (U+308B) in font ec-lmr10!
Missing character: There is no 感 (U+611F) in font ec-lmr10!
Missing character: There is no じ (U+3058) in font ec-lmr10!
Missing character: There is no が (U+304C) in font ec-lmr10!
Missing character: There is no す (U+3059) in font ec-lmr10!
Missing character: There is no る (U+308B) in font ec-lmr10!
Missing character: There is no 。 (U+3002) in font ec-lmr10!
Missing character: There is no 本 (U+672C) in font ec-lmr10!
Missing character: There is no 体 (U+4F53) in font ec-lmr10!
Missing character: There is no の (U+306E) in font ec-lmr10!
Missing character: There is no 発 (U+767A) in font ec-lmr10!
Missing character: There is no 熱 (U+71B1) in font ec-lmr10!
Missing character: There is no に (U+306B) in font ec-lmr10!
Missing character: There is no つ (U+3064) in font ec-lmr10!
Missing character: There is no い (U+3044) in font ec-lmr10!
Missing character: There is no て (U+3066) in font ec-lmr10!
Missing character: There is no は (U+306F) in font ec-lmr10!
Missing character: There is no 、 (U+3001) in font ec-lmr10!
Missing character: There is no 某 (U+67D0) in font ec-lmr10!
Missing character: There is no 掲 (U+63B2) in font ec-lmr10!
Missing character: There is no 示 (U+793A) in font ec-lmr10!
Missing character: There is no 板 (U+677F) in font ec-lmr10!
Missing character: There is no で (U+3067) in font ec-lmr10!
Missing character: There is no 騒 (U+9A12) in font ec-lmr10!
Missing character: There is no が (U+304C) in font ec-lmr10!
Missing character: There is no れ (U+308C) in font ec-lmr10!
Missing character: There is no て (U+3066) in font ec-lmr10!
Missing character: There is no い (U+3044) in font ec-lmr10!
Missing character: There is no る (U+308B) in font ec-lmr10!
Missing character: There is no ほ (U+307B) in font ec-lmr10!
Missing character: There is no ど (U+3069) in font ec-lmr10!
Missing character: There is no ひ (U+3072) in font ec-lmr10!
Missing character: There is no ど (U+3069) in font ec-lmr10!
Missing character: There is no く (U+304F) in font ec-lmr10!
Missing character: There is no は (U+306F) in font ec-lmr10!
Missing character: There is no な (U+306A) in font ec-lmr10!
Missing character: There is no い (U+3044) in font ec-lmr10!
Missing character: There is no 。 (U+3002) in font ec-lmr10!
Missing character: There is no 話 (U+8A71) in font ec-lmr10!
Missing character: There is no 題 (U+984C) in font ec-lmr10!
Missing character: There is no に (U+306B) in font ec-lmr10!
Missing character: There is no な (U+306A) in font ec-lmr10!
Missing character: There is no っ (U+3063) in font ec-lmr10!
Missing character: There is no て (U+3066) in font ec-lmr10!
Missing character: There is no い (U+3044) in font ec-lmr10!
Missing character: There is no る (U+308B) in font ec-lmr10!
Missing character: There is no の (U+306E) in font ec-lmr10!
Missing character: There is no は (U+306F) in font ec-lmr10!
Missing character: There is no （ (U+FF08) in font ec-lmr10!
Missing character: There is no の (U+306E) in font ec-lmr10!
Missing character: There is no ほ (U+307B) in font ec-lmr10!
Missing character: There is no う (U+3046) in font ec-lmr10!
Missing character: There is no ） (U+FF09) in font ec-lmr10!
Missing character: There is no だ (U+3060) in font ec-lmr10!
Missing character: There is no け (U+3051) in font ec-lmr10!
Missing character: There is no の (U+306E) in font ec-lmr10!
Missing character: There is no よ (U+3088) in font ec-lmr10!
Missing character: There is no う (U+3046) in font ec-lmr10!
Missing character: There is no だ (U+3060) in font ec-lmr10!
Missing character: There is no 。 (U+3002) in font ec-lmr10!
Missing character: There is no 本 (U+672C) in font ec-lmr10!
Missing character: There is no 体 (U+4F53) in font ec-lmr10!
Missing character: There is no の (U+306E) in font ec-lmr10!
Missing character: There is no 発 (U+767A) in font ec-lmr10!
Missing character: There is no 熱 (U+71B1) in font ec-lmr10!
Missing character: There is no に (U+306B) in font ec-lmr10!
Missing character: There is no つ (U+3064) in font ec-lmr10!
Missing character: There is no い (U+3044) in font ec-lmr10!
Missing character: There is no て (U+3066) in font ec-lmr10!
Missing character: There is no は (U+306F) in font ec-lmr10!
Missing character: There is no 、 (U+3001) in font ec-lmr10!
Missing character: There is no 某 (U+67D0) in font ec-lmr10!
Missing character: There is no 掲 (U+63B2) in font ec-lmr10!
Missing character: There is no 示 (U+793A) in font ec-lmr10!
Missing character: There is no 板 (U+677F) in font ec-lmr10!
Missing character: There is no で (U+3067) in font ec-lmr10!
Missing character: There is no 騒 (U+9A12) in font ec-lmr10!
Missing character: There is no が (U+304C) in font ec-lmr10!
Missing character: There is no れ (U+308C) in font ec-lmr10!
Missing character: There is no て (U+3066) in font ec-lmr10!
Missing character: There is no い (U+3044) in font ec-lmr10!
Missing character: There is no る (U+308B) in font ec-lmr10!
Missing character: There is no ほ (U+307B) in font ec-lmr10!
Missing character: There is no ど (U+3069) in font ec-lmr10!
Missing character: There is no ひ (U+3072) in font ec-lmr10!
Missing character: There is no ど (U+3069) in font ec-lmr10!
Missing character: There is no く (U+304F) in font ec-lmr10!
Missing character: There is no は (U+306F) in font ec-lmr10!
Missing character: There is no な (U+306A) in font ec-lmr10!
Missing character: There is no い (U+3044) in font ec-lmr10!
Missing character: There is no 。 (U+3002) in font ec-lmr10!
Missing character: There is no 話 (U+8A71) in font ec-lmr10!
Missing character: There is no 題 (U+984C) in font ec-lmr10!
Missing character: There is no に (U+306B) in font ec-lmr10!
Missing character: There is no な (U+306A) in font ec-lmr10!
Missing character: There is no っ (U+3063) in font ec-lmr10!
Missing character: There is no て (U+3066) in font ec-lmr10!
Missing character: There is no い (U+3044) in font ec-lmr10!
Missing character: There is no る (U+308B) in font ec-lmr10!
Missing character: There is no の (U+306E) in font ec-lmr10!
Missing character: There is no は (U+306F) in font ec-lmr10!
Missing character: There is no （ (U+FF08) in font ec-lmr10!
Missing character: There is no の (U+306E) in font ec-lmr10!
Missing character: There is no ほ (U+307B) in font ec-lmr10!
Missing character: There is no う (U+3046) in font ec-lmr10!
Missing character: There is no ） (U+FF09) in font ec-lmr10!
Missing character: There is no だ (U+3060) in font ec-lmr10!
Missing character: There is no け (U+3051) in font ec-lmr10!
Missing character: There is no の (U+306E) in font ec-lmr10!
Missing character: There is no よ (U+3088) in font ec-lmr10!
Missing character: There is no う (U+3046) in font ec-lmr10!
Missing character: There is no だ (U+3060) in font ec-lmr10!
Missing character: There is no 。 (U+3002) in font ec-lmr10!
Missing character: There is no 四 (U+56DB) in font ec-lmbx12!
Missing character: There is no 季 (U+5B63) in font ec-lmbx12!
Missing character: There is no ・ (U+30FB) in font ec-lmbx12!
Missing character: There is no ユ (U+30E6) in font ec-lmbx12!
Missing character: There is no ー (U+30FC) in font ec-lmbx12!
Missing character: There is no ト (U+30C8) in font ec-lmbx12!
Missing character: There is no ピ (U+30D4) in font ec-lmbx12!
Missing character: There is no ア (U+30A2) in font ec-lmbx12!
Missing character: There is no ノ (U+30CE) in font ec-lmbx12!
Missing character: There is no 中 (U+4E2D) in font ec-lmbx12!
Missing character: There is no 尾 (U+5C3E) in font ec-lmbx12!
Missing character: There is no 幸 (U+5E78) in font ec-lmbx12!
Missing character: There is no 世 (U+4E16) in font ec-lmbx12!
Missing character: There is no さ (U+3055) in font ec-lmbx12!
Missing character: There is no ん (U+3093) in font ec-lmbx12!
Missing character: There is no 四 (U+56DB) in font ec-lmbx12!
Missing character: There is no 季 (U+5B63) in font ec-lmbx12!
Missing character: There is no ・ (U+30FB) in font ec-lmbx12!
Missing character: There is no ユ (U+30E6) in font ec-lmbx12!
Missing character: There is no ー (U+30FC) in font ec-lmbx12!
Missing character: There is no ト (U+30C8) in font ec-lmbx12!
Missing character: There is no ピ (U+30D4) in font ec-lmbx12!
Missing character: There is no ア (U+30A2) in font ec-lmbx12!
Missing character: There is no ノ (U+30CE) in font ec-lmbx12!
Missing character: There is no 中 (U+4E2D) in font ec-lmbx12!
Missing character: There is no 尾 (U+5C3E) in font ec-lmbx12!
Missing character: There is no 幸 (U+5E78) in font ec-lmbx12!
Missing character: There is no 世 (U+4E16) in font ec-lmbx12!
Missing character: There is no さ (U+3055) in font ec-lmbx12!
Missing character: There is no ん (U+3093) in font ec-lmbx12!
Missing character: There is no 「 (U+300C) in font ec-lmr10!
Missing character: There is no 四 (U+56DB) in font ec-lmr10!
Missing character: There is no 季 (U+5B63) in font ec-lmr10!
Missing character: There is no ・ (U+30FB) in font ec-lmr10!
Missing character: There is no ユ (U+30E6) in font ec-lmr10!
Missing character: There is no ー (U+30FC) in font ec-lmr10!
Missing character: There is no ト (U+30C8) in font ec-lmr10!
Missing character: There is no ピ (U+30D4) in font ec-lmr10!
Missing character: There is no ア (U+30A2) in font ec-lmr10!
Missing character: There is no ノ (U+30CE) in font ec-lmr10!
Missing character: There is no 」 (U+300D) in font ec-lmr10!
Missing character: There is no と (U+3068) in font ec-lmr10!
Missing character: There is no か (U+304B) in font ec-lmr10!
Missing character: There is no 「 (U+300C) in font ec-lmr10!
Missing character: There is no 中 (U+4E2D) in font ec-lmr10!
Missing character: There is no 尾 (U+5C3E) in font ec-lmr10!
Missing character: There is no 幸 (U+5E78) in font ec-lmr10!
Missing character: There is no 世 (U+4E16) in font ec-lmr10!
Missing character: There is no 」 (U+300D) in font ec-lmr10!
Missing character: There is no っ (U+3063) in font ec-lmr10!
Missing character: There is no て (U+3066) in font ec-lmr10!
Missing character: There is no い (U+3044) in font ec-lmr10!
Missing character: There is no う (U+3046) in font ec-lmr10!
Missing character: There is no 女 (U+5973) in font ec-lmr10!
Missing character: There is no 優 (U+512A) in font ec-lmr10!
Missing character: There is no （ (U+FF08) in font ec-lmr10!
Missing character: There is no 朗 (U+6717) in font ec-lmr10!
Missing character: There is no 読 (U+8AAD) in font ec-lmr10!
Missing character: There is no 家 (U+5BB6) in font ec-lmr10!
Missing character: There is no ） (U+FF09) in font ec-lmr10!
Missing character: There is no 、 (U+3001) in font ec-lmr10!
Missing character: There is no 知 (U+77E5) in font ec-lmr10!
Missing character: There is no っ (U+3063) in font ec-lmr10!
Missing character: There is no て (U+3066) in font ec-lmr10!
Missing character: There is no る (U+308B) in font ec-lmr10!
Missing character: There is no 人 (U+4EBA) in font ec-lmr10!
Missing character: There is no は (U+306F) in font ec-lmr10!
Missing character: There is no ど (U+3069) in font ec-lmr10!
Missing character: There is no れ (U+308C) in font ec-lmr10!
Missing character: There is no く (U+304F) in font ec-lmr10!
Missing character: There is no ら (U+3089) in font ec-lmr10!
Missing character: There is no い (U+3044) in font ec-lmr10!
Missing character: There is no い (U+3044) in font ec-lmr10!
Missing character: There is no る (U+308B) in font ec-lmr10!
Missing character: There is no だ (U+3060) in font ec-lmr10!
Missing character: There is no ろ (U+308D) in font ec-lmr10!
Missing character: There is no う (U+3046) in font ec-lmr10!
Missing character: There is no 。 (U+3002) in font ec-lmr10!
Missing character: There is no 「 (U+300C) in font ec-lmr10!
Missing character: There is no 四 (U+56DB) in font ec-lmr10!
Missing character: There is no 季 (U+5B63) in font ec-lmr10!
Missing character: There is no ・ (U+30FB) in font ec-lmr10!
Missing character: There is no ユ (U+30E6) in font ec-lmr10!
Missing character: There is no ー (U+30FC) in font ec-lmr10!
Missing character: There is no ト (U+30C8) in font ec-lmr10!
Missing character: There is no ピ (U+30D4) in font ec-lmr10!
Missing character: There is no ア (U+30A2) in font ec-lmr10!
Missing character: There is no ノ (U+30CE) in font ec-lmr10!
Missing character: There is no 」 (U+300D) in font ec-lmr10!
Missing character: There is no と (U+3068) in font ec-lmr10!
Missing character: There is no か (U+304B) in font ec-lmr10!
Missing character: There is no 「 (U+300C) in font ec-lmr10!
Missing character: There is no 中 (U+4E2D) in font ec-lmr10!
Missing character: There is no 尾 (U+5C3E) in font ec-lmr10!
Missing character: There is no 幸 (U+5E78) in font ec-lmr10!
Missing character: There is no 世 (U+4E16) in font ec-lmr10!
Missing character: There is no 」 (U+300D) in font ec-lmr10!
Missing character: There is no っ (U+3063) in font ec-lmr10!
Missing character: There is no て (U+3066) in font ec-lmr10!
Missing character: There is no い (U+3044) in font ec-lmr10!
Missing character: There is no う (U+3046) in font ec-lmr10!
Missing character: There is no 女 (U+5973) in font ec-lmr10!
Missing character: There is no 優 (U+512A) in font ec-lmr10!
Missing character: There is no （ (U+FF08) in font ec-lmr10!
Missing character: There is no 朗 (U+6717) in font ec-lmr10!
Missing character: There is no 読 (U+8AAD) in font ec-lmr10!
Missing character: There is no 家 (U+5BB6) in font ec-lmr10!
Missing character: There is no ） (U+FF09) in font ec-lmr10!
Missing character: There is no 、 (U+3001) in font ec-lmr10!
Missing character: There is no 知 (U+77E5) in font ec-lmr10!
Missing character: There is no っ (U+3063) in font ec-lmr10!
Missing character: There is no て (U+3066) in font ec-lmr10!
Missing character: There is no る (U+308B) in font ec-lmr10!
Missing character: There is no 人 (U+4EBA) in font ec-lmr10!
Missing character: There is no は (U+306F) in font ec-lmr10!
Missing character: There is no ど (U+3069) in font ec-lmr10!
Missing character: There is no れ (U+308C) in font ec-lmr10!
Missing character: There is no く (U+304F) in font ec-lmr10!
Missing character: There is no ら (U+3089) in font ec-lmr10!
Missing character: There is no い (U+3044) in font ec-lmr10!
Missing character: There is no い (U+3044) in font ec-lmr10!
Missing character: There is no る (U+308B) in font ec-lmr10!
Missing character: There is no だ (U+3060) in font ec-lmr10!
Missing character: There is no ろ (U+308D) in font ec-lmr10!
Missing character: There is no う (U+3046) in font ec-lmr10!
Missing character: There is no 。 (U+3002) in font ec-lmr10!
Missing character: There is no 先 (U+5148) in font ec-lmr10!
Missing character: There is no 週 (U+9031) in font ec-lmr10!
Missing character: There is no の (U+306E) in font ec-lmr10!
Missing character: There is no 金 (U+91D1) in font ec-lmr10!
Missing character: There is no 曜 (U+66DC) in font ec-lmr10!
Missing character: There is no 日 (U+65E5) in font ec-lmr10!
Missing character: There is no （ (U+FF08) in font ec-lmr10!
Missing character: There is no ） (U+FF09) in font ec-lmr10!
Missing character: There is no 、 (U+3001) in font ec-lmr10!
Missing character: There is no 歳 (U+6B73) in font ec-lmr10!
Missing character: There is no の (U+306E) in font ec-lmr10!
Missing character: There is no 誕 (U+8A95) in font ec-lmr10!
Missing character: There is no 生 (U+751F) in font ec-lmr10!
Missing character: There is no 日 (U+65E5) in font ec-lmr10!
Missing character: There is no を (U+3092) in font ec-lmr10!
Missing character: There is no 自 (U+81EA) in font ec-lmr10!
Missing character: There is no 分 (U+5206) in font ec-lmr10!
Missing character: There is no な (U+306A) in font ec-lmr10!
Missing character: There is no り (U+308A) in font ec-lmr10!
Missing character: There is no に (U+306B) in font ec-lmr10!
Missing character: There is no 祝 (U+795D) in font ec-lmr10!
Missing character: There is no お (U+304A) in font ec-lmr10!
Missing character: There is no う (U+3046) in font ec-lmr10!
Missing character: There is no と (U+3068) in font ec-lmr10!
Missing character: There is no 思 (U+601D) in font ec-lmr10!
Missing character: There is no っ (U+3063) in font ec-lmr10!
Missing character: There is no て (U+3066) in font ec-lmr10!
Missing character: There is no 、 (U+3001) in font ec-lmr10!
Missing character: There is no 渋 (U+6E0B) in font ec-lmr10!
Missing character: There is no 谷 (U+8C37) in font ec-lmr10!
Missing character: There is no の (U+306E) in font ec-lmr10!
Missing character: There is no ユ (U+30E6) in font ec-lmr10!
Missing character: There is no ー (U+30FC) in font ec-lmr10!
Missing character: There is no ロ (U+30ED) in font ec-lmr10!
Missing character: There is no ス (U+30B9) in font ec-lmr10!
Missing character: There is no ペ (U+30DA) in font ec-lmr10!
Missing character: There is no ー (U+30FC) in font ec-lmr10!
Missing character: There is no ス (U+30B9) in font ec-lmr10!
Missing character: There is no で (U+3067) in font ec-lmr10!
Missing character: There is no や (U+3084) in font ec-lmr10!
Missing character: There is no っ (U+3063) in font ec-lmr10!
Missing character: There is no て (U+3066) in font ec-lmr10!
Missing character: There is no い (U+3044) in font ec-lmr10!
Missing character: There is no た (U+305F) in font ec-lmr10!
Missing character: There is no 上 (U+4E0A) in font ec-lmr10!
Missing character: There is no 映 (U+6620) in font ec-lmr10!
Missing character: There is no 会 (U+4F1A) in font ec-lmr10!
Missing character: There is no 「 (U+300C) in font ec-lmr10!
Missing character: There is no 佐 (U+4F50) in font ec-lmr10!
Missing character: There is no 々 (U+3005) in font ec-lmr10!
Missing character: There is no 木 (U+6728) in font ec-lmr10!
Missing character: There is no 昭 (U+662D) in font ec-lmr10!
Missing character: There is no 一 (U+4E00) in font ec-lmr10!
Missing character: There is no 郎 (U+90CE) in font ec-lmr10!
Missing character: There is no と (U+3068) in font ec-lmr10!
Missing character: There is no い (U+3044) in font ec-lmr10!
Missing character: There is no う (U+3046) in font ec-lmr10!
Missing character: There is no ジ (U+30B8) in font ec-lmr10!
Missing character: There is no ャ (U+30E3) in font ec-lmr10!
Missing character: There is no ン (U+30F3) in font ec-lmr10!
Missing character: There is no ル (U+30EB) in font ec-lmr10!
Missing character: There is no 」 (U+300D) in font ec-lmr10!
Missing character: There is no の (U+306E) in font ec-lmr10!
Missing character: There is no 最 (U+6700) in font ec-lmr10!
Missing character: There is no 終 (U+7D42) in font ec-lmr10!
Missing character: There is no 日 (U+65E5) in font ec-lmr10!
Missing character: There is no に (U+306B) in font ec-lmr10!
Missing character: There is no 足 (U+8DB3) in font ec-lmr10!
Missing character: There is no を (U+3092) in font ec-lmr10!
Missing character: There is no 運 (U+904B) in font ec-lmr10!
Missing character: There is no ん (U+3093) in font ec-lmr10!
Missing character: There is no だ (U+3060) in font ec-lmr10!
Missing character: There is no 。 (U+3002) in font ec-lmr10!
Missing character: There is no 中 (U+4E2D) in font ec-lmr10!
Missing character: There is no 尾 (U+5C3E) in font ec-lmr10!
Missing character: There is no 幸 (U+5E78) in font ec-lmr10!
Missing character: There is no 世 (U+4E16) in font ec-lmr10!
Missing character: There is no さ (U+3055) in font ec-lmr10!
Missing character: There is no ん (U+3093) in font ec-lmr10!
Missing character: There is no の (U+306E) in font ec-lmr10!
Missing character: There is no ト (U+30C8) in font ec-lmr10!
Missing character: There is no ー (U+30FC) in font ec-lmr10!
Missing character: There is no ク (U+30AF) in font ec-lmr10!
Missing character: There is no も (U+3082) in font ec-lmr10!
Missing character: There is no あ (U+3042) in font ec-lmr10!
Missing character: There is no る (U+308B) in font ec-lmr10!
Missing character: There is no ら (U+3089) in font ec-lmr10!
Missing character: There is no し (U+3057) in font ec-lmr10!
Missing character: There is no い (U+3044) in font ec-lmr10!
Missing character: There is no と (U+3068) in font ec-lmr10!
Missing character: There is no 聞 (U+805E) in font ec-lmr10!
Missing character: There is no い (U+3044) in font ec-lmr10!
Missing character: There is no て (U+3066) in font ec-lmr10!
Missing character: There is no い (U+3044) in font ec-lmr10!
Missing character: There is no た (U+305F) in font ec-lmr10!
Missing character: There is no の (U+306E) in font ec-lmr10!
Missing character: There is no で (U+3067) in font ec-lmr10!
Missing character: There is no 、 (U+3001) in font ec-lmr10!
Missing character: There is no 前 (U+524D) in font ec-lmr10!
Missing character: There is no 売 (U+58F2) in font ec-lmr10!
Missing character: There is no 券 (U+5238) in font ec-lmr10!
Missing character: There is no は (U+306F) in font ec-lmr10!
Missing character: There is no 早 (U+65E9) in font ec-lmr10!
Missing character: There is no め (U+3081) in font ec-lmr10!
Missing character: There is no に (U+306B) in font ec-lmr10!
Missing character: There is no 確 (U+78BA) in font ec-lmr10!
Missing character: There is no 保 (U+4FDD) in font ec-lmr10!
Missing character: There is no し (U+3057) in font ec-lmr10!
Missing character: There is no て (U+3066) in font ec-lmr10!
Missing character: There is no お (U+304A) in font ec-lmr10!
Missing character: There is no い (U+3044) in font ec-lmr10!
Missing character: There is no た (U+305F) in font ec-lmr10!
Missing character: There is no 。 (U+3002) in font ec-lmr10!
Missing character: There is no お (U+304A) in font ec-lmr10!
Missing character: There is no か (U+304B) in font ec-lmr10!
Missing character: There is no げ (U+3052) in font ec-lmr10!
Missing character: There is no で (U+3067) in font ec-lmr10!
Missing character: There is no 満 (U+6E80) in font ec-lmr10!
Missing character: There is no 員 (U+54E1) in font ec-lmr10!
Missing character: There is no の (U+306E) in font ec-lmr10!
Missing character: There is no ユ (U+30E6) in font ec-lmr10!
Missing character: There is no ー (U+30FC) in font ec-lmr10!
Missing character: There is no ロ (U+30ED) in font ec-lmr10!
Missing character: There is no ス (U+30B9) in font ec-lmr10!
Missing character: There is no ペ (U+30DA) in font ec-lmr10!
Missing character: There is no ー (U+30FC) in font ec-lmr10!
Missing character: There is no ス (U+30B9) in font ec-lmr10!
Missing character: There is no で (U+3067) in font ec-lmr10!
Missing character: There is no も (U+3082) in font ec-lmr10!
Missing character: There is no い (U+3044) in font ec-lmr10!
Missing character: There is no い (U+3044) in font ec-lmr10!
Missing character: There is no 席 (U+5E2D) in font ec-lmr10!
Missing character: There is no に (U+306B) in font ec-lmr10!
Missing character: There is no 座 (U+5EA7) in font ec-lmr10!
Missing character: There is no れ (U+308C) in font ec-lmr10!
Missing character: There is no て (U+3066) in font ec-lmr10!
Missing character: There is no 、 (U+3001) in font ec-lmr10!
Missing character: There is no 「 (U+300C) in font ec-lmr10!
Missing character: There is no 四 (U+56DB) in font ec-lmr10!
Missing character: There is no 季 (U+5B63) in font ec-lmr10!
Missing character: There is no ・ (U+30FB) in font ec-lmr10!
Missing character: There is no ユ (U+30E6) in font ec-lmr10!
Missing character: There is no ー (U+30FC) in font ec-lmr10!
Missing character: There is no ト (U+30C8) in font ec-lmr10!
Missing character: There is no ピ (U+30D4) in font ec-lmr10!
Missing character: There is no ア (U+30A2) in font ec-lmr10!
Missing character: There is no ノ (U+30CE) in font ec-lmr10!
Missing character: There is no 」 (U+300D) in font ec-lmr10!
Missing character: There is no を (U+3092) in font ec-lmr10!
Missing character: There is no 懐 (U+61D0) in font ec-lmr10!
Missing character: There is no か (U+304B) in font ec-lmr10!
Missing character: There is no し (U+3057) in font ec-lmr10!
Missing character: There is no い (U+3044) in font ec-lmr10!
Missing character: There is no 気 (U+6C17) in font ec-lmr10!
Missing character: There is no 持 (U+6301) in font ec-lmr10!
Missing character: There is no ち (U+3061) in font ec-lmr10!
Missing character: There is no で (U+3067) in font ec-lmr10!
Missing character: There is no 観 (U+89B3) in font ec-lmr10!
Missing character: There is no る (U+308B) in font ec-lmr10!
Missing character: There is no こ (U+3053) in font ec-lmr10!
Missing character: There is no と (U+3068) in font ec-lmr10!
Missing character: There is no が (U+304C) in font ec-lmr10!
Missing character: There is no で (U+3067) in font ec-lmr10!
Missing character: There is no き (U+304D) in font ec-lmr10!
Missing character: There is no た (U+305F) in font ec-lmr10!
Missing character: There is no 。 (U+3002) in font ec-lmr10!
Missing character: There is no 先 (U+5148) in font ec-lmr10!
Missing character: There is no 週 (U+9031) in font ec-lmr10!
Missing character: There is no の (U+306E) in font ec-lmr10!
Missing character: There is no 金 (U+91D1) in font ec-lmr10!
Missing character: There is no 曜 (U+66DC) in font ec-lmr10!
Missing character: There is no 日 (U+65E5) in font ec-lmr10!
Missing character: There is no （ (U+FF08) in font ec-lmr10!
Missing character: There is no ） (U+FF09) in font ec-lmr10!
Missing character: There is no 、 (U+3001) in font ec-lmr10!
Missing character: There is no 歳 (U+6B73) in font ec-lmr10!
Missing character: There is no の (U+306E) in font ec-lmr10!
Missing character: There is no 誕 (U+8A95) in font ec-lmr10!
Missing character: There is no 生 (U+751F) in font ec-lmr10!
Missing character: There is no 日 (U+65E5) in font ec-lmr10!
Missing character: There is no を (U+3092) in font ec-lmr10!
Missing character: There is no 自 (U+81EA) in font ec-lmr10!
Missing character: There is no 分 (U+5206) in font ec-lmr10!
Missing character: There is no な (U+306A) in font ec-lmr10!
Missing character: There is no り (U+308A) in font ec-lmr10!
Missing character: There is no に (U+306B) in font ec-lmr10!
Missing character: There is no 祝 (U+795D) in font ec-lmr10!
Missing character: There is no お (U+304A) in font ec-lmr10!
Missing character: There is no う (U+3046) in font ec-lmr10!
Missing character: There is no と (U+3068) in font ec-lmr10!
Missing character: There is no 思 (U+601D) in font ec-lmr10!
Missing character: There is no っ (U+3063) in font ec-lmr10!
Missing character: There is no て (U+3066) in font ec-lmr10!
Missing character: There is no 、 (U+3001) in font ec-lmr10!
Missing character: There is no 渋 (U+6E0B) in font ec-lmr10!
Missing character: There is no 谷 (U+8C37) in font ec-lmr10!
Missing character: There is no の (U+306E) in font ec-lmr10!
Missing character: There is no ユ (U+30E6) in font ec-lmr10!
Missing character: There is no ー (U+30FC) in font ec-lmr10!
Missing character: There is no ロ (U+30ED) in font ec-lmr10!
Missing character: There is no ス (U+30B9) in font ec-lmr10!
Missing character: There is no ペ (U+30DA) in font ec-lmr10!
Missing character: There is no ー (U+30FC) in font ec-lmr10!
Missing character: There is no ス (U+30B9) in font ec-lmr10!
Missing character: There is no で (U+3067) in font ec-lmr10!
Missing character: There is no や (U+3084) in font ec-lmr10!
Missing character: There is no っ (U+3063) in font ec-lmr10!
Missing character: There is no て (U+3066) in font ec-lmr10!
Missing character: There is no い (U+3044) in font ec-lmr10!
Missing character: There is no た (U+305F) in font ec-lmr10!
Missing character: There is no 上 (U+4E0A) in font ec-lmr10!
Missing character: There is no 映 (U+6620) in font ec-lmr10!
Missing character: There is no 会 (U+4F1A) in font ec-lmr10!
Missing character: There is no 「 (U+300C) in font ec-lmr10!
Missing character: There is no 佐 (U+4F50) in font ec-lmr10!
Missing character: There is no 々 (U+3005) in font ec-lmr10!
Missing character: There is no 木 (U+6728) in font ec-lmr10!
Missing character: There is no 昭 (U+662D) in font ec-lmr10!
Missing character: There is no 一 (U+4E00) in font ec-lmr10!
Missing character: There is no 郎 (U+90CE) in font ec-lmr10!
Missing character: There is no と (U+3068) in font ec-lmr10!
Missing character: There is no い (U+3044) in font ec-lmr10!
Missing character: There is no う (U+3046) in font ec-lmr10!
Missing character: There is no ジ (U+30B8) in font ec-lmr10!
Missing character: There is no ャ (U+30E3) in font ec-lmr10!
Missing character: There is no ン (U+30F3) in font ec-lmr10!
Missing character: There is no ル (U+30EB) in font ec-lmr10!
Missing character: There is no 」 (U+300D) in font ec-lmr10!
Missing character: There is no の (U+306E) in font ec-lmr10!
Missing character: There is no 最 (U+6700) in font ec-lmr10!
Missing character: There is no 終 (U+7D42) in font ec-lmr10!
Missing character: There is no 日 (U+65E5) in font ec-lmr10!
Missing character: There is no に (U+306B) in font ec-lmr10!
Missing character: There is no 足 (U+8DB3) in font ec-lmr10!
Missing character: There is no を (U+3092) in font ec-lmr10!
Missing character: There is no 運 (U+904B) in font ec-lmr10!
Missing character: There is no ん (U+3093) in font ec-lmr10!
Missing character: There is no だ (U+3060) in font ec-lmr10!
Missing character: There is no 。 (U+3002) in font ec-lmr10!
Missing character: There is no 中 (U+4E2D) in font ec-lmr10!
Missing character: There is no 尾 (U+5C3E) in font ec-lmr10!
Missing character: There is no 幸 (U+5E78) in font ec-lmr10!
Missing character: There is no 世 (U+4E16) in font ec-lmr10!
Missing character: There is no さ (U+3055) in font ec-lmr10!
Missing character: There is no ん (U+3093) in font ec-lmr10!
Missing character: There is no の (U+306E) in font ec-lmr10!
Missing character: There is no ト (U+30C8) in font ec-lmr10!
Missing character: There is no ー (U+30FC) in font ec-lmr10!
Missing character: There is no ク (U+30AF) in font ec-lmr10!
Missing character: There is no も (U+3082) in font ec-lmr10!
Missing character: There is no あ (U+3042) in font ec-lmr10!
Missing character: There is no る (U+308B) in font ec-lmr10!
Missing character: There is no ら (U+3089) in font ec-lmr10!
Missing character: There is no し (U+3057) in font ec-lmr10!
Missing character: There is no い (U+3044) in font ec-lmr10!
Missing character: There is no と (U+3068) in font ec-lmr10!
Missing character: There is no 聞 (U+805E) in font ec-lmr10!
Missing character: There is no い (U+3044) in font ec-lmr10!
Missing character: There is no て (U+3066) in font ec-lmr10!
Missing character: There is no い (U+3044) in font ec-lmr10!
Missing character: There is no た (U+305F) in font ec-lmr10!
Missing character: There is no の (U+306E) in font ec-lmr10!
Missing character: There is no で (U+3067) in font ec-lmr10!
Missing character: There is no 、 (U+3001) in font ec-lmr10!
Missing character: There is no 前 (U+524D) in font ec-lmr10!
Missing character: There is no 売 (U+58F2) in font ec-lmr10!
Missing character: There is no 券 (U+5238) in font ec-lmr10!
Missing character: There is no は (U+306F) in font ec-lmr10!
Missing character: There is no 早 (U+65E9) in font ec-lmr10!
Missing character: There is no め (U+3081) in font ec-lmr10!
Missing character: There is no に (U+306B) in font ec-lmr10!
Missing character: There is no 確 (U+78BA) in font ec-lmr10!
Missing character: There is no 保 (U+4FDD) in font ec-lmr10!
Missing character: There is no し (U+3057) in font ec-lmr10!
Missing character: There is no て (U+3066) in font ec-lmr10!
Missing character: There is no お (U+304A) in font ec-lmr10!
Missing character: There is no い (U+3044) in font ec-lmr10!
Missing character: There is no た (U+305F) in font ec-lmr10!
Missing character: There is no 。 (U+3002) in font ec-lmr10!
Missing character: There is no お (U+304A) in font ec-lmr10!
Missing character: There is no か (U+304B) in font ec-lmr10!
Missing character: There is no げ (U+3052) in font ec-lmr10!
Missing character: There is no で (U+3067) in font ec-lmr10!
Missing character: There is no 満 (U+6E80) in font ec-lmr10!
Missing character: There is no 員 (U+54E1) in font ec-lmr10!
Missing character: There is no の (U+306E) in font ec-lmr10!
Missing character: There is no ユ (U+30E6) in font ec-lmr10!
Missing character: There is no ー (U+30FC) in font ec-lmr10!
Missing character: There is no ロ (U+30ED) in font ec-lmr10!
Missing character: There is no ス (U+30B9) in font ec-lmr10!
Missing character: There is no ペ (U+30DA) in font ec-lmr10!
Missing character: There is no ー (U+30FC) in font ec-lmr10!
Missing character: There is no ス (U+30B9) in font ec-lmr10!
Missing character: There is no で (U+3067) in font ec-lmr10!
Missing character: There is no も (U+3082) in font ec-lmr10!
Missing character: There is no い (U+3044) in font ec-lmr10!
Missing character: There is no い (U+3044) in font ec-lmr10!
Missing character: There is no 席 (U+5E2D) in font ec-lmr10!
Missing character: There is no に (U+306B) in font ec-lmr10!
Missing character: There is no 座 (U+5EA7) in font ec-lmr10!
Missing character: There is no れ (U+308C) in font ec-lmr10!
Missing character: There is no て (U+3066) in font ec-lmr10!
Missing character: There is no 、 (U+3001) in font ec-lmr10!
Missing character: There is no 「 (U+300C) in font ec-lmr10!
Missing character: There is no 四 (U+56DB) in font ec-lmr10!
Missing character: There is no 季 (U+5B63) in font ec-lmr10!
Missing character: There is no ・ (U+30FB) in font ec-lmr10!
Missing character: There is no ユ (U+30E6) in font ec-lmr10!
Missing character: There is no ー (U+30FC) in font ec-lmr10!
Missing character: There is no ト (U+30C8) in font ec-lmr10!
Missing character: There is no ピ (U+30D4) in font ec-lmr10!
Missing character: There is no ア (U+30A2) in font ec-lmr10!
Missing character: There is no ノ (U+30CE) in font ec-lmr10!
Missing character: There is no 」 (U+300D) in font ec-lmr10!
Missing character: There is no を (U+3092) in font ec-lmr10!
Missing character: There is no 懐 (U+61D0) in font ec-lmr10!
Missing character: There is no か (U+304B) in font ec-lmr10!
Missing character: There is no し (U+3057) in font ec-lmr10!
Missing character: There is no い (U+3044) in font ec-lmr10!
Missing character: There is no 気 (U+6C17) in font ec-lmr10!
Missing character: There is no 持 (U+6301) in font ec-lmr10!
Missing character: There is no ち (U+3061) in font ec-lmr10!
Missing character: There is no で (U+3067) in font ec-lmr10!
Missing character: There is no 観 (U+89B3) in font ec-lmr10!
Missing character: There is no る (U+308B) in font ec-lmr10!
Missing character: There is no こ (U+3053) in font ec-lmr10!
Missing character: There is no と (U+3068) in font ec-lmr10!
Missing character: There is no が (U+304C) in font ec-lmr10!
Missing character: There is no で (U+3067) in font ec-lmr10!
Missing character: There is no き (U+304D) in font ec-lmr10!
Missing character: There is no た (U+305F) in font ec-lmr10!
Missing character: There is no 。 (U+3002) in font ec-lmr10!

LaTeX Warning: File `20100730266.jpg' not found on input line 592.


! Package luatex.def Error: File `20100730266.jpg' not found: using draft setti
ng.

See the luatex.def package documentation for explanation.
Type  H <return>  for immediate help.
 ...                                              
                                                  
l.592 ...hics[width=.9\linewidth]{20100730266.jpg}
                                                  

Here is how much of LuaTeX's memory you used:
 10753 strings out of 475704
 125036,794899 words of node,token memory allocated
 14606 words of node memory still in use:
   74 hlist, 1 vlist, 2 rule, 44 disc, 28 local_par, 1 dir, 2 math, 303 glue, 30
 kern, 78 penalty, 1367 glyph, 151 attribute, 70 glue_spec, 151 attribute_list, 
1 temp, 7 if_stack, 18 write, 1 pdf_start_link, 1 pdf_end_link, 6 pdf_dest, 2 pd
f_action nodes
   avail lists: 2:95,3:794,4:4,5:211,6:51,7:3229,8:67,9:197,10:3,11:138
 33324 multiletter control sequences out of 65536+600000
 60 fonts using 3764879 bytes
 71i,6n,75p,651b,583s stack positions out of 10000i,1000n,20000p,200000b,200000s
!  ==> Fatal error occurred, no output PDF file produced!
